iso3,year,gdp_per_capita,population,unemployment
ABW,1990,12187.5363611898,62753.0,
ABW,1995,16548.7173868987,79805.0,
ABW,2000,20681.0230269625,90588.0,
ABW,2005,24171.8371325422,97635.0,
ABW,2010,24093.1401510626,101838.0,
ABW,2015,27458.2201537506,107906.0,
ABW,2020,22759.8071750722,108587.0,
AFE,1990,822.402998906313,311748681.0,
AFE,1995,766.522931015445,356580375.0,7.77389399169686
AFE,2000,706.727260967009,406156661.0,7.66876829683374
AFE,2005,1126.2973233912,463076637.0,7.10041371887931
AFE,2010,1628.90524793139,530308387.0,7.33948885318777
AFE,2015,1498.8752400759,607123269.0,6.9309412585873
AFE,2020,1351.59166910879,694446100.0,7.97430164130982
AFE,2025,,,7.53923442390472
AFG,1990,,12045660.0,
AFG,1995,,17065836.0,7.868
AFG,2000,174.930991430166,20130327.0,7.897
AFG,2005,254.184249149336,24404567.0,7.878
AFG,2010,560.621505463146,28284089.0,7.809
AFG,2015,565.569730408751,33831764.0,9.032
AFG,2020,510.787063366811,39068979.0,11.71
AFG,2025,,,13.351
AFW,1990,593.024667183284,209566031.0,
AFW,1995,866.731606283751,239801875.0,4.39276887843604
AFW,2000,518.969226054683,274968446.0,4.53084348194886
AFW,2005,999.770023047319,316588476.0,4.09646467682858
AFW,2010,1662.63365844147,364358270.0,3.98952016701337
AFW,2015,1860.72768628324,418127845.0,4.17014290578818
AFW,2020,2030.86165860293,474569351.0,4.79531801163781
AFW,2025,,,3.19055229252225
AGO,1990,965.866840464665,11626360.0,
AGO,1995,404.29481849612,13699778.0,16.978
AGO,2000,563.733795571487,16194869.0,16.646
AGO,2005,2145.88621096327,19291161.0,16.295
AGO,2010,4101.63715566712,23294825.0,16.595
AGO,2015,3641.72893919944,28157798.0,16.472
AGO,2020,1759.35619918264,33451132.0,16.696
AGO,2025,,,14.108
ALB,1990,617.230435515505,3286542.0,
ALB,1995,911.320465445326,3187784.0,14.607
ALB,2000,1160.42047054038,3089027.0,19.023
ALB,2005,2741.72136549578,3011487.0,15.966
ALB,2010,4149.14469936847,2913021.0,14.086
ALB,2015,4199.53912925398,2731293.0,17.193
ALB,2020,6027.91350716348,2528480.0,11.639
ALB,2025,,,10.926
AND,1990,19563.6574722488,52597.0,
AND,1995,18443.2545197741,63912.0,
AND,2000,21810.2503808666,65685.0,
AND,2005,40829.8116399538,77421.0,
AND,2010,42746.830391567,80706.0,
AND,2015,38654.95287916,72174.0,
AND,2020,37361.1070081615,77380.0,
ARB,1990,2875.1308363764,223184294.0,
ARB,1995,2080.99829425308,253952538.0,13.5049205239265
ARB,2000,2664.12520122649,286548096.0,12.6227231888262
ARB,2005,3750.69825886818,322628451.0,11.2344112966755
ARB,2010,5944.95217290432,363568534.0,9.57178825247491
ARB,2015,6290.55879501691,410190679.0,11.1524464292006
ARB,2020,5739.41283580539,453723239.0,11.2951503646669
ARB,2025,,,9.22073083160848
ARE,1990,26709.993440327,1898220.0,
ARE,1995,27003.2006807782,2434662.0,1.8
ARE,2000,29865.502347066,3493575.0,2.25
ARE,2005,38719.3138307623,4664790.0,3.12
ARE,2010,44795.2949302268,6869838.0,2.798
ARE,2015,44910.334995523,8505237.0,1.793
ARE,2020,37991.7492971665,9401038.0,4.294
ARE,2025,,,2.174
ARG,1990,4315.33403111588,32755901.0,
ARG,1995,7357.6162773788,35070020.0,18.8
ARG,2000,7637.01489203628,37213984.0,15.0
ARG,2005,5067.65342293276,39216789.0,11.506
ARG,2010,10260.1313108254,41288694.0,7.714
ARG,2015,13679.6264980954,43477012.0,7.577
ARG,2020,8535.59938004389,45191965.0,11.461
ARG,2025,,,7.145
ARM,1990,635.355327502517,3552128.0,
ARM,1995,443.924860857976,3307581.0,6.7
ARM,2000,593.450581742282,3221100.0,11.107
ARM,2005,1557.48458908655,3146400.0,10.584
ARM,2010,3041.34450723339,3044800.0,19.523
ARM,2015,3512.39350276709,3004600.0,18.261
ARM,2020,4268.68093304583,2961500.0,18.175
ARM,2025,,,12.871
ASM,1990,,46640.0,
ASM,1995,,52316.0,
ASM,2000,,56855.0,
ASM,2005,8831.26975996609,56617.0,
ASM,2010,10375.1720141957,55228.0,
ASM,2015,12727.4102651386,52878.0,
ASM,2020,14489.2586563775,49761.0,
ATG,1990,7590.75442423046,63066.0,
ATG,1995,9034.47552907143,68189.0,
ATG,2000,12027.4949768222,74912.0,
ATG,2005,14368.5708796058,79611.0,
ATG,2010,15217.3950790922,85320.0,
ATG,2015,16077.6340769406,89409.0,
ATG,2020,15369.6082250401,91846.0,
AUS,1990,18273.561526468,17065128.0,
AUS,1995,20479.1748274233,18004882.0,8.473
AUS,2000,21908.9968019784,19028802.0,6.288
AUS,2005,34535.20727091,20176844.0,5.036
AUS,2010,52313.8939041213,22031750.0,5.214
AUS,2015,56970.3613028094,23815995.0,6.055
AUS,2020,51983.4523666382,25649248.0,6.394
AUS,2025,,,4.09
AUT,1990,21596.068219998,7677850.0,
AUT,1995,30207.0674314652,7948278.0,4.345
AUT,2000,24487.2974685956,8011566.0,4.687
AUT,2005,38157.37022862,8227829.0,5.682
AUT,2010,46611.1393420232,8363404.0,4.883
AUT,2015,43915.228020857,8642699.0,5.802
AUT,2020,48716.4098900349,8916864.0,5.201
AUT,2025,,,5.582
AZE,1990,1238.27189274842,7175200.0,
AZE,1995,314.55801908334,7684850.0,7.2
AZE,2000,655.097249579917,8048600.0,11.78
AZE,2005,1578.36733030667,8391850.0,7.26
AZE,2010,5843.5337683582,9054332.0,5.63
AZE,2015,5500.50364628486,9649341.0,4.96
AZE,2020,4229.91064904503,10093121.0,7.24
AZE,2025,,,5.457
BDI,1990,202.629446176297,5587052.0,
BDI,1995,164.915311679326,6066316.0,3.095
BDI,2000,134.537861752389,6470194.0,3.137
BDI,2005,147.234619294225,7587299.0,3.162
BDI,2010,216.727705301976,9376444.0,1.615
BDI,2015,254.402585226788,11047580.0,1.449
BDI,2020,255.8324539389,12617036.0,1.03
BDI,2025,,,0.922
BEL,1990,20600.3752789827,9967379.0,
BEL,1995,28413.8264387368,10136811.0,9.337
BEL,2000,23098.8865077401,10251250.0,6.586
BEL,2005,36809.7013403619,10478617.0,8.44
BEL,2010,44197.393671162,10895586.0,8.293
BEL,2015,40893.804537772,11274196.0,8.482
BEL,2020,45906.2875805246,11538604.0,5.545
BEL,2025,,,5.906
BEN,1990,371.101604332357,5281479.0,
BEN,1995,348.435238914394,6226773.0,1.305
BEN,2000,487.424141384242,7221619.0,0.864
BEN,2005,779.437777753268,8426144.0,0.859
BEN,2010,973.244254931526,9797484.0,1.04
BEN,2015,1002.41886879614,11360681.0,1.886
BEN,2020,1200.19426557789,13070169.0,1.518
BEN,2025,,,1.589
BFA,1990,338.593759055128,9159356.0,
BFA,1995,229.092294496817,10386722.0,2.532
BFA,2000,248.908526921752,11925546.0,2.687
BFA,2005,441.164148016012,13932123.0,4.0
BFA,2010,624.957252224766,16176498.0,3.725
BFA,2015,630.124750752312,18777487.0,4.472
BFA,2020,825.237038782475,21478690.0,4.59
BFA,2025,,,3.477
BGD,1990,283.053737055234,111633717.0,
BGD,1995,309.458680823367,122600370.0,2.441
BGD,2000,396.670730249751,134544304.0,3.27
BGD,2005,480.08585075452,144715786.0,4.25
BGD,2010,757.385280361508,152201981.0,3.379
BGD,2015,1224.38647668165,159383179.0,4.397
BGD,2020,2248.85078828233,166298024.0,5.539
BGD,2025,,,3.778
BGR,1990,2366.52982128614,8718289.0,
BGR,1995,2259.25922555221,8406067.0,11.1
BGR,2000,1621.26210738992,8170172.0,16.218
BGR,2005,3899.82596332878,7658972.0,10.083
BGR,2010,6853.94805511171,7395599.0,10.279
BGR,2015,7268.65445473873,6984225.0,9.143
BGR,2020,10760.211975413,6550696.0,5.037
BGR,2025,,,3.536
BHR,1990,9342.53891401688,514797.0,
BHR,1995,11900.9317778335,558879.0,1.044
BHR,2000,14214.4836839343,637582.0,1.081
BHR,2005,17966.1657837625,888822.0,1.021
BHR,2010,21819.3291098099,1228543.0,1.13
BHR,2015,23734.0551143019,1370322.0,1.164
BHR,2020,24342.8444554718,1472204.0,1.765
BHR,2025,,,1.102
BHS,1990,11473.3008389353,275945.0,
BHS,1995,11374.6056703852,301461.0,10.83
BHS,2000,24940.0775086078,323835.0,7.118
BHS,2005,28602.4181869995,343894.0,10.2
BHS,2010,27473.100430502,367478.0,14.435
BHS,2015,30719.405417469,385346.0,12.0
BHS,2020,26178.7537607708,395863.0,12.016
BHS,2025,,,9.207
BIH,1990,1742.88262171767,4448652.0,
BIH,1995,502.365980975339,3715564.0,20.944
BIH,2000,1338.48059636261,4159771.0,25.446
BIH,2005,2739.61076866057,4096493.0,30.218
BIH,2010,4506.47828548389,3811472.0,27.312
BIH,2015,4662.25869219448,3518541.0,27.695
BIH,2020,6130.31187968266,3299349.0,15.868
BIH,2025,,,11.037
BLR,1990,1706.64091882343,10189348.0,
BLR,1995,1370.69991385664,10193831.0,17.7
BLR,2000,1276.2880341,9979610.0,12.193
BLR,2005,3126.07176665248,9663915.0,8.759
BLR,2010,6034.67885177216,9483836.0,6.052
BLR,2015,5967.05595058777,9461076.0,5.881
BLR,2020,6542.85579976768,9379952.0,4.049
BLR,2025,,,3.38
BLZ,1990,2986.46962075029,183076.0,
BLZ,1995,4009.82752539849,204146.0,12.48
BLZ,2000,4726.50675459616,240799.0,10.841
BLZ,2005,5270.41479135312,279731.0,10.91
BLZ,2010,5461.40735999001,320245.0,8.412
BLZ,2015,6154.62264230369,356333.0,7.578
BLZ,2020,5238.54078175696,390812.0,10.763
BLZ,2025,,,8.856
BMU,1990,27665.525808301,57559.0,
BMU,1995,34115.3445553204,59526.0,
BMU,2000,56542.9569455727,61550.0,
BMU,2005,77628.103522508,62711.0,
BMU,2010,104111.824244802,63725.0,
BMU,2015,104855.366822135,63464.0,
BMU,2020,106976.546239632,64382.0,
BOL,1990,682.67681029538,7130142.0,
BOL,1995,852.754034861444,7874676.0,2.664
BOL,2000,975.777060358751,8606326.0,2.439
BOL,2005,1020.12326200737,9360754.0,2.598
BOL,2010,1929.78373077158,10182345.0,2.609
BOL,2015,2996.01289811344,11014705.0,3.111
BOL,2020,3580.96761778303,11816299.0,7.903
BOL,2025,,,2.967
BRA,1990,2619.80141064047,149143223.0,
BRA,1995,4756.75013552302,161735073.0,7.092
BRA,2000,3766.54786339835,174018282.0,10.889
BRA,2005,4827.78165890291,184688101.0,10.551
BRA,2010,11403.2840038694,193701929.0,8.42
BRA,2015,8936.1955889444,201675532.0,8.538
BRA,2020,7074.19407495707,208660842.0,13.697
BRA,2025,,,5.97
BRB,1990,7781.40573306125,258582.0,
BRB,1995,8460.47380869104,262039.0,19.66
BRB,2000,11674.6736471764,262063.0,9.35
BRB,2005,14214.4202213572,268706.0,9.08
BRB,2010,20610.5150721363,275243.0,10.69
BRB,2015,20424.2087530019,278990.0,9.803
BRB,2020,19194.4919736739,281698.0,10.586
BRB,2025,,,6.524
BRN,1990,23658.7166330381,255292.0,
BRN,1995,26443.2564746713,291195.0,5.066
BRN,2000,20130.2572346624,326424.0,5.53
BRN,2005,29386.2703822862,358916.0,5.973
BRN,2010,34937.5555357155,392332.0,6.487
BRN,2015,30625.1287744656,422212.0,7.703
BRN,2020,26834.3592233943,447404.0,7.409
BRN,2025,,,5.277
BTN,1990,488.327431477129,589287.0,
BTN,1995,530.103676927417,547989.0,1.4
BTN,2000,771.924911410619,596863.0,1.655
BTN,2005,1299.94938578359,661865.0,3.1
BTN,2010,2435.5798056672,701632.0,3.32
BTN,2015,2954.04081911097,740618.0,2.45
BTN,2020,3191.66906999331,770006.0,5.03
BTN,2025,,,3.227
BWA,1990,2903.15381562611,1305696.0,
BWA,1995,3156.18194514079,1498836.0,21.394
BWA,2000,3450.81180622992,1677382.0,15.88
BWA,2005,5391.07076619634,1839877.0,19.852
BWA,2010,6215.73216077919,2033111.0,17.86
BWA,2015,6141.20394726616,2203273.0,18.915
BWA,2020,6323.2974967659,2365894.0,21.017
BWA,2025,,,24.477
CAF,1990,501.656200636394,2871910.0,
CAF,1995,333.145863233895,3348052.0,5.871
CAF,2000,239.154133726071,3833416.0,5.722
CAF,2005,311.950023138687,4288810.0,5.691
CAF,2010,476.873786950728,4492995.0,5.658
CAF,2015,366.322853938121,4629320.0,5.775
CAF,2020,462.879071294011,5026628.0,6.519
CAF,2025,,,6.251
CAN,1990,21525.8611387148,27691138.0,
CAN,1995,20679.634792669,29302311.0,9.489
CAN,2000,24271.0020563821,30685730.0,6.829
CAN,2005,36383.6600068095,32242732.0,6.758
CAN,2010,47560.6666009406,34005902.0,8.178
CAN,2015,43594.1941045394,35704498.0,6.945
CAN,2020,43537.839298904,38028638.0,9.657
CAN,2025,,,6.907
CEB,1990,2457.17454927702,110743128.0,
CEB,1995,3593.18352287584,109864246.0,11.0167295576433
CEB,2000,3959.62494896645,108447824.0,12.1493697321005
CEB,2005,8352.50713208298,106041911.0,12.0311529429654
CEB,2010,12635.7541209869,104421447.0,9.92718738959061
CEB,2015,12596.8862547468,102973167.0,7.81260796234007
CEB,2020,16581.3526115028,101215763.0,4.3496421220328
CEB,2025,,,4.14452082089943
CHE,1990,39574.5398083788,6715519.0,
CHE,1995,50113.8321221345,7040687.0,3.094
CHE,2000,38865.021939688,7184250.0,2.658
CHE,2005,56242.8933645639,7437115.0,4.437
CHE,2010,76531.3729407691,7824909.0,4.808
CHE,2015,83806.4476003837,8282396.0,4.801
CHE,2020,85897.7843338323,8638167.0,4.817
CHE,2025,,,4.873
CHI,1990,,143087.0,
CHI,1995,,145247.0,6.974
CHI,2000,43479.1940767689,148110.0,5.351
CHI,2005,57647.1188908006,153126.0,5.833
CHI,2010,56123.4597963451,158621.0,7.024
CHI,2015,61847.8212238857,163454.0,7.928
CHI,2020,56785.9402005039,166235.0,6.633
CHI,2025,,,6.169
CHL,1990,2487.76829657299,13437176.0,
CHL,1995,5081.4682771561,14527381.0,4.7
CHL,2000,5052.99245766325,15503635.0,10.491
CHL,2005,7480.32330998636,16348778.0,9.34
CHL,2010,12632.8704724192,17181464.0,8.547
CHL,2015,13433.9202987032,18047625.0,6.605
CHL,2020,13114.815470545,19370624.0,10.934
CHL,2025,,,8.974
CHN,1990,318.50335359039,1135185000.0,
CHN,1995,612.680277898627,1204855000.0,3.0
CHN,2000,969.199513696287,1262645000.0,3.26
CHN,2005,1777.64496828464,1303720000.0,4.52
CHN,2010,4629.24551710077,1337705000.0,4.53
CHN,2015,8175.33285077393,1379860000.0,4.65
CHN,2020,10627.4637989619,1411100000.0,5.0
CHN,2025,,,4.615
CIV,1990,885.647842214928,12189778.0,
CIV,1995,740.4730999133,14855565.0,4.1
CIV,2000,936.636541348798,17699004.0,4.835
CIV,2005,1197.74616979415,20068458.0,6.023
CIV,2010,1553.54887048143,22488065.0,6.607
CIV,2015,1814.71855088017,25246342.0,2.573
CIV,2020,2179.72934832935,28915449.0,2.588
CIV,2025,,,2.323
CMR,1990,1086.71700937081,11331821.0,
CMR,1995,832.006674487689,13058516.0,8.598
CMR,2000,708.565731625965,14912631.0,7.533
CMR,2005,1142.62466252106,17074594.0,4.4
CMR,2010,1398.58702025047,19668066.0,4.11
CMR,2015,1415.00009710569,22763414.0,3.518
CMR,2020,1555.60370660749,26210558.0,3.881
CMR,2025,,,3.602
COD,1990,254.872656292509,36684063.0,
COD,1995,127.008078734668,44433704.0,3.285
COD,2000,377.925421481395,50507442.0,3.245
COD,2005,214.539740473519,58775724.0,2.948
COD,2010,352.400398754692,68563038.0,4.098
COD,2015,495.826633014883,81035531.0,4.441
COD,2020,486.425572682256,95989998.0,5.355
COD,2025,,,4.434
COG,1990,1175.66709098428,2380560.0,
COG,1995,769.606794842829,2749461.0,20.226
COG,2000,1024.30159109181,3151345.0,19.872
COG,2005,1799.05158366154,3696393.0,19.796
COG,2010,2946.55798067708,4462290.0,19.3
COG,2015,2439.35189403696,5097581.0,20.02
COG,2020,1993.586671931,5752791.0,22.286
COG,2025,,,19.876
COL,1990,1474.8455285342,32440069.0,
COL,1995,2583.66576349858,35804662.0,8.72
COL,2000,2555.00751039968,39089934.0,20.52
COL,2005,3456.06610874512,42128977.0,11.062
COL,2010,6398.2958447102,44777319.0,11.153
COL,2015,6248.51490534512,46969940.0,8.572
COL,2020,5339.68711357943,50629997.0,15.983
COL,2025,,,8.29
COM,1990,903.20430581841,444596.0,
COM,1995,800.623567802959,490586.0,4.675
COM,2000,633.309032776244,536080.0,4.4
COM,2005,1105.78796866788,592677.0,4.527
COM,2010,1386.5742428453,654836.0,4.19
COM,2015,1329.37048235986,726682.0,4.031
COM,2020,1519.34665556206,802163.0,4.468
COM,2025,,,3.819
CPV,1990,817.442925539738,375428.0,
CPV,1995,1165.13832331934,418104.0,12.883
CPV,2000,1189.51479345891,453317.0,13.024
CPV,2005,2004.14680417563,485115.0,13.439
CPV,2010,3579.46006137809,509784.0,10.67
CPV,2015,3415.06266730931,512394.0,11.923
CPV,2020,3539.22661248299,514679.0,14.65
CPV,2025,,,11.939
CRI,1990,1829.6687089559,3121706.0,
CRI,1995,3275.25256447416,3535176.0,5.18
CRI,2000,3812.75388284924,3937739.0,5.08
CRI,2005,4703.00721784778,4261240.0,6.749
CRI,2010,8265.78820275582,4555962.0,7.171
CRI,2015,11714.7105980732,4818038.0,8.415
CRI,2020,12394.0493969492,5034320.0,16.432
CRI,2025,,,6.843
CSS,1990,3713.69534828331,3654949.0,
CSS,1995,4144.50619583341,3795917.0,14.6507674227641
CSS,2000,6477.26482123395,3956229.0,11.7427630641232
CSS,2005,9439.33720644986,4049468.0,9.98480572264988
CSS,2010,12711.087492863,4173335.0,8.80934904598808
CSS,2015,14497.5393236017,4314191.0,8.22453564269079
CSS,2020,11957.223222537,4459302.0,9.95181592662355
CSS,2025,,,7.55114639676154
CUB,1990,2694.31697957692,10631799.0,
CUB,1995,2785.24442954103,10925362.0,8.27
CUB,2000,2751.3817714814,11109109.0,5.45
CUB,2005,3786.33799225291,11262554.0,1.95
CUB,2010,5272.26755824835,11297409.0,2.5
CUB,2015,7727.91997207998,11275065.0,2.4
CUB,2020,9605.27914559614,11176354.0,2.233
CUB,2025,,,1.746
CUW,1990,,145400.0,
CUW,1995,,145139.0,
CUW,2000,15841.2612359949,133860.0,
CUW,2005,17032.3356620744,137658.0,
CUW,2010,19847.2310127979,148703.0,
CUW,2015,19361.8129630226,157980.0,
CUW,2020,16299.8134349902,155482.0,
CYM,1990,,25999.0,
CYM,1995,,32743.0,
CYM,2000,,39674.0,
CYM,2005,,46788.0,
CYM,2010,76837.6710064442,54099.0,
CYM,2015,76379.2098777987,61642.0,
CYM,2020,82338.7977439023,68684.0,
CYP,1990,9641.5751953125,788351.0,
CYP,1995,15261.4169921875,862695.0,2.6
CYP,2000,14388.3525390625,947667.0,4.766
CYP,2005,24959.26171875,1036151.0,5.481
CYP,2010,31105.02734375,1127816.0,6.359
CYP,2015,23088.44140625,1219502.0,15.026
CYP,2020,28130.341796875,1302247.0,7.755
CYP,2025,,,4.924
CZE,1990,3969.36733543794,10333355.0,
CZE,1995,5865.29460556726,10327253.0,4.082
CZE,2000,6062.92152842793,10255063.0,8.764
CZE,2005,13442.4916284309,10211216.0,7.927
CZE,2010,20160.4355077059,10474410.0,7.281
CZE,2015,17931.5987670768,10546059.0,5.048
CZE,2020,23472.8915454417,10697858.0,2.55
CZE,2025,,,2.825
DEU,1990,22385.6778250275,79433029.0,
DEU,1995,31747.2449398447,81678051.0,8.158
DEU,2000,23925.8559901991,82211508.0,7.917
DEU,2005,35084.4363546269,82469422.0,11.193
DEU,2010,42396.9665976293,81776930.0,7.043
DEU,2015,41929.7549110722,81686611.0,4.612
DEU,2020,47394.8734504469,83160871.0,3.881
DEU,2025,,,3.711
DJI,1990,780.497719360725,579538.0,
DJI,1995,786.201866748458,633074.0,27.303
DJI,2000,737.612183644052,747318.0,26.664
DJI,2005,844.4483573908,839167.0,26.448
DJI,2010,1213.23352553429,930251.0,26.368
DJI,2015,2376.12554719873,1020313.0,26.063
DJI,2020,2844.88810647853,1105188.0,27.701
DJI,2025,,,26.015
DMA,1990,2892.9815966454,69627.0,
DMA,1995,3951.72267086358,69469.0,
DMA,2000,4867.39896323759,68511.0,
DMA,2005,5695.22442394675,68734.0,
DMA,2010,7549.61964680375,68859.0,
DMA,2015,8282.59874702141,70410.0,
DMA,2020,7827.74842680426,67573.0,
DNK,1990,26885.6994188191,5140939.0,
DNK,1995,35321.0980773087,5233373.0,6.992
DNK,2000,30722.0251837567,5339616.0,4.476
DNK,2005,48925.8076698784,5419432.0,4.83
DNK,2010,58104.5445594981,5547683.0,7.746
DNK,2015,53094.0133607574,5683483.0,6.278
DNK,2020,60985.4885601514,5831404.0,5.644
DNK,2025,,,5.529
DOM,1990,989.163941207659,7151166.0,
DOM,1995,2109.16940728689,7888115.0,6.439
DOM,2000,2831.45883638033,8584190.0,6.432
DOM,2005,3878.31206735244,9225034.0,6.587
DOM,2010,5478.62470398954,9820175.0,5.212
DOM,2015,6800.95309395474,10434829.0,7.605
DOM,2020,7135.22273255899,11008300.0,6.126
DOM,2025,,,5.092
DZA,1990,2445.18332740258,25375810.0,
DZA,1995,1466.94806760415,28470191.0,31.84
DZA,2000,1772.92869122761,30903893.0,29.77
DZA,2005,3233.13339634212,33109249.0,15.27
DZA,2010,4912.78585503672,36188236.0,9.96
DZA,2015,4685.05902729002,40019529.0,11.206
DZA,2020,3743.5419522929,44042091.0,14.08
DZA,2025,,,11.633
EAP,1990,416.938782261111,1600739173.0,
EAP,1995,772.304602057404,1716602413.0,3.01646156806726
EAP,2000,961.301422369963,1819011507.0,3.43334970499077
EAP,2005,1653.6791360518,1898853723.0,4.49019174546575
EAP,2010,4057.86521472833,1973602166.0,4.16370037437203
EAP,2015,6589.77076427461,2056050896.0,4.12458341898818
EAP,2020,8391.27634645493,2121866294.0,4.36943697408605
EAP,2025,,,3.9178376117136
EAR,1990,936.989879630286,2044241467.0,
EAR,1995,1150.91452190581,2273692181.0,7.03393456293223
EAR,2000,1346.2395395696,2509431470.0,7.07281148454185
EAR,2005,1788.28350980842,2738846905.0,7.11332854467778
EAR,2010,2938.79859415379,2967104472.0,6.69836499671353
EAR,2015,3174.36962020929,3190318707.0,6.79324404164611
EAR,2020,3187.03781234801,3396051187.0,7.36417086549936
EAR,2025,,,5.15274599833717
EAS,1990,2642.45766205625,1817735909.0,
EAS,1995,4345.04839008217,1941185229.0,3.05225354598453
EAS,2000,4103.33628080966,2050149617.0,3.56333033432491
EAS,2005,4910.91472643792,2134573057.0,4.47463469156014
EAS,2010,7784.344658223,2214613815.0,4.22455076502669
EAS,2015,9691.70576095154,2300844269.0,4.08987694775025
EAS,2020,11639.4853357389,2369420882.0,4.29658340250273
EAS,2025,,,3.80585541446833
ECA,1990,1700.93581132748,208212866.0,
ECA,1995,1737.88574685501,215114964.0,8.5598066611286
ECA,2000,1790.77072090719,218486598.0,10.7462183942089
ECA,2005,3576.72283332319,223360135.0,9.62072328847468
ECA,2010,6019.29491137959,230106440.0,9.54059516043394
ECA,2015,6291.45594655745,240083379.0,8.9610543144391
ECA,2020,5776.19343817718,250351240.0,9.26814225066227
ECA,2025,,,6.83346297049418
ECS,1990,10494.4746850409,845290251.0,
ECS,1995,12730.8476426985,859504754.0,9.9311190228704
ECS,2000,11652.9290294061,865392479.0,9.68483091902418
ECS,2005,19227.6221679028,875563919.0,8.7318165816003
ECS,2010,23702.4750230082,890990371.0,9.11732766770857
ECS,2015,22702.8228380066,907527486.0,8.55822892785091
ECS,2020,24167.3551199699,923664467.0,7.09506699474453
ECS,2025,,,5.35763709810189
ECU,1990,1455.00748510871,10473673.0,
ECU,1995,2108.00698245316,11590514.0,4.408
ECU,2000,1382.23421759909,12689206.0,4.8
ECU,2005,2909.02606014388,13846163.0,3.779
ECU,2010,4520.30959039763,15076695.0,4.088
ECU,2015,5976.1596805651,16266225.0,3.616
ECU,2020,5463.64515348598,17546065.0,6.116
ECU,2025,,,3.308
EGY,1990,735.982935028025,58396618.0,
EGY,1995,916.326617700876,65652622.0,11.04
EGY,2000,1366.09274372613,73083284.0,8.98
EGY,2005,1105.53920713903,81101004.0,11.049
EGY,2010,2455.08194645282,89196072.0,8.757
EGY,2015,3306.98159414141,99597342.0,13.052
EGY,2020,3511.11381026379,109315124.0,7.974
EGY,2025,,,6.781
EMU,1990,18683.5116155586,316087007.0,
EMU,1995,23430.2422057728,321808185.0,11.4189986140193
EMU,2000,20039.4002655128,325789631.0,9.47321124385057
EMU,2005,31781.6618833533,333897752.0,9.15007509419852
EMU,2010,37491.6114073082,341002804.0,10.1740194070287
EMU,2015,34471.1747135027,343180482.0,10.881412988039
EMU,2020,38236.5543048506,346986142.0,7.83444210222942
EMU,2025,,,6.33138964349225
ERI,1990,,2032737.0,
ERI,1995,285.402184008331,2025267.0,5.349
ERI,2000,314.357396753501,2247031.0,5.656
ERI,2005,412.753079199423,2661215.0,5.721
ERI,2010,539.699512069686,2945186.0,5.854
ERI,2015,,3105546.0,5.751
ERI,2020,,3291271.0,6.375
ERI,2025,,,5.978
ESP,1990,13795.0159385128,38867322.0,
ESP,1995,15460.9110266653,39724050.0,22.675
ESP,2000,14743.2671031455,40567864.0,13.785
ESP,2005,26450.9530130382,43653155.0,9.146
ESP,2010,30658.7422282912,46576897.0,19.86
ESP,2015,25982.4416197775,46422303.0,22.057
ESP,2020,27233.9426461608,47359424.0,15.532
ESP,2025,,,10.376
EST,1990,,1569174.0,
EST,1995,3134.38975345407,1436634.0,9.659
EST,2000,4070.60902410208,1396985.0,13.36
EST,2005,10414.6381183565,1354775.0,8.033
EST,2010,14663.7041018705,1331475.0,16.707
EST,2015,17722.1557669523,1315407.0,6.412
EST,2020,23933.9939421065,1329522.0,6.956
EST,2025,,,8.313
ETH,1990,262.108971053707,47609755.0,
ETH,1995,136.523619088963,57537335.0,3.005
ETH,2000,122.269202606069,67411494.0,3.499
ETH,2005,158.243458082465,78367470.0,2.497
ETH,2010,330.619412798644,90538514.0,2.295
ETH,2015,597.912113218663,103867135.0,2.442
ETH,2020,829.790982547947,118917671.0,3.998
ETH,2025,,,3.323
EUU,1990,15470.4116881227,420525030.0,
EUU,1995,19470.1012385881,426210050.0,11.109236245509
EUU,2000,16976.0452668705,429339162.0,9.6992067646065
EUU,2005,27431.4991030834,435789139.0,9.63100586720302
EUU,2010,33119.5673211775,442088310.0,9.87327234610775
EUU,2015,30771.6568591261,443793218.0,10.0165353301996
EUU,2020,34694.7035869194,446870959.0,7.05471356704802
EUU,2025,,,5.92651809121259
FCS,1990,1121.80132830689,486723712.0,
FCS,1995,777.742817479696,554041514.0,5.06716615448784
FCS,2000,751.801263034453,621080692.0,5.89463669839926
FCS,2005,1079.24067613473,700820603.0,5.17767975776894
FCS,2010,2017.56741418682,791371804.0,5.13136973093564
FCS,2015,1663.16200127279,890869511.0,5.47368968838346
FCS,2020,1618.4798041022,994901090.0,6.65657957461586
FCS,2025,,,5.12087353705196
FIN,1990,28366.204276071,4986431.0,
FIN,1995,26246.2743214462,5107790.0,17.005
FIN,2000,24335.9225082659,5176209.0,11.134
FIN,2005,39049.8703780223,5246096.0,9.602
FIN,2010,46506.2919016566,5363352.0,8.394
FIN,2015,42560.3456767103,5479531.0,9.376
FIN,2020,48828.6846862799,5529543.0,7.759
FIN,2025,,,9.461
FJI,1990,1728.94076871199,773316.0,
FJI,1995,2466.74347815903,798746.0,4.651
FJI,2000,1995.72071163264,840909.0,4.697
FJI,2005,3377.69126953493,882379.0,3.886
FJI,2010,3449.14452883369,910419.0,4.345
FJI,2015,5097.53106864695,918578.0,4.288
FJI,2020,4620.6457238014,914963.0,5.054
FJI,2025,,,5.347
FRA,1990,21586.4674617483,58261012.0,
FRA,1995,26791.8151982369,59541294.0,11.834
FRA,2000,22340.5939516217,60918661.0,10.218
FRA,2005,34696.3718316971,63180854.0,8.882
FRA,2010,40694.8211697025,65026211.0,9.279
FRA,2015,36702.4323733379,66548272.0,10.354
FRA,2020,39169.8606000707,67601110.0,8.009
FRA,2025,,,7.542
FRO,1990,20125.7940710069,47740.0,
FRO,1995,20669.2052425004,43611.0,
FRO,2000,23322.7593357515,45754.0,
FRO,2005,36389.081644098,48359.0,
FRO,2010,47923.1515374991,48657.0,
FRO,2015,52637.1903526574,48899.0,
FRO,2020,62243.1905561324,52565.0,
FSM,1990,1459.04369201491,100888.0,
FSM,1995,1995.19190194111,110230.0,
FSM,2000,2049.3453246655,112044.0,
FSM,2005,2207.16844533875,111412.0,
FSM,2010,2702.61165204772,107540.0,
FSM,2015,2853.07643587028,108716.0,
FSM,2020,3362.02802120524,110916.0,
GAB,1990,6050.71468999523,983734.0,
GAB,1995,4414.8755828572,1123213.0,17.388
GAB,2000,3982.906200928,1275572.0,17.848
GAB,2005,6547.87613955186,1463495.0,16.91
GAB,2010,8356.74662013345,1719879.0,20.39
GAB,2015,7047.12654634355,2040989.0,19.943
GAB,2020,6605.80346077565,2322539.0,21.279
GAB,2025,,,20.154
GBR,1990,19095.4669984608,57247586.0,
GBR,1995,23252.6157127423,58019030.0,8.694
GBR,2000,28383.8761094996,58892514.0,5.558
GBR,2005,42240.2462987547,60401206.0,4.884
GBR,2010,39778.3220528565,62766365.0,7.973
GBR,2015,45255.3449216209,65088000.0,5.552
GBR,2020,40812.6794663879,66744000.0,4.472
GBR,2025,,,4.746
GEO,1990,1610.98027146868,4802000.0,
GEO,1995,578.336923460866,4657722.0,7.6
GEO,2000,749.908534993961,4077131.0,10.82
GEO,2005,1642.78359414797,3902469.0,13.81
GEO,2010,3281.72930937343,3786695.0,20.203
GEO,2015,4086.6223465965,3725276.0,16.506
GEO,2020,4300.85701291207,3722716.0,11.734
GEO,2025,,,12.097
GHA,1990,382.54246368354,15394648.0,
GHA,1995,371.537243033836,17399017.0,6.484
GHA,2000,253.746936203344,19637087.0,10.456
GHA,2005,478.611909191028,22449438.0,5.816
GHA,2010,1263.89251760539,25474995.0,5.384
GHA,2015,1722.77282833606,28696068.0,6.806
GHA,2020,2195.45481659987,31887809.0,3.178
GHA,2025,,,2.979
GIB,1990,,27200.0,
GIB,1995,,27377.0,
GIB,2000,,27709.0,
GIB,2005,,29163.0,
GIB,2010,,31248.0,
GIB,2015,,33193.0,
GIB,2020,,36173.0,
GIN,1990,604.304422702532,6434374.0,
GIN,1995,713.031460558683,7553249.0,4.494
GIN,2000,518.157066924026,8428832.0,4.586
GIN,2005,463.17768685098,9245844.0,4.814
GIN,2010,659.235326211315,10396086.0,5.018
GIN,2015,747.356966759448,11767070.0,5.15
GIN,2020,1053.66097696415,13371183.0,6.007
GIN,2025,,,5.163
GMB,1990,300.639895740381,1054696.0,
GMB,1995,621.681391269646,1264313.0,10.153
GMB,2000,538.054072348854,1455084.0,9.722
GMB,2005,616.483657865348,1667037.0,9.92
GMB,2010,801.033372714536,1926630.0,9.673
GMB,2015,619.536364296461,2224529.0,7.226
GMB,2020,720.335143352133,2515733.0,5.84
GMB,2025,,,6.521
GNB,1990,651.337640650994,973669.0,
GNB,1995,589.487023081945,1119949.0,3.126
GNB,2000,316.945495037639,1234741.0,3.358
GNB,2005,463.073962650452,1381585.0,3.184
GNB,2010,600.194298540768,1566347.0,3.121
GNB,2015,645.066837207039,1786457.0,3.168
GNB,2020,846.915855715971,2013255.0,2.887
GNB,2025,,,2.673
GNQ,1990,236.402188376265,474274.0,
GNQ,1995,248.314896208855,571264.0,7.16
GNQ,2000,1487.3165506701,703279.0,7.444
GNQ,2005,8673.9026086535,947367.0,7.667
GNQ,2010,13720.1658723222,1189085.0,7.847
GNQ,2015,9068.91003238645,1453923.0,7.778
GNQ,2020,5764.05502912947,1716468.0,8.625
GNQ,2025,,,8.337
GRC,1990,9466.66238502174,10196792.0,
GRC,1995,12779.081491606,10562153.0,10.116
GRC,2000,11638.2010697215,10805808.0,11.345
GRC,2005,22054.1315756886,10987314.0,10.074
GRC,2010,26653.0488008626,11121341.0,12.719
GRC,2015,17980.7298238137,10820883.0,24.981
GRC,2020,17886.733165236,10698599.0,15.899
GRC,2025,,,8.54
GRD,1990,2782.18396873619,99957.0,
GRD,1995,3294.26988339657,103869.0,
GRD,2000,4839.82811114248,107451.0,
GRD,2005,6338.56011405358,109734.0,
GRD,2010,6909.60169568597,111586.0,
GRD,2015,8694.12438005692,114676.0,
GRD,2020,8968.55890108484,116341.0,
GRL,1990,18326.9295023252,55600.0,
GRL,1995,21665.8295173116,55800.0,
GRL,2000,19009.0774407515,56185.0,
GRL,2005,32489.7277309899,56935.0,
GRL,2010,44277.1993400972,56534.0,
GRL,2015,44536.3549705377,56114.0,
GRL,2020,54812.6661771023,56367.0,
GTM,1990,847.688561830359,9024773.0,
GTM,1995,1421.06177809796,10312996.0,2.117
GTM,2000,1648.96578971559,11697592.0,2.143
GTM,2005,2046.46611650758,13087629.0,3.059
GTM,2010,2805.25960237322,14500112.0,3.497
GTM,2015,3893.50533299068,15971743.0,2.506
GTM,2020,4477.61785000665,17357325.0,2.965
GTM,2025,,,2.604
GUM,1990,,138610.0,
GUM,1995,,150054.0,7.9
GUM,2000,,160065.0,15.32
GUM,2005,25631.9776108052,164365.0,7.0
GUM,2010,29719.7967836082,166522.0,8.2
GUM,2015,35165.7014644795,164905.0,6.9
GUM,2020,36482.9363953675,162158.0,6.241
GUM,2025,,,5.569
GUY,1990,528.851095342994,749894.0,
GUY,1995,819.668541584905,758388.0,11.566
GUY,2000,931.796651718955,764832.0,11.917
GUY,2005,1084.06541388904,760914.0,11.085
GUY,2010,4581.76179693492,749256.0,11.632
GUY,2015,5640.41560569466,758781.0,13.009
GUY,2020,6775.70939096303,807481.0,15.308
GUY,2025,,,11.962
HKG,1990,13485.6314525052,5704500.0,
HKG,1995,23497.3920767477,6156100.0,3.22
HKG,2000,25756.7728723704,6665000.0,4.92
HKG,2005,26649.637724155,6813200.0,5.58
HKG,2010,32550.136489179,7024200.0,4.329
HKG,2015,42432.1619740441,7291300.0,3.314
HKG,2020,46109.2299946609,7481000.0,5.808
HKG,2025,,,2.799
HND,1990,749.818113552631,4980488.0,
HND,1995,814.049075569071,5739637.0,3.24
HND,2000,1092.56400746252,6577773.0,3.883
HND,2005,1304.70039153826,7478355.0,4.909
HND,2010,1893.32722662035,8365878.0,4.119
HND,2015,2271.20265980349,9237305.0,6.147
HND,2020,2307.61494319511,10119640.0,10.982
HND,2025,,,4.92
HPC,1990,457.468692315205,361657937.0,
HPC,1995,337.597287128306,418830100.0,4.98342281731573
HPC,2000,377.459385908018,481984327.0,5.14077341492919
HPC,2005,519.647933058567,555358929.0,4.68888744539656
HPC,2010,812.08054988398,638796398.0,4.78364031173157
HPC,2015,917.296109229182,735429414.0,4.41918817317726
HPC,2020,962.590226473892,847743308.0,5.01828149435176
HPC,2025,,,4.14029129900976
HRV,1990,5369.10978590681,4777368.0,
HRV,1995,4929.05772183424,4620030.0,10.007
HRV,2000,4953.65158789022,4468302.0,16.064
HRV,2005,10443.5278353294,4310145.0,12.598
HRV,2010,13729.7654965022,4295427.0,11.62
HRV,2015,12283.7840620053,4151725.0,16.15
HRV,2020,14807.5608543265,3914206.0,7.389
HRV,2025,,,5.002
HTI,1990,451.720249689216,6854441.0,
HTI,1995,372.006104665125,7562546.0,7.51
HTI,2000,820.600046761464,8303151.0,8.443
HTI,2005,775.845704056916,9061273.0,14.559
HTI,2010,1209.72733503094,9803294.0,15.244
HTI,2015,1411.12684746796,10523242.0,13.785
HTI,2020,1290.32538667383,11243848.0,15.573
HTI,2025,,,14.944
HUN,1990,3323.53967237633,10373988.0,
HUN,1995,4509.41740910077,10328965.0,10.168
HUN,2000,4629.91760812548,10210971.0,6.563
HUN,2005,11212.2046968994,10087065.0,7.189
HUN,2010,13189.8433874768,10000023.0,11.172
HUN,2015,12782.9412577973,9797755.0,6.813
HUN,2020,16386.9308821258,9670419.0,4.248
HUN,2025,,,4.521
IBD,1990,1055.09810400631,3455533853.0,
IBD,1995,1337.83541223494,3728290191.0,5.93858823293217
IBD,2000,1477.69257780304,3983328255.0,6.5378671665525
IBD,2005,2300.5592081511,4214082145.0,6.7433312220245
IBD,2010,4561.25191754242,4436714947.0,6.38041154792517
IBD,2015,5546.04775275527,4676773551.0,6.30417535482962
IBD,2020,6191.51088391849,4878296727.0,6.95128407575739
IBD,2025,,,4.97734579110731
IBT,1990,929.094250911922,4330689753.0,
IBT,1995,1156.75815715113,4727566480.0,5.63084309726097
IBT,2000,1251.80798458527,5116723507.0,6.13803612006999
IBT,2005,1919.70312051472,5492481030.0,6.23533050464378
IBT,2010,3715.56679095123,5876645582.0,5.89329023432406
IBT,2015,4474.43525326247,6280961830.0,5.89251378910782
IBT,2020,4923.57218418891,6666470352.0,6.61362546144519
IBT,2025,,,4.84304079329494
IDA,1990,432.610564539922,875155900.0,
IDA,1995,482.313584865841,999276289.0,4.23074966396405
IDA,2000,458.298938832863,1133395252.0,4.41870677984127
IDA,2005,664.73305755977,1278398885.0,4.15643714559074
IDA,2010,1109.84138279455,1439930635.0,4.04765745305091
IDA,2015,1350.30758062231,1604188279.0,4.42584800452486
IDA,2020,1464.52261402905,1788173625.0,5.51885638627426
IDA,2025,,,4.42787371896187
IDB,1990,529.418516423727,300366368.0,
IDB,1995,774.076600795021,345327214.0,3.69403538353833
IDB,2000,619.821306002405,394129957.0,3.82333592364451
IDB,2005,957.94448356121,447132945.0,3.2286448044491
IDB,2010,1535.29922315138,508422508.0,3.14320402026914
IDB,2015,1947.85246838642,567234056.0,4.00215322009935
IDB,2020,2008.89632662853,626440308.0,5.79415278844651
IDB,2025,,,4.42715825954522
IDN,1990,578.420121135382,183501098.0,
IDN,1995,1011.22614205568,199888057.0,4.611
IDN,2000,763.711124950924,216077790.0,6.077
IDN,2005,1238.21447629488,230871650.0,7.945
IDN,2010,3065.68348377765,246305322.0,5.614
IDN,2015,3288.22269725538,261799249.0,4.514
IDN,2020,3853.70288774146,274814866.0,4.255
IDN,2025,,,3.237
IDX,1990,384.071674996326,574789532.0,
IDX,1995,326.305726823977,653949075.0,4.50759315235961
IDX,2000,372.859415968736,739265295.0,4.73257287195726
IDX,2005,507.001767833477,831265940.0,4.65145396689018
IDX,2010,877.624039786351,931508127.0,4.54192222128241
IDX,2015,1023.43894668408,1036954223.0,4.66372876139455
IDX,2020,1170.98051516892,1161733317.0,5.36669055791166
IDX,2025,,,4.42829541893749
IMN,1990,11049.8949396235,68916.0,
IMN,1995,12896.5252829716,71513.0,
IMN,2000,21161.3963073772,75659.0,
IMN,2005,38135.8597885858,79516.0,
IMN,2010,70587.3140283741,83873.0,
IMN,2015,84753.5187422732,83593.0,
IMN,2020,79513.5330346598,84064.0,
IND,1990,371.085936203765,864972221.0,
IND,1995,375.17600537305,960301044.0,7.57
IND,2000,442.750218937263,1057922733.0,7.589
IND,2005,710.488080408949,1154676322.0,7.551
IND,2010,1347.51939071367,1243481564.0,7.631
IND,2015,1583.99815907985,1328024498.0,7.629
IND,2020,1907.04251637669,1402617695.0,7.859
IND,2025,,,4.219
IRL,1990,14031.3025675469,3513974.0,
IRL,1995,19158.4564773907,3608841.0,11.97
IRL,2000,26334.5672050501,3805174.0,4.318
IRL,2005,50933.0216095589,4159914.0,4.237
IRL,2010,48623.9666422487,4560155.0,14.534
IRL,2015,64250.1385181257,4701957.0,9.908
IRL,2020,86514.0706108754,5039747.0,5.623
IRL,2025,,,4.632
IRN,1990,2137.94222739877,58380092.0,
IRN,1995,1550.0095955025,62205567.0,9.904
IRN,2000,1650.01385833785,66418659.0,11.698
IRN,2005,3132.0508192007,71828455.0,11.813
IRN,2010,6291.19443655454,77420842.0,13.679
IRN,2015,4952.73355532178,82619362.0,11.166
IRN,2020,3202.50003502169,87723443.0,9.687
IRN,2025,,,8.301
IRQ,1990,10261.4157706888,17581206.0,
IRQ,1995,619.135530927038,20825860.0,8.431
IRQ,2000,1980.18916038782,24424056.0,8.038
IRQ,2005,1762.39360423421,28407448.0,8.57
IRQ,2010,4461.75196161555,31045366.0,8.267
IRQ,2015,4440.14189252367,37560535.0,10.865
IRQ,2020,4295.18945121228,42116605.0,15.766
IRQ,2025,,,15.485
ISL,1990,26272.2452156659,254826.0,
ISL,1995,27564.569102386,267468.0,5.196
ISL,2000,32503.578963236,281205.0,1.936
ISL,2005,57783.7745608117,296734.0,2.547
ISL,2010,43776.4677400475,318041.0,7.564
ISL,2015,53505.6964079339,330815.0,3.979
ISL,2020,60127.9393575616,366463.0,5.478
ISL,2025,,,3.625
ISR,1990,13308.311060238,4660000.0,
ISR,1995,19025.6840502517,5545000.0,8.782
ISR,2000,21706.5194056329,6289000.0,11.102
ISR,2005,21286.8388636595,6930100.0,11.342
ISR,2010,31439.0887027614,7623600.0,8.48
ISR,2015,36213.1041481958,8380100.0,5.176
ISR,2020,44575.5719045492,9215100.0,4.169
ISR,2025,,,3.489
ITA,1990,20873.7834092719,56719240.0,
ITA,1995,20712.1798690324,56844303.0,11.661
ITA,2000,20190.0035636084,56942108.0,10.834
ITA,2005,32062.723833669,58166682.0,7.73
ITA,2010,35856.8625485539,59819407.0,8.363
ITA,2015,30639.8829751432,60229605.0,11.896
ITA,2020,32091.4866621366,59438851.0,9.192
ITA,2025,,,6.391
JAM,1990,1929.59891905857,2379877.0,
JAM,1995,2630.84935382822,2500151.0,6.325
JAM,2000,3453.09252800226,2607826.0,6.752
JAM,2005,4184.43974867497,2687066.0,6.577
JAM,2010,4809.977380312,2748568.0,7.63
JAM,2015,5339.30718256806,2802534.0,8.825
JAM,2020,5299.04530804283,2830739.0,6.501
JAM,2025,,,3.286
JOR,1990,1148.59005469899,3621908.0,
JOR,1995,1415.71151592128,4752096.0,14.6
JOR,2000,1570.61002940477,5386945.0,13.7
JOR,2005,2087.87079273635,6029587.0,14.8
JOR,2010,3718.46571622945,7297043.0,12.5
JOR,2015,4042.75678097555,9544729.0,13.075
JOR,2020,4022.0401356135,10865228.0,19.213
JOR,2025,,,16.535
JPN,1990,25801.3950393094,123478000.0,
JPN,1995,44197.6191013908,125472000.0,3.15
JPN,2000,39169.3595701504,126843000.0,4.748
JPN,2005,37812.8950199948,127773000.0,4.446
JPN,2010,44968.1562349739,128070000.0,5.102
JPN,2015,34960.6393843385,127141000.0,3.385
JPN,2020,40028.7341726762,126261000.0,2.809
JPN,2025,,,2.451
KAZ,1990,1570.00883112591,17154054.0,
KAZ,1995,1217.79138769863,16730536.0,10.98
KAZ,2000,1180.0444563226,15501103.0,12.75
KAZ,2005,3577.35804001782,15968117.0,8.13
KAZ,2010,8793.07589980782,16836810.0,5.77
KAZ,2015,10196.1226255982,18084169.0,4.93
KAZ,2020,8781.50797787648,19482117.0,4.89
KAZ,2025,,,4.771
KEN,1990,374.458992895562,22892651.0,
KEN,1995,340.064842175429,26601751.0,2.848
KEN,2000,414.626365130846,30642890.0,2.884
KEN,2005,523.456312433863,35796484.0,2.739
KEN,2010,1091.51873101194,41598567.0,2.793
KEN,2015,1489.11959777284,47088526.0,2.762
KEN,2020,1927.66459027849,52217334.0,5.613
KEN,2025,,,5.449
KGZ,1990,605.798144966488,4391236.0,
KGZ,1995,364.250365258345,4560454.0,1.539
KGZ,2000,279.621738464365,4898362.0,2.143
KGZ,2005,476.548193640077,5162640.0,2.816
KGZ,2010,876.954476440354,5467059.0,3.503
KGZ,2015,1105.65193844261,6040036.0,4.138
KGZ,2020,1229.51766602907,6726596.0,5.945
KGZ,2025,,,3.526
KHM,1990,190.181470036159,7374752.0,
KHM,1995,343.485224671585,10018497.0,0.973
KHM,2000,296.426687526334,12462336.0,0.745
KHM,2005,525.797325120926,13439202.0,1.061
KHM,2010,952.274616324008,14500726.0,0.771
KHM,2015,1547.32010444393,15623251.0,0.393
KHM,2020,2081.73914242939,16725474.0,0.172
KHM,2025,,,0.263
KIR,1990,488.067527876014,74855.0,
KIR,1995,844.429605862723,81234.0,
KIR,2000,845.367240231973,88613.0,
KIR,2005,1161.78341739977,98035.0,
KIR,2010,1522.10068744154,108704.0,
KIR,2015,1639.85274740652,116815.0,
KIR,2020,1751.78249168214,126099.0,
KNA,1990,5373.44824048425,40432.0,
KNA,1995,7406.44486096454,42326.0,
KNA,2000,9319.65545093525,45248.0,
KNA,2005,11783.7867154145,46437.0,
KNA,2010,16622.9457908577,46846.0,
KNA,2015,20328.8003530109,47087.0,
KNA,2020,18859.0190361046,46870.0,
KOR,1990,6812.9019416767,42869283.0,
KOR,1995,13001.7205867019,45092991.0,2.063
KOR,2000,12710.2995795579,47008111.0,4.063
KOR,2005,20167.0474902506,48184561.0,3.482
KOR,2010,24071.2620526362,49554112.0,3.324
KOR,2015,30171.7906545222,51014947.0,3.546
KOR,2020,33645.7719545073,51836239.0,3.931
KOR,2025,,,2.683
KWT,1990,10937.5415268808,1684819.0,
KWT,1995,16168.165602374,1681513.0,0.694
KWT,2000,19296.3471698729,1954709.0,0.8
KWT,2005,36122.6142741227,2236788.0,1.455
KWT,2010,39212.252220155,2943372.0,1.82
KWT,2015,29882.2126495698,3834574.0,2.2
KWT,2020,25236.0755848941,4400267.0,3.489
KWT,2025,,,2.181
LAC,1990,2437.12236336699,392413347.0,
LAC,1995,3935.86606689693,428268339.0,7.81147543178074
LAC,2000,4290.89542947118,462953688.0,9.19337642576303
LAC,2005,4960.44969790137,494006571.0,8.05335882665772
LAC,2010,8637.63171485475,523147480.0,7.1381647976514
LAC,2015,8308.73911709951,551075145.0,6.67695090020011
LAC,2020,6904.27677369596,578091505.0,10.2091587750212
LAC,2025,,,5.28568569134171
LAO,1990,200.7349054896,4311955.0,
LAO,1995,357.758162193406,4929409.0,2.6
LAO,2000,318.749852236965,5431212.0,2.045
LAO,2005,466.061506997741,5869523.0,1.35
LAO,2010,1125.91610151261,6334194.0,0.708
LAO,2015,2121.01339097363,6801645.0,2.006
LAO,2020,2583.77730696131,7346533.0,2.349
LAO,2025,,,1.187
LBN,1990,789.526338484738,3595175.0,
LBN,1995,2958.74263957462,3960735.0,8.421
LBN,2000,3986.83513941026,4329340.0,8.641
LBN,2005,4602.19804637945,4671102.0,8.249
LBN,2010,7625.81051551165,5041288.0,6.768
LBN,2015,7714.1099998804,6472469.0,9.312
LBN,2020,5561.19166950397,5702398.0,13.252
LBR,1990,172.867610123278,2223667.0,
LBR,1995,62.1438140627579,2169162.0,2.588
LBR,2000,298.485340578945,2928117.0,2.018
LBR,2005,287.487333441381,3301015.0,2.413
LBR,2010,492.252808033724,4058890.0,2.266
LBR,2015,692.590082351257,4659431.0,2.557
LBR,2020,616.787867006715,5149463.0,4.102
LBR,2025,,,2.884
LBY,1990,6502.27886565421,4445239.0,
LBY,1995,5205.25706378741,4906843.0,19.331
LBY,2000,7214.10040377084,5305021.0,19.275
LBY,2005,8079.24957329001,5858798.0,18.66
LBY,2010,11600.9068649472,6497839.0,19.321
LBY,2015,7458.48917756374,6531819.0,19.69
LBY,2020,6650.33810585348,7045399.0,19.651
LBY,2025,,,18.758
LCA,1990,4204.57161863111,137857.0,
LCA,1995,5147.92024022295,148208.0,15.83
LCA,2000,5879.56191426207,158616.0,16.49
LCA,2005,6863.43641919345,165450.0,18.7
LCA,2010,8673.68720340529,170906.0,17.118
LCA,2015,10334.9860823918,174905.0,20.84
LCA,2020,8411.07474936367,178250.0,25.224
LCA,2025,,,9.452
LCN,1990,2511.4430414948,440958144.0,
LCN,1995,4035.5479526034,481309028.0,7.90486804676992
LCN,2000,4472.58404552831,520272118.0,9.4445224692252
LCN,2005,5229.89898425288,555120780.0,8.23739951394743
LCN,2010,9183.9687871441,587752505.0,7.21826756521545
LCN,2015,8547.2373391789,618868462.0,6.67695891386519
LCN,2020,7168.64740599577,645498186.0,10.214072797585
LCN,2025,,,5.45906708114628
LDC,1990,370.750124436065,519693837.0,
LDC,1995,289.905722080224,593609643.0,4.49940287771995
LDC,2000,333.363886094901,673630102.0,4.69028330186409
LDC,2005,487.199978520551,760741611.0,4.78617235413845
LDC,2010,831.532954611079,855348118.0,4.75657307667184
LDC,2015,982.894810600519,962508256.0,4.82634268692319
LDC,2020,1088.72161311357,1083636132.0,5.5984272213638
LDC,2025,,,4.66480928166506
LIE,1990,49457.5609343203,28742.0,
LIE,1995,78909.7043377718,30776.0,
LIE,2000,76087.911114202,32645.0,
LIE,2005,105295.057027611,34753.0,
LIE,2010,141089.812849014,36022.0,
LIE,2015,167187.15730982,37494.0,
LIE,2020,164671.093553454,38901.0,
LKA,1990,491.213686238493,16352458.0,
LKA,1995,741.838255293455,17564068.0,12.27
LKA,2000,860.199884304769,19293054.0,7.74
LKA,2005,1207.21994764165,20216524.0,7.67
LKA,2010,2808.36244503709,20879089.0,4.784
LKA,2015,4057.7158346231,20970000.0,4.519
LKA,2020,3847.60137695639,21919000.0,5.364
LKA,2025,,,4.005
LMY,1990,805.876785600705,4049620054.0,
LMY,1995,1054.98612211496,4434718175.0,5.38296480095666
LMY,2000,1178.01096453065,4814250279.0,5.84310963310359
LMY,2005,1736.10100020162,5181562375.0,6.10189134627543
LMY,2010,3394.26296887076,5553257507.0,5.82874130267436
LMY,2015,4284.85686298442,5941222744.0,5.9151653043874
LMY,2020,4732.82727829687,6313913801.0,6.6636269031363
LMY,2025,,,4.91298327796184
LSO,1990,329.563785157203,1809696.0,
LSO,1995,513.413448796175,1951437.0,15.797
LSO,2000,442.779545779081,2003913.0,16.169
LSO,2005,861.381496414995,1953076.0,16.031
LSO,2010,1119.47557793042,1996251.0,16.068
LSO,2015,1121.19851342518,2104611.0,16.223
LSO,2020,918.582574704447,2235727.0,18.385
LSO,2025,,,16.315
LTE,1990,1068.50986715113,1844718134.0,
LTE,1995,1551.58337876202,1952702058.0,4.47531718027036
LTE,2000,1677.20655312269,2043581322.0,5.29485034456226
LTE,2005,2939.98271894785,2112603351.0,5.63125210477498
LTE,2010,6276.4619904196,2179525352.0,5.25181815855478
LTE,2015,8331.63270803563,2256126712.0,5.11139944235291
LTE,2020,9873.93519864422,2316152451.0,5.93153762506637
LTE,2025,,,4.49842503652739
LTU,1990,,3697838.0,
LTU,1995,2182.69156931505,3629102.0,17.54
LTU,2000,3300.63634928559,3499536.0,15.931
LTU,2005,7857.03148786492,3322528.0,8.325
LTU,2010,11829.122609457,3097282.0,17.814
LTU,2015,14269.8039878287,2911109.0,9.12
LTU,2020,20428.6478157394,2810369.0,8.487
LTU,2025,,,6.731
LUX,1990,33465.478207919,381850.0,
LUX,1995,51032.349635318,408625.0,2.918
LUX,2000,48659.5988753233,436300.0,2.345
LUX,2005,80988.1376230858,465158.0,4.488
LUX,2010,110885.991378721,506953.0,4.423
LUX,2015,105462.012584423,569604.0,6.796
LUX,2020,116860.02817236,630419.0,6.766
LUX,2025,,,6.343
LVA,1990,,2663151.0,
LVA,1995,2256.77360387054,2485056.0,19.0
LVA,2000,3278.17896440803,2367550.0,14.211
LVA,2005,7283.78738127622,2238799.0,10.033
LVA,2010,11188.4191700977,2097555.0,19.482
LVA,2015,13321.9753140616,1977527.0,9.873
LVA,2020,17564.2321549354,1900449.0,8.098
LVA,2025,,,6.568
MAC,1990,9692.43538809962,334950.0,
MAC,1995,17215.1178522275,409300.0,3.581
MAC,2000,15731.4081633771,430600.0,6.874
MAC,2005,25681.2167315221,473500.0,4.158
MAC,2010,52596.2250160214,537000.0,2.84
MAC,2015,69902.9605741233,642900.0,1.81
MAC,2020,36883.6652578543,685400.0,2.542
MAC,2025,,,2.347
MAF,1990,,28224.0,
MAF,1995,,29470.0,
MAF,2000,,29996.0,
MAF,2005,,33928.0,
MAF,2010,,36856.0,
MAF,2015,,37369.0,
MAF,2020,,31786.0,
MAR,1990,1229.07104492188,24375551.0,
MAR,1995,1466.78820800781,26399429.0,14.054
MAR,2000,1499.107421875,28423435.0,13.58
MAR,2005,2242.98828125,30358144.0,11.01
MAR,2010,3067.9853515625,32467016.0,9.09
MAR,2015,3146.24780273438,34607588.0,9.46
MAR,2020,3268.0302734375,36584208.0,11.189
MAR,2025,,,9.0
MCO,1990,81734.8664968011,30358.0,
MCO,1995,99032.2375054091,31609.0,
MCO,2000,81789.0206522549,32455.0,
MCO,2005,130538.742587117,32210.0,
MCO,2010,161853.920622244,33163.0,
MCO,2015,170437.101188261,36757.0,
MCO,2020,176891.886538492,38050.0,
MDA,1990,1206.50208704977,2977912.0,
MDA,1995,593.593177049161,2953200.0,5.3
MDA,2000,440.538683980372,2924668.0,8.539
MDA,2005,1034.39197746993,2888985.0,5.633
MDA,2010,2436.79935102421,2862354.0,2.972
MDA,2015,2749.55137054338,2835978.0,1.781
MDA,2020,4375.7788930524,2635130.0,1.206
MDA,2025,,,1.505
MDG,1990,326.099253221978,12055639.0,
MDG,1995,273.149653945976,14051275.0,6.092
MDG,2000,280.282905559649,16516338.0,5.8
MDG,2005,305.812074924388,19159707.0,2.62
MDG,2010,450.009391645726,22183340.0,4.28
MDG,2015,445.320069480568,25426702.0,1.785
MDG,2020,450.771615201509,28953556.0,3.292
MDG,2025,,,3.041
MDV,1990,956.763019768672,224762.0,
MDV,1995,1554.60942754604,256649.0,0.79
MDV,2000,2213.81235053178,282019.0,1.97
MDV,2005,3796.51546524644,306429.0,7.313
MDV,2010,7173.59601844692,360792.0,10.875
MDV,2015,9644.90655028145,428154.0,6.611
MDV,2020,7393.8886543933,502118.0,5.42
MDV,2025,,,4.514
MEA,1990,2183.54170524632,383279026.0,
MEA,1995,1775.49074159851,438968860.0,8.74623216428901
MEA,2000,2220.38439290516,494850317.0,8.4169385368672
MEA,2005,3050.86086272731,556210211.0,7.65760282606948
MEA,2010,4867.92943497015,624828664.0,6.85675050559872
MEA,2015,5125.68064083245,694232973.0,8.36498933286657
MEA,2020,4742.76402632259,756405281.0,9.14819309323363
MEA,2025,,,7.79483882954435
MEX,1990,3154.46920349038,82820170.0,
MEX,1995,4183.87847727479,90862455.0,7.095
MEX,2000,7524.0271380091,98625552.0,2.646
MEX,2005,8671.75891885163,105811504.0,3.558
MEX,2010,9728.80078377082,113623895.0,5.303
MEX,2015,10021.2386118827,121072306.0,4.311
MEX,2020,8841.27075039868,126799054.0,4.44
MEX,2025,,,2.673
MHL,1990,1758.40820990836,44629.0,
MHL,1995,2490.98744457796,48266.0,
MHL,2000,2264.79114897645,50706.0,
MHL,2005,2658.65217893885,51906.0,
MHL,2010,3095.45768964722,52044.0,
MHL,2015,3764.34426229508,48800.0,
MHL,2020,5661.96787336674,42706.0,
MIC,1990,828.178421407122,3804281569.0,
MIC,1995,1105.20646514846,4153549029.0,5.39659604636452
MIC,2000,1237.10225471924,4491582042.0,5.86482215984168
MIC,2005,1830.92630559246,4809774178.0,6.1585311926244
MIC,2010,3610.66323367037,5123741911.0,5.85017441431265
MIC,2015,4602.51682691609,5452914477.0,5.9395730547184
MIC,2020,5134.62007912707,5753270728.0,6.69993931452761
MIC,2025,,,4.88571220068297
MKD,1990,2277.30372314314,2063689.0,
MKD,1995,2355.24705371138,1998534.0,35.6
MKD,2000,1861.89899780644,2026350.0,32.2
MKD,2005,3120.98401394233,2005330.0,37.32
MKD,2010,4833.36586759968,1946298.0,33.135
MKD,2015,5262.68671928674,1912430.0,26.395
MKD,2020,6659.59651070776,1856124.0,16.575
MKD,2025,,,12.256
MLI,1990,353.903252431339,9178830.0,
MLI,1995,331.193112410921,10185365.0,1.464
MLI,2000,304.652870194271,11559290.0,1.412
MLI,2005,548.730382842725,13538647.0,1.367
MLI,2010,797.151541135109,15945198.0,1.375
MLI,2015,838.11986940103,18593022.0,1.404
MLI,2020,953.242943290974,21713836.0,3.528
MLI,2025,,,2.831
MLT,1990,7192.38994693962,354170.0,
MLT,1995,9828.32354719517,377419.0,6.33
MLT,2000,10348.4858902403,390087.0,6.324
MLT,2005,15831.344048672,403834.0,6.923
MLT,2010,21946.6069636029,414508.0,6.861
MLT,2015,25529.6813337717,444220.0,5.389
MLT,2020,31823.4363934505,515490.0,4.856
MLT,2025,,,2.896
MMR,1990,53.1225401094506,39817251.0,
MMR,1995,124.14348039051,42605338.0,0.754
MMR,2000,196.619580625284,45290841.0,0.712
MMR,2005,252.685193060728,47438365.0,0.672
MMR,2010,1010.53417343401,49024382.0,0.725
MMR,2015,1166.73305547935,51089056.0,0.766
MMR,2020,1490.21683599469,53016522.0,1.476
MMR,2025,,,3.047
MNA,1990,1555.05827461027,361322200.0,
MNA,1995,977.954473374118,412447289.0,9.04197057012473
MNA,2000,1247.47238123443,462980522.0,8.71870374230222
MNA,2005,1657.11024431574,517240777.0,7.84838151626538
MNA,2010,2816.19347268465,577396038.0,7.123332390198
MNA,2015,2802.63134980954,635352686.0,9.05052035727651
MNA,2020,2408.49731335268,692532027.0,9.77596723068346
MNA,2025,,,8.69378066221379
MNE,1990,,606372.0,
MNE,1995,,611712.0,30.196
MNE,2000,1627.06511911987,604950.0,30.447
MNE,2005,3674.6179242797,614261.0,30.31
MNE,2010,6678.63930800758,619428.0,19.649
MNE,2015,6421.00307345999,624651.0,17.555
MNE,2020,7538.53635992191,626590.0,17.878
MNE,2025,,,13.572
MNG,1990,1220.17127664137,2098710.0,
MNG,1995,652.67456284915,2224945.0,5.5
MNG,2000,476.02755082717,2388299.0,5.992
MNG,2005,994.90010913241,2536407.0,7.015
MNG,2010,2625.21881402433,2738622.0,6.549
MNG,2015,3838.92126989984,3026864.0,4.861
MNG,2020,4001.25193077703,3327204.0,6.413
MNG,2025,,,5.233
MNP,1990,,43342.0,
MNP,1995,,48176.0,
MNP,2000,,68356.0,
MNP,2005,17015.7487891715,62354.0,
MNP,2010,14771.4037455399,54091.0,
MNP,2015,17665.1007493109,51514.0,
MNP,2020,18220.8382427201,47528.0,
MOZ,1990,,13094537.0,
MOZ,1995,191.826096861406,15960530.0,2.758
MOZ,2000,327.12623979157,18129653.0,2.832
MOZ,2005,436.773856167384,20304569.0,3.035
MOZ,2010,496.185839392659,22999235.0,3.259
MOZ,2015,610.563774706589,26547572.0,3.426
MOZ,2020,462.433876479921,30783688.0,5.019
MOZ,2025,,,6.628
MRT,1990,772.033092140219,1951878.0,
MRT,1995,904.719170071042,2312017.0,9.766
MRT,2000,680.911061879778,2613441.0,10.03
MRT,2005,998.96583416747,2939059.0,9.59
MRT,2010,1659.96369705455,3390965.0,10.093
MRT,2015,1554.94897871782,3965959.0,10.104
MRT,2020,1795.76459566714,4600131.0,11.051
MRT,2025,,,10.319
MUS,1990,2539.92846467452,1058775.0,
MUS,1995,3648.01649622256,1122457.0,9.59
MUS,2000,3981.98343249582,1186873.0,9.125
MUS,2005,5354.02974260642,1228254.0,9.524
MUS,2010,8113.17670740212,1250400.0,7.654
MUS,2015,9630.5437837507,1262879.0,7.41
MUS,2020,9135.84773751062,1266014.0,8.626
MUS,2025,,,5.635
MWI,1990,286.730598968269,9545852.0,
MWI,1995,200.362370007247,10150117.0,4.895
MWI,2000,224.22415918428,11315942.0,5.045
MWI,2005,414.361121984475,12840031.0,4.935
MWI,2010,683.124694716799,14826463.0,4.78
MWI,2015,539.605363240686,17085587.0,4.953
MWI,2020,602.507478176106,19533888.0,5.72
MWI,2025,,,5.072
MYS,1990,2468.69080320116,17833171.0,
MYS,1995,4363.14458333034,20330599.0,3.15
MYS,2000,4083.52874483605,22967816.0,3.0
MYS,2005,5555.58179951206,25836071.0,3.53
MYS,2010,8899.34505544675,28655776.0,3.32
MYS,2015,9648.6797937523,31232798.0,3.1
MYS,2020,9957.52626697613,33889558.0,4.54
MYS,2025,,,3.764
NAC,1990,23653.5020058697,277371697.0,
NAC,1995,27897.9346077139,295639837.0,6.03024492508477
NAC,2000,35151.3613936987,312909691.0,4.27316817166147
NAC,2005,43368.5783940626,327822042.0,5.25750859640354
NAC,2010,48545.7752706944,343447854.0,9.47758645184374
NAC,2015,55285.5686917861,357583083.0,5.4606408215288
NAC,2020,61468.3372208474,369670740.0,8.23059990715153
NAC,2025,,,4.51095574626817
NAM,1990,2037.47589359778,1369303.0,
NAM,1995,2483.20353415161,1602170.0,21.34
NAM,2000,2156.67590512714,1818647.0,20.3
NAM,2005,3685.77299991587,1966582.0,22.108
NAM,2010,5418.21633365814,2109811.0,22.12
NAM,2015,4774.10650865775,2374300.0,20.791
NAM,2020,3878.58982993966,2728762.0,21.003
NAM,2025,,,19.291
NCL,1990,14334.6807372176,176456.0,
NCL,1995,18107.8880778022,200379.0,18.629
NCL,2000,15329.7297200058,223098.0,17.907
NCL,2005,25528.2918353444,244381.0,15.778
NCL,2010,35798.9084757829,261582.0,13.998
NCL,2015,30858.7237060533,283168.0,13.621
NCL,2020,33270.330597637,284176.0,13.558
NCL,2025,,,11.174
NER,1990,423.887460599302,8286059.0,
NER,1995,237.01998956862,9714529.0,1.494
NER,2000,194.771959898935,11509630.0,1.427
NER,2005,318.643121918273,13756192.0,3.1
NER,2010,474.425692340831,16548835.0,0.718
NER,2015,485.662574175279,19939498.0,0.556
NER,2020,579.512495758236,23717613.0,0.591
NER,2025,,,0.394
NGA,1990,556.376449130902,97120925.0,
NGA,1995,1271.61617353199,110819428.0,4.152
NGA,2000,547.318298903379,126382494.0,3.953
NGA,2005,1211.37703504386,145017253.0,3.727
NGA,2010,2202.25672957344,166642886.0,3.744
NGA,2015,2585.73360671797,190671878.0,4.134
NGA,2020,2797.18458068686,213996181.0,5.714
NGA,2025,,,3.064
NIC,1990,242.508390600822,4162559.0,
NIC,1995,891.779352309996,4642931.0,7.414
NIC,2000,1017.3124434882,5022633.0,7.181
NIC,2005,1183.30214010175,5342105.0,5.37
NIC,2010,1526.56706951408,5737450.0,7.83
NIC,2015,2074.45620634731,6149417.0,4.7
NIC,2020,1938.44704754382,6565267.0,6.18
NIC,2025,,,5.04
NLD,1990,21322.1944802703,14951510.0,
NLD,1995,29301.1940492376,15459006.0,7.157
NLD,2000,26225.1697734149,15925513.0,2.725
NLD,2005,42165.396168388,16319868.0,5.872
NLD,2010,51305.7338533973,16615394.0,4.991
NLD,2015,45793.8135434697,16939923.0,6.872
NLD,2020,53467.9277413737,17441500.0,3.82
NLD,2025,,,3.874
NOR,1990,28242.981402822,4241473.0,
NOR,1995,34875.7043347536,4359184.0,6.307
NOR,2000,38178.2368777076,4490967.0,3.458
NOR,2005,67047.1704558264,4623291.0,4.381
NOR,2010,88163.2085931423,4889252.0,3.527
NOR,2015,74809.9658049898,5188607.0,4.296
NOR,2020,68340.0181033702,5379475.0,4.424
NOR,2025,,,4.637
NPL,1990,185.794600449903,19524573.0,
NPL,1995,197.843001330326,22245439.0,10.473
NPL,2000,223.830289183078,24546509.0,10.531
NPL,2005,309.024168339372,26309458.0,10.59
NPL,2010,585.278491984574,27341952.0,10.563
NPL,2015,875.543635474862,27823629.0,10.643
NPL,2020,1154.21517578318,28966574.0,13.037
NPL,2025,,,10.465
NRU,1990,5775.55347423089,9622.0,
NRU,1995,3932.0910939209,10165.0,
NRU,2000,2648.60152860938,10168.0,
NRU,2005,2992.40382776926,10049.0,
NRU,2010,4735.92000502092,10043.0,
NRU,2015,7747.25584993607,10954.0,
NRU,2020,10709.068810538,11643.0,
NZL,1990,13663.0216184298,3329800.0,
NZL,1995,17400.4201848172,3673400.0,6.461
NZL,2000,13641.1027183822,3857700.0,6.13
NZL,2005,27751.0654708859,4133900.0,3.807
NZL,2010,33761.9009639947,4350700.0,6.557
NZL,2015,38665.3723018158,4609400.0,5.415
NZL,2020,41997.7830324279,5072400.0,4.595
NZL,2025,,,5.076
OED,1990,17019.8138229679,1107695519.0,
OED,1995,22257.1540058272,1158068699.0,7.60351506136332
OED,2000,23049.6329362256,1202226474.0,6.71100200632985
OED,2005,30274.0543423729,1246656490.0,6.8314671013283
OED,2010,35162.1991743522,1292701737.0,8.5207939102318
OED,2015,35779.9123271942,1331675197.0,6.86087177315421
OED,2020,38597.246423496,1369310195.0,7.15006573828169
OED,2025,,,4.92579055790538
OMN,1990,7545.70305230441,1763954.0,
OMN,1995,7414.30279204109,2120528.0,4.167
OMN,2000,9753.84755185404,2282131.0,4.433
OMN,2005,14434.8577924647,2459802.0,4.589
OMN,2010,23570.1798147325,2757446.0,3.911
OMN,2015,18808.3077921839,4184895.0,3.403
OMN,2020,16784.8630630058,4522497.0,2.94
OMN,2025,,,3.251
OSS,1990,3570.55788974992,8949306.0,
OSS,1995,4659.34188114157,9389918.0,9.94793817545676
OSS,2000,4847.45033301194,9788238.0,11.0177711399269
OSS,2005,8233.33980947954,10479844.0,10.5021202220473
OSS,2010,10149.5632621314,11112466.0,11.1281009935269
OSS,2015,10359.1182462574,11722398.0,9.99952511697503
OSS,2020,11770.4564127379,12417333.0,9.99575648409841
OSS,2025,,,8.59167767443203
PAK,1990,344.45547384189,116155576.0,
PAK,1995,450.550279346206,134582253.0,0.611
PAK,2000,642.338346499898,154879127.0,0.614
PAK,2005,827.619861189926,175453212.0,0.583
PAK,2010,987.304571124485,199239047.0,0.653
PAK,2015,1380.47020838317,217290883.0,3.566
PAK,2020,1278.39735206896,235001746.0,5.994
PAK,2025,,,5.42
PAN,1990,2620.13827266274,2455583.0,
PAN,1995,3513.89737854631,2724557.0,6.512
PAN,2000,3975.09310275544,3010369.0,6.188
PAN,2005,5017.74110414832,3313026.0,5.967
PAN,2010,8331.46422259967,3628535.0,5.845
PAN,2015,14082.6548434996,3960035.0,4.335
PAN,2020,13290.5608397749,4293261.0,14.663
PAN,2025,,,8.36
PER,1990,1199.66666756615,22014771.0,
PER,1995,2189.53431515311,24348919.0,4.708
PER,2000,1945.41338451698,26598331.0,4.959
PER,2005,2706.66947297608,28101180.0,4.87
PER,2010,5072.11494019615,29086019.0,3.6
PER,2015,6231.71150338894,30457600.0,3.272
PER,2020,6133.32552410183,32838579.0,7.179
PER,2025,,,5.117
PHL,1990,803.572588255813,62854666.0,
PHL,1995,1199.84171414993,70546246.0,3.68
PHL,2000,1050.79273107952,79625397.0,3.77
PHL,2005,1220.46018559867,88015962.0,3.795
PHL,2010,2162.91375885614,96337125.0,3.605
PHL,2015,2909.85818010301,105312992.0,3.068
PHL,2020,3227.57910235199,112081264.0,2.522
PHL,2025,,,2.235
PLW,1990,6402.929615309,15259.0,
PLW,1995,7038.00523407967,17195.0,
PLW,2000,7798.07504193852,19178.0,
PLW,2005,9635.28357539048,19819.0,
PLW,2010,10221.9163762354,18396.0,
PLW,2015,16154.0532152373,17770.0,
PLW,2020,14708.2119536914,17792.0,
PNG,1990,826.317152082832,3896481.0,
PNG,1995,998.229967376131,4644278.0,2.603
PNG,2000,635.957919047725,5537064.0,2.92
PNG,2005,744.486489977433,6535905.0,2.385
PNG,2010,1866.86889851208,7633523.0,2.002
PNG,2015,2484.5963398603,8743246.0,2.507
PNG,2020,2429.61134585269,9815746.0,2.903
PNG,2025,,,2.571
POL,1990,1731.2095094382,38110782.0,
POL,1995,3700.95956775144,38594998.0,13.695
POL,2000,4520.64100449111,38258629.0,14.928
POL,2005,8043.92332253757,38165445.0,17.592
POL,2010,12567.7317676382,38042794.0,9.578
POL,2015,12637.5220324406,37986412.0,7.475
POL,2020,16150.9304813473,37515748.0,3.155
POL,2025,,,2.976
PRE,1990,939.805533338588,422471117.0,
PRE,1995,571.946464976273,490118620.0,5.30300529201383
PRE,2000,503.562641272677,562428025.0,5.1332771028085
PRE,2005,815.454464076119,651320620.0,4.93346734324225
PRE,2010,1421.48905142231,752046672.0,5.093264416169
PRE,2015,1524.98608713796,870587800.0,4.92689483295687
PRE,2020,1496.33767488397,998624261.0,5.88792360175845
PRE,2025,,,4.54137517937725
PRI,1990,8652.50749222505,3537000.0,
PRI,1995,11579.1849969985,3683103.0,13.93
PRI,2000,16192.1269719638,3810605.0,10.08
PRI,2005,21959.322696986,3821362.0,11.35
PRI,2010,26414.8810634548,3724465.0,16.1
PRI,2015,29242.041465085,3535167.0,12.0
PRI,2020,31427.1130762831,3281590.0,8.89
PRI,2025,,,5.991
PRK,1990,,21112137.0,
PRK,1995,,22669304.0,3.114
PRK,2000,,23665910.0,3.653
PRK,2005,,24396433.0,3.576
PRK,2010,,24987258.0,3.419
PRK,2015,,25575350.0,3.523
PRK,2020,,26136312.0,3.624
PRK,2025,,,3.545
PRT,1990,7884.61798756332,9983218.0,
PRT,1995,11781.3618502221,10026176.0,7.064
PRT,2000,11526.3720667968,10289898.0,3.806
PRT,2005,18780.12751241,10503330.0,7.582
PRT,2010,22551.935098809,10573100.0,10.771
PRT,2015,19215.7813014347,10358076.0,12.405
PRT,2020,22299.4044062173,10297081.0,6.85
PRT,2025,,,6.164
PRY,1990,1440.15829610029,4035747.0,
PRY,1995,1978.71514099575,4579806.0,3.4
PRY,2000,1736.11729210765,5100868.0,7.61
PRY,2005,1970.87169852378,5448097.0,4.825
PRY,2010,4750.96273669458,5737971.0,4.569
PRY,2015,5879.33792308762,6159103.0,4.556
PRY,2020,5365.47220721104,6603739.0,7.548
PRY,2025,,,4.803
PSE,1990,,1978248.0,
PSE,1995,1326.56285737146,2474666.0,10.714
PSE,2000,1476.17185000238,2922153.0,10.625
PSE,2005,1543.70141392774,3320396.0,20.016
PSE,2010,2557.07562356699,3786161.0,21.416
PSE,2015,3272.15432360708,4270092.0,23.005
PSE,2020,3233.56863835858,4803269.0,25.895
PSS,1990,1343.27719993773,1775607.0,
PSS,1995,1947.90073365074,1901782.0,3.98085442407908
PSS,2000,1686.60570445369,2042274.0,4.40485764939109
PSS,2005,2492.38724073066,2170029.0,3.8404573462192
PSS,2010,2900.92919415648,2289399.0,3.50675202326758
PSS,2015,3722.7745565917,2445989.0,3.37020462675283
PSS,2020,3592.04110507296,2595522.0,3.30655660526839
PSS,2025,,,3.51831083728422
PST,1990,19133.9838313942,964371624.0,
PST,1995,25120.8119457481,995338472.0,7.38445233898678
PST,2000,25890.8986396573,1021150563.0,6.53699120304108
PST,2005,34219.0204237417,1047140108.0,6.4091008362879
PST,2010,39801.8641147794,1076208648.0,8.34726962592943
PST,2015,40775.9479386213,1097890139.0,6.88380070613878
PST,2020,44743.7389324311,1117007476.0,6.72547708283435
PST,2025,,,4.69671542934052
PYF,1990,16293.1823294474,203776.0,
PYF,1995,18850.3149185956,222118.0,11.941
PYF,2000,14978.324104668,240337.0,11.583
PYF,2005,21984.1936230719,259507.0,11.722
PYF,2010,22494.806706186,270580.0,12.133
PYF,2015,19166.9594761931,277866.0,11.794
PYF,2020,19966.4838503859,279209.0,12.963
PYF,2025,,,11.662
QAT,1990,16721.6207714589,440175.0,
QAT,1995,15822.5090711554,514325.0,0.87
QAT,2000,27535.182940934,644989.0,0.87
QAT,2005,53949.6764091147,825408.0,0.87
QAT,2010,76462.6119486736,1616832.0,0.45
QAT,2015,68985.2433380102,2344557.0,0.17
QAT,2020,51683.5681078949,2794148.0,0.14
QAT,2025,,,0.13
ROU,1990,1648.48522974542,23201835.0,
ROU,1995,1650.04922365201,22684270.0,8.01
ROU,2000,1659.92904910528,22442971.0,6.969
ROU,2005,4618.00350802913,21319685.0,7.174
ROU,2010,8399.5374234284,20246871.0,6.959
ROU,2015,8977.01748158196,19815616.0,6.812
ROU,2020,13009.1770573223,19265250.0,5.035
ROU,2025,,,5.992
RUS,1990,3494.06323242188,147969406.0,
RUS,1995,2665.77978515625,148375787.0,9.449
RUS,2000,1771.59411621094,146596869.0,10.581
RUS,2005,5323.455078125,143518814.0,7.124
RUS,2010,10674.990234375,142849468.0,7.407
RUS,2015,9277.7138671875,144640716.0,5.615
RUS,2020,10108.3271484375,145245148.0,5.62
RUS,2025,,,2.133
RWA,1990,345.773495134655,7375307.0,
RWA,1995,227.971147849318,5674118.0,11.938
RWA,2000,251.86926386091,8213931.0,11.699
RWA,2005,324.016863847189,9054528.0,11.842
RWA,2010,593.624927744346,10317553.0,11.637
RWA,2015,733.998629882494,11640022.0,11.831
RWA,2020,778.701498925026,13065837.0,11.829
RWA,2025,,,11.363
SAS,1990,359.953973128088,1013297018.0,
SAS,1995,370.570693920918,1123515559.0,7.15013674904188
SAS,2000,440.467918910931,1237185482.0,7.17647475389305
SAS,2005,686.338193475473,1346886384.0,7.24801932806737
SAS,2010,1294.02734404973,1444967010.0,7.16328861819797
SAS,2015,1570.54142462917,1537370078.0,7.27349261228767
SAS,2020,1957.20343722686,1621073417.0,7.62561175204578
SAS,2025,,,4.24316978447462
SAU,1990,11054.7495049666,10640691.0,
SAU,1995,10786.4008952769,13289245.0,6.365
SAU,2000,11714.5623675159,16177722.0,4.57
SAU,2005,15975.7473782258,20559890.0,6.051
SAU,2010,22028.3901426586,23978487.0,5.55
SAU,2015,23256.1549553531,29816382.0,5.6
SAU,2020,24338.8307301067,31552510.0,7.66
SAU,2025,,,3.038
SDN,1990,1257.1875,22021481.0,
SDN,1995,462.585235595703,24672143.0,15.627
SDN,2000,362.116882324219,27816745.0,15.595
SDN,2005,905.543640136719,31262444.0,15.545
SDN,2010,1305.63598632813,35414399.0,15.168
SDN,2015,1292.37963867188,40024431.0,14.39
SDN,2020,577.795227050781,46789231.0,11.995
SEN,1990,957.314337438177,7720523.0,
SEN,1995,714.994396357297,8848101.0,2.846
SEN,2000,603.233162455158,9968260.0,2.638
SEN,2005,979.846101520171,11235472.0,2.679
SEN,2010,1275.88357492357,12635413.0,2.795
SEN,2015,1218.00613555438,14593331.0,6.757
SEN,2020,1461.08720350553,16789219.0,3.432
SEN,2025,,,2.735
SGP,1990,11861.7561591366,3047132.0,
SGP,1995,24914.8507020358,3524506.0,3.3
SGP,2000,23852.8389514753,4027887.0,3.7
SGP,2005,29961.3172812732,4265762.0,5.59
SGP,2010,47236.683084953,5076732.0,4.12
SGP,2015,55645.6068614606,5535002.0,3.79
SGP,2020,61410.0792630788,5685807.0,4.1
SGP,2025,,,2.818
SLB,1990,648.325212624098,331435.0,
SLB,1995,1220.17919311126,384733.0,1.841
SLB,2000,953.17190137706,440469.0,2.446
SLB,2005,1144.49233397681,483080.0,1.879
SLB,2010,1685.14535823757,532968.0,1.617
SLB,2015,2045.47721526649,639415.0,0.736
SLB,2020,2063.32780991967,744498.0,0.868
SLB,2025,,,1.431
SLE,1990,154.794072467618,4196828.0,
SLE,1995,208.351997250955,4179179.0,4.317
SLE,2000,143.743743239644,4423611.0,4.137
SLE,2005,462.633324427945,5501712.0,3.734
SLE,2010,685.039673490948,6222714.0,4.34
SLE,2015,964.575980888989,7037655.0,4.483
SLE,2020,845.277557920549,7912558.0,3.509
SLE,2025,,,3.15
SLV,1990,892.18271519703,5399726.0,
SLV,1995,1548.3763038362,5762131.0,7.65
SLV,2000,1982.87093542615,5943366.0,6.96
SLV,2005,2447.39140845394,6005578.0,7.22
SLV,2010,3040.07300952878,6068249.0,4.893
SLV,2015,3790.34089108162,6183676.0,3.998
SLV,2020,3997.19279583709,6234673.0,5.008
SLV,2025,,,3.303
SMR,1990,,23475.0,
SMR,1995,,25158.0,
SMR,2000,37600.7077379601,26799.0,
SMR,2005,59877.8005839737,29836.0,
SMR,2010,56543.1898204098,33270.0,
SMR,2015,43146.8240435428,32897.0,
SMR,2020,44326.9556746411,34770.0,
SOM,1990,145.603501373513,7082811.0,
SOM,1995,210.673254610492,7285007.0,19.585
SOM,2000,386.119274401275,8838713.0,18.678
SOM,2005,439.979907805478,10644228.0,18.671
SOM,2010,219.202453852397,12261756.0,18.741
SOM,2015,445.583080073396,13806963.0,18.495
SOM,2020,518.16113333875,16651191.0,19.414
SOM,2025,,,18.948
SRB,1990,,7897937.0,
SRB,1995,2349.40645150289,7628264.0,13.4
SRB,2000,974.725469278615,7516346.0,12.6
SRB,2005,3807.97417321786,7440769.0,20.85
SRB,2010,5970.92660940072,7291436.0,19.204
SRB,2015,5820.3215576888,7095383.0,17.66
SRB,2020,8098.70955668849,6899126.0,9.011
SRB,2025,,,7.123
SSA,1990,774.580966599021,473635450.0,
SSA,1995,877.380053747795,538769611.0,6.75253628250272
SSA,2000,684.279233995118,613632482.0,6.68468915771202
SSA,2005,1174.63116054875,701214785.0,6.24398512478568
SSA,2010,1789.34374213402,804038373.0,6.39448531562492
SSA,2015,1763.27463036367,921290560.0,6.20980970225917
SSA,2020,1716.50863861427,1049999318.0,6.96662786306036
SSA,2025,,,5.93967607931729
SSD,1990,,4737633.0,
SSD,1995,,5225836.0,12.334
SSD,2000,,6032267.0,12.309
SSD,2005,,7590143.0,12.266
SSD,2010,1498.27034985194,9745953.0,12.473
SSD,2015,1080.14718624765,11107561.0,12.464
SSD,2020,,10698467.0,14.246
SSF,1990,728.527589410931,521314712.0,
SSF,1995,806.661765849349,596382250.0,6.36295420429711
SSF,2000,629.529731613317,681125107.0,6.35178469623133
SSF,2005,1073.52977403181,779665113.0,5.84542677033048
SSF,2010,1642.64134193596,894666657.0,5.9384663035217
SSF,2015,1646.44941139316,1025251114.0,5.78525200580782
SSF,2020,1627.34569596297,1169015451.0,6.64963226537121
SSF,2025,,,5.65798225644767
SST,1990,3333.50757381486,14379862.0,
SST,1995,4180.97411712487,15087617.0,10.4710896476613
SST,2000,4846.98212617811,15786741.0,10.4220070497304
SST,2005,7779.765881341,16699341.0,9.58922696945574
SST,2010,9813.58319583758,17575200.0,9.64092506344516
SST,2015,10446.850341907,18482578.0,8.78391504425951
SST,2020,10723.093901861,19472157.0,9.20499420465331
SST,2025,,,7.75664307665696
STP,1990,970.059625606155,122980.0,
STP,1995,768.710751184259,134895.0,14.342
STP,2000,529.089383412262,144018.0,14.4
STP,2005,844.169181884274,161639.0,16.47
STP,2010,1045.20958234528,181802.0,14.628
STP,2015,1298.10946596396,200291.0,10.591
STP,2020,2167.22001796925,217435.0,9.679
STP,2025,,,9.132
SUR,1990,941.591736102188,412493.0,
SUR,1995,1609.82504373206,429606.0,8.39
SUR,2000,1988.22172925433,476643.0,12.873
SUR,2005,3453.42865937765,519313.0,9.302
SUR,2010,7943.60482816915,549923.0,7.15
SUR,2015,8813.61705392067,581627.0,7.22
SUR,2020,4755.39221710693,612317.0,8.973
SUR,2025,,,7.834
SVK,1990,2437.17517010845,5299187.0,
SVK,1995,4882.51158238228,5361999.0,13.109
SVK,2000,5421.6448441887,5388720.0,18.546
SVK,2005,11641.5410321763,5372807.0,16.276
SVK,2010,16899.448680529,5391428.0,14.387
SVK,2015,16442.0760860018,5423801.0,11.492
SVK,2020,19735.4858280801,5458827.0,6.719
SVK,2025,,,5.359
SVN,1990,9925.14071044684,1998161.0,
SVN,1995,10738.0887611468,1989872.0,7.15
SVN,2000,10135.7219109212,1988925.0,6.918
SVN,2005,17969.7095907161,2000474.0,6.506
SVN,2010,23329.8417691156,2048583.0,7.236
SVN,2015,20697.2748530619,2063531.0,8.962
SVN,2020,25392.0651093612,2102419.0,4.971
SVN,2025,,,3.175
SWE,1990,30549.3185706762,8558835.0,
SWE,1995,30254.0273028727,8826939.0,8.897
SWE,2000,29632.5890811623,8872109.0,5.466
SWE,2005,43378.4077394363,9029572.0,7.81
SWE,2010,52542.5759090299,9378126.0,8.61
SWE,2015,51188.1652120493,9799186.0,7.432
SWE,2020,52568.5726980146,10353442.0,8.291
SWE,2025,,,8.694
SWZ,1990,1277.69173005665,872428.0,
SWZ,1995,1750.75400773784,970433.0,21.65
SWZ,2000,1629.67038842815,1041414.0,24.547
SWZ,2005,2871.06877437449,1079022.0,27.221
SWZ,2010,3922.74039390733,1111650.0,26.856
SWZ,2015,3419.82276559528,1142813.0,23.431
SWZ,2020,3466.56936278145,1192729.0,32.978
SWZ,2025,,,34.202
SXM,1990,,28061.0,
SXM,1995,,31772.0,
SXM,2000,,30773.0,
SXM,2005,,32057.0,
SXM,2010,26403.8143692163,33794.0,
SXM,2015,37839.6283815163,37471.0,
SXM,2020,30150.8998380477,41008.0,
SYC,1990,5642.072897243,69507.0,
SYC,1995,7180.66832748656,75304.0,
SYC,2000,8063.65500575169,81131.0,
SYC,2005,11802.1118276833,82858.0,
SYC,2010,10934.79494629,89770.0,
SYC,2015,15333.1051727105,93419.0,
SYC,2020,14041.4754074575,98462.0,
SYR,1990,978.489616979607,12579208.0,
SYR,1995,779.699100153744,14616801.0,7.2
SYR,2000,1138.1884854278,16637888.0,9.587
SYR,2005,1533.90166536568,18814091.0,8.81
SYR,2010,2730.61477118949,22482421.0,8.61
SYR,2015,847.731631942565,19424618.0,14.244
SYR,2020,572.355289831901,21049429.0,15.179
SYR,2025,,,13.569
TCA,1990,,11688.0,
TCA,1995,,15052.0,
TCA,2000,,18730.0,
TCA,2005,24122.3028180757,23988.0,
TCA,2010,23093.8498268267,29739.0,
TCA,2015,29457.0140691162,36605.0,
TCA,2020,20690.9160546118,44386.0,
TCD,1990,290.599045262191,5982833.0,
TCD,1995,203.964852705041,7089064.0,0.755
TCD,2000,163.121663683369,8512093.0,0.796
TCD,2005,838.092107712557,10328092.0,0.663
TCD,2010,1141.80069268412,12312575.0,0.911
TCD,2015,993.990730610869,14647621.0,1.032
TCD,2020,866.947814890409,17224679.0,1.695
TCD,2025,,,1.057
TEA,1990,422.071410076562,1579651917.0,
TEA,1995,781.740273011855,1693960469.0,3.01496053849378
TEA,2000,972.833173916046,1795374943.0,3.43001128152857
TEA,2005,1673.19096529507,1874487158.0,4.50383702137591
TEA,2010,4104.80262362259,1948643347.0,4.17487787059342
TEA,2015,6664.48834577557,2030504270.0,4.13377205147226
TEA,2020,8485.32855185979,2095759417.0,4.38103635885362
TEA,2025,,,3.92368997709517
TEC,1990,2374.40408071154,430990546.0,
TEC,1995,2264.47976869591,437796116.0,9.38897907204676
TEC,2000,2044.35074576548,438423541.0,11.0183192610913
TEC,2005,4660.80836930066,438333196.0,9.31364245463686
TEC,2010,8280.72343768265,442936599.0,8.67633640799942
TEC,2015,8009.61874995558,453662073.0,7.60801134268431
TEC,2020,8478.35038656806,462842288.0,7.20291679357834
TEC,2025,,,4.61967413491655
TGO,1990,575.094511928654,3998761.0,
TGO,1995,419.220334892756,4410832.0,3.99
TGO,2000,409.889802792768,5140037.0,4.162
TGO,2005,551.259850017077,5844631.0,4.149
TGO,2010,704.986772286079,6732590.0,2.379
TGO,2015,751.051987587248,7663195.0,2.204
TGO,2020,863.468665870276,8669720.0,2.231
TGO,2025,,,1.995
THA,1990,1559.11209344755,54738329.0,
THA,1995,2864.36515719866,59098232.0,1.1
THA,2000,2005.97694514234,63007815.0,2.389
THA,2005,2867.70383436062,66017420.0,1.35
THA,2010,4973.86288823778,68579447.0,0.622
THA,2015,5688.85335397884,70540795.0,0.597
THA,2020,6985.64393892574,71641484.0,1.099
THA,2025,,,0.781
TJK,1990,487.03612866309,5398768.0,
TJK,1995,207.034457343036,5948584.0,3.45
TJK,2000,136.925716400723,6284735.0,4.15
TJK,2005,333.927150941684,6924720.0,3.45
TJK,2010,737.338883219356,7652141.0,7.037
TJK,2015,956.916310930656,8643840.0,7.033
TJK,2020,834.311715460625,9749310.0,7.576
TJK,2025,,,6.931
TKM,1990,848.155047388424,3760562.0,
TKM,1995,592.247247321132,4191203.0,8.3
TKM,2000,633.835487638011,4582677.0,11.73
TKM,2005,1604.01618452312,5052257.0,7.495
TKM,2010,4058.53937000739,5564356.0,4.0
TKM,2015,5759.497903834,6215770.0,4.016
TKM,2020,5972.72356566861,6949912.0,4.489
TKM,2025,,,4.267
TLA,1990,2439.30313189056,426091608.0,
TLA,1995,3983.209208317,465939463.0,7.85357644180886
TLA,2000,4388.92611014216,504556065.0,9.52894893986909
TLA,2005,5103.97068943224,539188798.0,8.34365571129642
TLA,2010,9115.80144590362,571822092.0,7.26042689855492
TLA,2015,8404.37747196218,603091701.0,6.7292474127348
TLA,2020,6964.3711102796,630051021.0,10.355452107179
TLA,2025,,,5.50985450118759
TLS,1990,168.621010199317,760345.0,
TLS,1995,302.736982028369,868146.0,3.348
TLS,2000,492.457637913906,745088.0,3.529
TLS,2005,487.464506929223,948311.0,3.611
TLS,2010,813.060220670369,1084679.0,3.301
TLS,2015,1319.59295003154,1205131.0,3.678
TLS,2020,1630.86938521256,1326053.0,2.808
TLS,2025,,,1.592
TMN,1990,1551.33182483379,359343952.0,
TMN,1995,975.846138056246,409972623.0,9.03428655097015
TMN,2000,1246.01975069059,460058369.0,8.70973223936551
TMN,2005,1657.84296915154,513920381.0,7.79217578193013
TMN,2010,2817.90380218571,573609877.0,7.05144257493513
TMN,2015,2799.45441811583,631082594.0,8.96791885955849
TMN,2020,2402.73480964451,687728758.0,9.67954007701653
TMN,2025,,,8.69378066221379
TON,1990,1139.0553819198,99700.0,
TON,1995,2084.02759539718,100225.0,1.987
TON,2000,1995.07667546271,102677.0,3.966
TON,2005,2477.72620144825,105671.0,2.542
TON,2010,3416.08356601207,107400.0,1.501
TON,2015,4123.90323993332,106095.0,2.022
TON,2020,4792.35854741522,105704.0,2.712
TON,2025,,,2.008
TSA,1990,359.953973128088,1013297018.0,
TSA,1995,370.570693920918,1123515559.0,7.15013674904188
TSA,2000,440.467918910931,1237185482.0,7.17647475389305
TSA,2005,686.338193475473,1346886384.0,7.24801932806737
TSA,2010,1294.02734404973,1444967010.0,7.16328861819797
TSA,2015,1570.54142462917,1537370078.0,7.27349261228767
TSA,2020,1957.20343722686,1621073417.0,7.62561175204578
TSA,2025,,,4.24316978447462
TSS,1990,728.527589410931,521314712.0,
TSS,1995,806.66176584935,596382250.0,6.36295420429711
TSS,2000,629.529731613317,681125107.0,6.35178469623133
TSS,2005,1073.52977403181,779665113.0,5.84542677033048
TSS,2010,1642.64134193596,894666657.0,5.93846630352171
TSS,2015,1646.44941139316,1025251114.0,5.78525200580782
TSS,2020,1627.34569596297,1169015451.0,6.64963226537121
TSS,2025,,,5.65798225644767
TTO,1990,4047.25093594674,1252208.0,
TTO,1995,4114.68908475464,1295169.0,17.22
TTO,2000,6178.58975559687,1319774.0,12.1
TTO,2005,12346.4373094075,1294494.0,7.95
TTO,2010,16815.424737361,1317714.0,4.033
TTO,2015,19887.2327716498,1349667.0,2.428
TTO,2020,15283.6270531554,1366725.0,4.206
TTO,2025,,,3.329
TUN,1990,1476.43160477311,8324509.0,
TUN,1995,1968.16600944373,9161258.0,16.348
TUN,2000,2199.04465936314,9764935.0,14.94
TUN,2005,3146.8260743927,10255472.0,12.872
TUN,2010,4291.86120891575,10765980.0,13.049
TUN,2015,4014.94773686432,11402264.0,15.159
TUN,2020,3548.65363663803,11974057.0,17.651
TUN,2025,,,15.108
TUR,1990,2689.52621921233,56015628.0,
TUR,1995,3845.98997887841,61024503.0,7.644
TUR,2000,4199.3798635759,65425961.0,6.495
TUR,2005,7331.85429430255,69329557.0,10.636
TUR,2010,10698.9699409757,73142150.0,11.879
TUR,2015,11064.6494504662,78218479.0,10.304
TUR,2020,8798.11791709313,83384680.0,13.148
TUR,2025,,,8.52
TUV,1990,1084.66707221699,8798.0,
TUV,1995,1284.76446104166,9280.0,
TUV,2000,1579.41906275542,9544.0,
TUV,2005,2304.82694329052,9940.0,
TUV,2010,3024.8170790571,10614.0,
TUV,2015,3357.83417700071,10963.0,
TUV,2020,4976.11254109571,10399.0,
TZA,1990,243.611557006836,26110207.0,
TZA,1995,258.418334960938,30383497.0,3.672
TZA,2000,401.698150634766,34260139.0,3.129
TZA,2005,483.334869384766,39182076.0,3.193
TZA,2010,736.530151367188,44758488.0,3.03
TZA,2015,939.127319335938,52020962.0,2.009
TZA,2020,1117.41528320313,60972798.0,1.792
TZA,2025,,,1.572
UGA,1990,244.987168126806,17569897.0,
UGA,1995,278.520835668767,20665667.0,3.193
UGA,2000,258.050338731086,24000150.0,3.531
UGA,2005,330.405402707025,27963289.0,1.9
UGA,2010,823.488144282,32390802.0,3.623
UGA,2015,862.934610355811,37531446.0,2.681
UGA,2020,845.766463890124,44457152.0,3.819
UGA,2025,,,2.746
UKR,1990,1563.63415527344,52054092.0,
UKR,1995,933.191772460938,51665539.0,5.62
UKR,2000,653.294311523438,49556660.0,11.707
UKR,2005,1875.33508300781,47585556.0,7.18
UKR,2010,3039.63232421875,46456003.0,8.1
UKR,2015,2094.47387695313,45784896.0,9.14
UKR,2020,3709.76928710938,44680014.0,9.475
URY,1990,2995.36105663465,3104403.0,
URY,1995,6050.48632253644,3189440.0,10.02
URY,2000,6987.70098766257,3266206.0,12.627
URY,2005,5284.25677987129,3285771.0,12.009
URY,2010,12641.0576849008,3318580.0,7.158
URY,2015,17125.9016800298,3368017.0,7.488
URY,2020,15757.5355995779,3398968.0,10.413
URY,2025,,,7.516
USA,1990,23888.6000088133,249623000.0,
USA,1995,28690.8757013347,266278000.0,5.65
USA,2000,36329.9560727102,282162411.0,3.992
USA,2005,44123.4070679055,295516599.0,5.084
USA,2010,48642.6100179312,309378227.0,9.633
USA,2015,56572.9188996063,321815121.0,5.28
USA,2020,63515.9491807833,331577720.0,8.055
USA,2025,,,4.198
UZB,1990,652.9376529256,20464956.0,
UZB,1995,582.54213674034,22917589.0,7.8
UZB,2000,555.149231099186,24787054.0,12.301
UZB,2005,542.835808692209,26356975.0,7.092
UZB,2010,1753.20730243278,28385506.0,5.36
UZB,2015,2803.19018021751,30749346.0,5.15
UZB,2020,1978.28051860763,33586372.0,5.293
UZB,2025,,,4.622
VCT,1990,2149.73944358984,111812.0,
VCT,1995,2795.36305613955,113047.0,20.005
VCT,2000,3768.95536604022,113545.0,20.8
VCT,2005,5157.39373878102,112450.0,19.461
VCT,2010,6551.96835992405,109959.0,19.924
VCT,2015,7353.73556054184,106960.0,19.135
VCT,2020,8351.20324040982,103526.0,20.635
VCT,2025,,,18.003
VEN,1990,2451.5523114567,19827010.0,
VEN,1995,3486.98350635919,22193821.0,10.24
VEN,2000,4776.2816763938,24526708.0,13.99
VEN,2005,5432.4854184654,26785804.0,10.663
VEN,2010,13646.3046622664,28813101.0,7.112
VEN,2015,4103.1384987005,30573972.0,6.139
VEN,2020,1506.0436210041,28444077.0,7.53
VEN,2025,,,5.307
VGB,1990,,15704.0,
VGB,1995,,17840.0,
VGB,2000,,20241.0,
VGB,2005,,23665.0,
VGB,2010,,27675.0,
VGB,2015,,34498.0,
VGB,2020,,37135.0,
VIR,1990,,103963.0,
VIR,1995,,107818.0,10.611
VIR,2000,,108642.0,9.834
VIR,2005,40828.7460927775,108453.0,10.228
VIR,2010,39905.1284180994,108357.0,11.059
VIR,2015,34007.3529411765,107712.0,11.649
VIR,2020,39787.3741650202,106290.0,14.366
VIR,2025,,,11.443
VNM,1990,98.7983370311401,65504552.0,
VNM,1995,287.802661028593,72049940.0,1.955
VNM,2000,404.029784055118,77154011.0,2.26
VNM,2005,710.746759994861,81088313.0,2.078
VNM,2010,1683.16182443979,87455152.0,1.114
VNM,2015,2577.56885340113,92823254.0,1.848
VNM,2020,3534.03953482647,98079191.0,2.103
VNM,2025,,,1.523
VUT,1990,1140.59020311724,148063.0,
VUT,1995,1491.78967004617,167137.0,8.134
VUT,2000,1460.23817692229,186281.0,8.266
VUT,2005,1873.99142640619,210760.0,8.121
VUT,2010,2815.18828985779,238248.0,4.681
VUT,2015,2854.89412272653,266101.0,5.168
VUT,2020,3042.98711598286,298858.0,4.046
VUT,2025,,,5.073
WLD,1990,4325.66214326506,5299246757.0,
WLD,1995,5446.76886240778,5736505517.0,5.91942696026279
WLD,2000,5501.26421816454,6161884811.0,6.11126625149596
WLD,2005,7284.31331023763,6575841506.0,6.22389912094209
WLD,2010,9542.72886249208,7001266876.0,6.28092769649237
WLD,2015,10161.9445773234,7441677465.0,5.99825160171964
WLD,2020,10937.6846205191,7854748424.0,6.58731449706782
WLD,2025,,,4.79097241077406
WSM,1990,743.994213008355,169042.0,
WSM,1995,1288.10473321401,174571.0,3.244
WSM,2000,1424.75240002471,181685.0,4.733
WSM,2005,2550.04221437511,186978.0,5.212
WSM,2010,3524.2479246203,193023.0,5.621
WSM,2015,4084.36083819933,201782.0,8.901
WSM,2020,4099.59660548583,211944.0,7.467
WSM,2025,,,4.996
XKX,1990,,1973790.0,
XKX,1995,,2137514.0,
XKX,2000,,1802493.0,
XKX,2005,,1818354.0,
XKX,2010,2987.54519574464,1788743.0,
XKX,2015,3520.62850699375,1788274.0,
XKX,2020,4310.88963754863,1790151.0,
YEM,1990,910.422465960748,13887862.0,
YEM,1995,764.414656090937,16740058.0,8.988
YEM,2000,493.235182634814,19624141.0,11.557
YEM,2005,734.159908450927,22790085.0,12.213
YEM,2010,1155.20305261418,26754387.0,12.777
YEM,2015,1362.1738120601,31159379.0,17.9
YEM,2020,,36134863.0,17.963
YEM,2025,,,17.322
ZAF,1990,3093.48920352334,40746268.0,
ZAF,1995,3855.6340871567,44541554.0,22.705
ZAF,2000,3217.84693448467,47159719.0,22.788
ZAF,2005,5836.87663325127,49490033.0,22.472
ZAF,2010,7973.47195771517,52344051.0,24.683
ZAF,2015,6112.27382485974,56723537.0,25.149
ZAF,2020,5580.60383075189,60562381.0,29.217
ZAF,2025,,,32.391
ZMB,1990,422.336298804219,7786169.0,
ZMB,1995,433.312782642118,8785763.0,16.834
ZMB,2000,359.429500988221,10017631.0,12.93
ZMB,2005,710.982068171696,11718819.0,15.9
ZMB,2010,1451.10616017155,13965594.0,13.19
ZMB,2015,1295.87788680068,16399089.0,5.951
ZMB,2020,951.644316655957,19059395.0,6.032
ZMB,2025,,,5.918
ZWE,1990,866.928868406131,10137281.0,
ZWE,1995,648.315259628165,10974599.0,5.566
ZWE,2000,562.833757496076,11892055.0,5.685
ZWE,2005,461.271387547912,12483432.0,4.632
ZWE,2010,902.010759067388,13356548.0,5.469
ZWE,2015,1387.12632595026,14399013.0,5.399
ZWE,2020,2059.67445384499,15526888.0,8.617
ZWE,2025,,,9.293
