iso3,year,conflict_intensity
AFG,1978,2.0
AFG,1979,2.0
AFG,1980,2.0
AFG,1981,2.0
AFG,1982,2.0
AFG,1983,2.0
AFG,1984,2.0
AFG,1985,2.0
AFG,1986,2.0
AFG,1987,2.0
AFG,1988,2.0
AFG,1989,5174.0
AFG,1990,1478.0
AFG,1991,3302.0
AFG,1992,4276.0
AFG,1993,3721.0
AFG,1994,8937.0
AFG,1995,5516.0
AFG,1996,3177.0
AFG,1997,6396.0
AFG,1998,6256.0
AFG,1999,4629.0
AFG,2000,5235.0
AFG,2001,3725.0
AFG,2002,30.0
AFG,2003,660.0
AFG,2004,711.0
AFG,2005,1628.0
AFG,2006,4734.0
AFG,2007,6848.0
AFG,2008,5655.0
AFG,2009,6390.0
AFG,2010,7038.0
AFG,2011,7423.0
AFG,2012,7730.0
AFG,2013,8048.0
AFG,2014,12351.0
AFG,2015,17285.0
AFG,2016,17916.0
AFG,2017,18974.0
AFG,2018,25679.0
AFG,2019,29903.0
AFG,2020,20475.0
AFG,2021,35593.0
AFG,2022,870.0
AFG,2023,223.0
AFG,2024,194.0
AFG,2025,335.0
AGO,1965,1.0
AGO,1989,2810.0
AGO,1990,2558.0
AGO,1991,516.0
AGO,1992,2346.0
AGO,1993,12054.0
AGO,1994,3975.0
AGO,1995,187.0
AGO,1996,29.0
AGO,1997,51.0
AGO,1998,1066.0
AGO,1999,2273.0
AGO,2000,1000.0
AGO,2001,1123.0
AGO,2002,521.0
AGO,2003,25.0
AGO,2004,25.0
AGO,2005,1.0
AGO,2006,1.0
AGO,2007,25.0
AGO,2008,1.0
AGO,2009,25.0
AGO,2010,0.0
AGO,2011,0.0
AGO,2012,0.0
AGO,2013,0.0
AGO,2014,1.0
AGO,2015,1.0
AGO,2016,25.0
AGO,2017,25.0
AGO,2018,0.0
AGO,2019,25.0
AGO,2020,25.0
AGO,2021,1.0
AGO,2022,25.0
AGO,2023,1.0
AGO,2024,25.0
AGO,2025,47.0
ALB,1946,1.0
ARG,1955,1.0
ARG,1963,1.0
ARG,1974,1.0
ARG,1975,1.0
ARG,1976,1.0
ARG,1977,1.0
ARG,1982,1.0
ARG,1989,0.0
ARG,1990,0.0
ARG,1991,0.0
ARG,1992,0.0
ARG,1993,0.0
ARG,1994,0.0
ARG,1995,0.0
ARG,1996,0.0
ARG,1997,0.0
ARG,1998,0.0
ARG,1999,0.0
ARG,2000,0.0
ARG,2001,0.0
ARG,2002,0.0
ARG,2003,0.0
ARG,2004,0.0
ARG,2005,0.0
ARG,2006,0.0
ARG,2007,0.0
ARG,2008,0.0
ARG,2009,0.0
ARG,2010,0.0
ARG,2011,0.0
ARG,2012,0.0
ARG,2013,0.0
ARG,2014,0.0
ARG,2015,0.0
ARG,2016,0.0
ARG,2017,0.0
ARG,2018,0.0
ARG,2019,0.0
ARG,2020,0.0
ARG,2021,0.0
ARG,2022,0.0
ARG,2023,0.0
ARG,2024,0.0
ARG,2025,114.0
ARM,1991,1.0
ARM,1992,1.0
ARM,1993,2.0
ARM,2004,1.0
ARM,2008,1.0
ATG,1989,0.0
ATG,1990,0.0
ATG,1991,0.0
ATG,1992,0.0
ATG,1993,0.0
ATG,1994,0.0
ATG,1995,0.0
ATG,1996,0.0
ATG,1997,0.0
ATG,1998,0.0
ATG,1999,0.0
ATG,2000,0.0
ATG,2001,0.0
ATG,2002,0.0
ATG,2003,0.0
ATG,2004,0.0
ATG,2005,0.0
ATG,2006,0.0
ATG,2007,0.0
ATG,2008,0.0
ATG,2009,0.0
ATG,2010,0.0
ATG,2011,0.0
ATG,2012,0.0
ATG,2013,0.0
ATG,2014,0.0
ATG,2015,0.0
ATG,2016,0.0
ATG,2017,0.0
ATG,2018,0.0
ATG,2019,0.0
ATG,2020,0.0
ATG,2021,0.0
ATG,2022,0.0
ATG,2023,0.0
ATG,2024,0.0
ATG,2025,1.0
AUS,1989,0.0
AUS,1990,0.0
AUS,1991,0.0
AUS,1992,0.0
AUS,1993,0.0
AUS,1994,0.0
AUS,1995,0.0
AUS,1996,0.0
AUS,1997,0.0
AUS,1998,0.0
AUS,1999,0.0
AUS,2000,0.0
AUS,2001,0.0
AUS,2002,0.0
AUS,2003,7927.0
AUS,2004,0.0
AUS,2005,0.0
AUS,2006,0.0
AUS,2007,0.0
AUS,2008,0.0
AUS,2009,0.0
AUS,2010,0.0
AUS,2011,0.0
AUS,2012,0.0
AUS,2013,0.0
AUS,2014,0.0
AUS,2015,0.0
AUS,2016,0.0
AUS,2017,0.0
AUS,2018,0.0
AUS,2019,0.0
AUS,2020,0.0
AUS,2021,0.0
AUS,2022,0.0
AUS,2023,0.0
AUS,2024,0.0
AUS,2025,0.0
AZE,1989,0.0
AZE,1990,0.0
AZE,1991,35.0
AZE,1992,2167.0
AZE,1993,1231.0
AZE,1994,1507.0
AZE,1995,44.0
AZE,1996,0.0
AZE,1997,29.0
AZE,1998,34.0
AZE,1999,0.0
AZE,2000,0.0
AZE,2001,0.0
AZE,2002,0.0
AZE,2003,0.0
AZE,2004,0.0
AZE,2005,25.0
AZE,2006,0.0
AZE,2007,0.0
AZE,2008,30.0
AZE,2009,0.0
AZE,2010,0.0
AZE,2011,0.0
AZE,2012,25.0
AZE,2013,0.0
AZE,2014,46.0
AZE,2015,72.0
AZE,2016,141.0
AZE,2017,36.0
AZE,2018,0.0
AZE,2019,0.0
AZE,2020,7646.0
AZE,2021,40.0
AZE,2022,308.0
AZE,2023,462.0
AZE,2024,0.0
AZE,2025,4.0
BDI,1989,0.0
BDI,1990,0.0
BDI,1991,272.0
BDI,1992,61.0
BDI,1993,0.0
BDI,1994,56.0
BDI,1995,382.0
BDI,1996,987.0
BDI,1997,1159.0
BDI,1998,843.0
BDI,1999,781.0
BDI,2000,1529.0
BDI,2001,1246.0
BDI,2002,1293.0
BDI,2003,912.0
BDI,2004,433.0
BDI,2005,298.0
BDI,2006,141.0
BDI,2007,0.0
BDI,2008,226.0
BDI,2009,0.0
BDI,2010,0.0
BDI,2011,0.0
BDI,2012,0.0
BDI,2013,0.0
BDI,2014,56.0
BDI,2015,185.0
BDI,2016,0.0
BDI,2017,0.0
BDI,2018,0.0
BDI,2019,61.0
BDI,2020,139.0
BDI,2021,26.0
BDI,2022,242.0
BDI,2023,93.0
BDI,2024,60.0
BDI,2025,98.0
BEN,1966,1.0
BEN,1981,1.0
BEN,1983,1.0
BEN,1989,0.0
BEN,1990,0.0
BEN,1991,0.0
BEN,1992,0.0
BEN,1993,0.0
BEN,1994,0.0
BEN,1995,0.0
BEN,1996,0.0
BEN,1997,0.0
BEN,1998,0.0
BEN,1999,0.0
BEN,2000,0.0
BEN,2001,0.0
BEN,2002,0.0
BEN,2003,0.0
BEN,2004,0.0
BEN,2005,0.0
BEN,2006,0.0
BEN,2007,0.0
BEN,2008,0.0
BEN,2009,0.0
BEN,2010,0.0
BEN,2011,0.0
BEN,2012,0.0
BEN,2013,0.0
BEN,2014,0.0
BEN,2015,0.0
BEN,2016,0.0
BEN,2017,0.0
BEN,2018,0.0
BEN,2019,0.0
BEN,2020,0.0
BEN,2021,0.0
BEN,2022,30.0
BEN,2023,28.0
BEN,2024,77.0
BEN,2025,176.0
BFA,1989,0.0
BFA,1990,0.0
BFA,1991,0.0
BFA,1992,0.0
BFA,1993,0.0
BFA,1994,0.0
BFA,1995,0.0
BFA,1996,0.0
BFA,1997,0.0
BFA,1998,0.0
BFA,1999,0.0
BFA,2000,0.0
BFA,2001,0.0
BFA,2002,0.0
BFA,2003,0.0
BFA,2004,0.0
BFA,2005,0.0
BFA,2006,0.0
BFA,2007,0.0
BFA,2008,0.0
BFA,2009,0.0
BFA,2010,0.0
BFA,2011,0.0
BFA,2012,0.0
BFA,2013,0.0
BFA,2014,0.0
BFA,2015,0.0
BFA,2016,0.0
BFA,2017,0.0
BFA,2018,79.0
BFA,2019,349.0
BFA,2020,512.0
BFA,2021,991.0
BFA,2022,2093.0
BFA,2023,4608.0
BFA,2024,2199.0
BFA,2025,4392.0
BGD,1971,2.0
BGD,1974,2.0
BGD,1975,1.0
BGD,1976,1.0
BGD,1977,1.0
BGD,1989,26.0
BGD,1990,45.0
BGD,1991,25.0
BGD,1992,0.0
BGD,1993,0.0
BGD,1994,1.0
BGD,1995,1.0
BGD,1996,1.0
BGD,1997,0.0
BGD,1998,0.0
BGD,1999,0.0
BGD,2000,0.0
BGD,2001,0.0
BGD,2002,0.0
BGD,2003,0.0
BGD,2004,1.0
BGD,2005,62.0
BGD,2006,57.0
BGD,2007,1.0
BGD,2008,2.0
BGD,2009,2.0
BGD,2010,2.0
BGD,2011,2.0
BGD,2012,2.0
BGD,2013,2.0
BGD,2014,2.0
BGD,2015,2.0
BGD,2016,41.0
BGD,2017,47.0
BGD,2018,1.0
BGD,2019,1.0
BGD,2020,1.0
BGD,2021,1.0
BGD,2022,1.0
BGD,2023,1.0
BGD,2024,2.0
BGD,2025,49.0
BIH,1989,0.0
BIH,1990,0.0
BIH,1991,0.0
BIH,1992,16882.0
BIH,1993,13160.0
BIH,1994,6936.0
BIH,1995,8549.0
BIH,1996,0.0
BIH,1997,0.0
BIH,1998,0.0
BIH,1999,0.0
BIH,2000,0.0
BIH,2001,0.0
BIH,2002,0.0
BIH,2003,0.0
BIH,2004,0.0
BIH,2005,0.0
BIH,2006,0.0
BIH,2007,0.0
BIH,2008,0.0
BIH,2009,0.0
BIH,2010,0.0
BIH,2011,0.0
BIH,2012,0.0
BIH,2013,0.0
BIH,2014,0.0
BIH,2015,0.0
BIH,2016,0.0
BIH,2017,0.0
BIH,2018,0.0
BIH,2019,0.0
BIH,2020,0.0
BIH,2021,0.0
BIH,2022,0.0
BIH,2023,0.0
BIH,2024,0.0
BIH,2025,0.0
BLZ,1989,0.0
BLZ,1990,0.0
BLZ,1991,0.0
BLZ,1992,0.0
BLZ,1993,0.0
BLZ,1994,0.0
BLZ,1995,0.0
BLZ,1996,0.0
BLZ,1997,0.0
BLZ,1998,0.0
BLZ,1999,0.0
BLZ,2000,0.0
BLZ,2001,0.0
BLZ,2002,0.0
BLZ,2003,0.0
BLZ,2004,0.0
BLZ,2005,0.0
BLZ,2006,0.0
BLZ,2007,0.0
BLZ,2008,0.0
BLZ,2009,0.0
BLZ,2010,0.0
BLZ,2011,0.0
BLZ,2012,0.0
BLZ,2013,0.0
BLZ,2014,0.0
BLZ,2015,0.0
BLZ,2016,0.0
BLZ,2017,0.0
BLZ,2018,0.0
BLZ,2019,0.0
BLZ,2020,0.0
BLZ,2021,0.0
BLZ,2022,0.0
BLZ,2023,0.0
BLZ,2024,0.0
BLZ,2025,13.0
BOL,1946,2.0
BOL,1949,1.0
BOL,1952,1.0
BOL,1967,1.0
BRA,1989,0.0
BRA,1990,0.0
BRA,1991,0.0
BRA,1992,0.0
BRA,1993,0.0
BRA,1994,0.0
BRA,1995,0.0
BRA,1996,0.0
BRA,1997,0.0
BRA,1998,0.0
BRA,1999,0.0
BRA,2000,0.0
BRA,2001,0.0
BRA,2002,0.0
BRA,2003,0.0
BRA,2004,0.0
BRA,2005,0.0
BRA,2006,0.0
BRA,2007,0.0
BRA,2008,0.0
BRA,2009,0.0
BRA,2010,0.0
BRA,2011,0.0
BRA,2012,0.0
BRA,2013,0.0
BRA,2014,0.0
BRA,2015,0.0
BRA,2016,0.0
BRA,2017,0.0
BRA,2018,0.0
BRA,2019,0.0
BRA,2020,0.0
BRA,2021,0.0
BRA,2022,0.0
BRA,2023,0.0
BRA,2024,0.0
BRA,2025,681.0
BRB,1989,0.0
BRB,1990,0.0
BRB,1991,0.0
BRB,1992,0.0
BRB,1993,0.0
BRB,1994,0.0
BRB,1995,0.0
BRB,1996,0.0
BRB,1997,0.0
BRB,1998,0.0
BRB,1999,0.0
BRB,2000,0.0
BRB,2001,0.0
BRB,2002,0.0
BRB,2003,0.0
BRB,2004,0.0
BRB,2005,0.0
BRB,2006,0.0
BRB,2007,0.0
BRB,2008,0.0
BRB,2009,0.0
BRB,2010,0.0
BRB,2011,0.0
BRB,2012,0.0
BRB,2013,0.0
BRB,2014,0.0
BRB,2015,0.0
BRB,2016,0.0
BRB,2017,0.0
BRB,2018,0.0
BRB,2019,0.0
BRB,2020,0.0
BRB,2021,0.0
BRB,2022,0.0
BRB,2023,0.0
BRB,2024,0.0
BRB,2025,3.0
CAF,1964,1.0
CAF,1989,0.0
CAF,1990,0.0
CAF,1991,0.0
CAF,1992,0.0
CAF,1993,0.0
CAF,1994,0.0
CAF,1995,0.0
CAF,1996,0.0
CAF,1997,0.0
CAF,1998,0.0
CAF,1999,0.0
CAF,2000,0.0
CAF,2001,195.0
CAF,2002,131.0
CAF,2003,0.0
CAF,2004,0.0
CAF,2005,0.0
CAF,2006,46.0
CAF,2007,0.0
CAF,2008,0.0
CAF,2009,28.0
CAF,2010,25.0
CAF,2011,44.0
CAF,2012,45.0
CAF,2013,376.0
CAF,2014,136.0
CAF,2015,27.0
CAF,2016,0.0
CAF,2017,35.0
CAF,2018,103.0
CAF,2019,51.0
CAF,2020,57.0
CAF,2021,906.0
CAF,2022,675.0
CAF,2023,261.0
CAF,2024,177.0
CAF,2025,517.0
CHL,1973,1.0
CHN,1946,2.0
CHN,1947,2.0
CHN,1948,2.0
CHN,1949,2.0
CHN,1950,1.0
CHN,1954,2.0
CHN,1956,2.0
CHN,1958,2.0
CHN,1959,2.0
CHN,1962,2.0
CHN,1967,1.0
CHN,1969,1.0
CHN,1974,1.0
CHN,1978,1.0
CHN,1979,2.0
CHN,1980,1.0
CHN,1981,1.0
CHN,1983,1.0
CHN,1984,1.0
CHN,1986,1.0
CHN,1987,1.0
CHN,1988,1.0
CHN,1989,0.0
CHN,1990,0.0
CHN,1991,0.0
CHN,1992,0.0
CHN,1993,0.0
CHN,1994,0.0
CHN,1995,0.0
CHN,1996,0.0
CHN,1997,0.0
CHN,1998,0.0
CHN,1999,0.0
CHN,2000,0.0
CHN,2001,0.0
CHN,2002,0.0
CHN,2003,0.0
CHN,2004,0.0
CHN,2005,0.0
CHN,2006,0.0
CHN,2007,0.0
CHN,2008,36.0
CHN,2009,0.0
CHN,2010,0.0
CHN,2011,0.0
CHN,2012,0.0
CHN,2013,0.0
CHN,2014,0.0
CHN,2015,0.0
CHN,2016,0.0
CHN,2017,0.0
CHN,2018,0.0
CHN,2019,0.0
CHN,2020,25.0
CHN,2021,0.0
CHN,2022,0.0
CHN,2023,0.0
CHN,2024,0.0
CHN,2025,0.0
CIV,1985,1.0
CIV,1987,1.0
CIV,1989,0.0
CIV,1990,0.0
CIV,1991,0.0
CIV,1992,0.0
CIV,1993,0.0
CIV,1994,0.0
CIV,1995,0.0
CIV,1996,0.0
CIV,1997,0.0
CIV,1998,0.0
CIV,1999,0.0
CIV,2000,0.0
CIV,2001,0.0
CIV,2002,661.0
CIV,2003,140.0
CIV,2004,47.0
CIV,2005,0.0
CIV,2006,0.0
CIV,2007,0.0
CIV,2008,0.0
CIV,2009,0.0
CIV,2010,0.0
CIV,2011,98.0
CIV,2012,0.0
CIV,2013,0.0
CIV,2014,0.0
CIV,2015,0.0
CIV,2016,0.0
CIV,2017,0.0
CIV,2018,1.0
CIV,2019,1.0
CIV,2020,1.0
CIV,2021,1.0
CIV,2022,2.0
CIV,2023,2.0
CIV,2024,2.0
CIV,2025,15.0
CMR,1960,2.0
CMR,1961,1.0
CMR,1984,1.0
CMR,1989,0.0
CMR,1990,0.0
CMR,1991,0.0
CMR,1992,0.0
CMR,1993,0.0
CMR,1994,0.0
CMR,1995,0.0
CMR,1996,56.0
CMR,1997,0.0
CMR,1998,0.0
CMR,1999,0.0
CMR,2000,0.0
CMR,2001,0.0
CMR,2002,0.0
CMR,2003,0.0
CMR,2004,0.0
CMR,2005,0.0
CMR,2006,0.0
CMR,2007,0.0
CMR,2008,0.0
CMR,2009,0.0
CMR,2010,0.0
CMR,2011,0.0
CMR,2012,0.0
CMR,2013,0.0
CMR,2014,0.0
CMR,2015,995.0
CMR,2016,221.0
CMR,2017,98.0
CMR,2018,754.0
CMR,2019,693.0
CMR,2020,429.0
CMR,2021,581.0
CMR,2022,406.0
CMR,2023,359.0
CMR,2024,231.0
CMR,2025,435.0
COD,1966,1.0
COD,1967,1.0
COD,1968,1.0
COD,1969,1.0
COD,1970,1.0
COD,1971,1.0
COD,1972,1.0
COD,1976,1.0
COD,1977,1.0
COD,1978,2.0
COD,1979,2.0
COD,1980,2.0
COD,1981,1.0
COD,1982,1.0
COD,1983,1.0
COD,1984,1.0
COD,1986,1.0
COD,1987,2.0
COD,1989,1.0
COD,1990,2.0
COD,1991,1.0
COD,1992,1.0
COD,1993,1.0
COD,1994,1.0
COD,1995,0.0
COD,1996,1288.0
COD,1997,4465.0
COD,1998,3343.0
COD,1999,2953.0
COD,2000,1294.0
COD,2001,454.0
COD,2002,1.0
COD,2003,1.0
COD,2004,0.0
COD,2005,34.0
COD,2006,182.0
COD,2007,632.0
COD,2008,736.0
COD,2009,1.0
COD,2010,1.0
COD,2011,82.0
COD,2012,734.0
COD,2013,1474.0
COD,2014,146.0
COD,2015,1.0
COD,2016,506.0
COD,2017,3491.0
COD,2018,817.0
COD,2019,514.0
COD,2020,986.0
COD,2021,1017.0
COD,2022,1458.0
COD,2023,550.0
COD,2024,1054.0
COD,2025,9382.0
COG,1989,0.0
COG,1990,0.0
COG,1991,0.0
COG,1992,0.0
COG,1993,53.0
COG,1994,0.0
COG,1995,0.0
COG,1996,0.0
COG,1997,10033.0
COG,1998,3272.0
COG,1999,626.0
COG,2000,0.0
COG,2001,1.0
COG,2002,167.0
COG,2003,0.0
COG,2004,0.0
COG,2005,0.0
COG,2006,1.0
COG,2007,0.0
COG,2008,0.0
COG,2009,1.0
COG,2010,1.0
COG,2011,1.0
COG,2012,1.0
COG,2013,1.0
COG,2014,1.0
COG,2015,1.0
COG,2016,73.0
COG,2017,1.0
COG,2018,1.0
COG,2019,1.0
COG,2020,1.0
COG,2021,1.0
COG,2022,1.0
COG,2023,1.0
COG,2024,1.0
COG,2025,0.0
COL,1964,1.0
COL,1965,1.0
COL,1966,1.0
COL,1967,1.0
COL,1968,1.0
COL,1969,1.0
COL,1970,1.0
COL,1971,1.0
COL,1972,1.0
COL,1973,1.0
COL,1974,1.0
COL,1975,1.0
COL,1976,1.0
COL,1977,1.0
COL,1978,1.0
COL,1979,1.0
COL,1980,1.0
COL,1981,1.0
COL,1982,1.0
COL,1983,1.0
COL,1984,1.0
COL,1985,2.0
COL,1986,1.0
COL,1987,1.0
COL,1988,1.0
COL,1989,238.0
COL,1990,501.0
COL,1991,725.0
COL,1992,1479.0
COL,1993,182.0
COL,1994,1123.0
COL,1995,823.0
COL,1996,1192.0
COL,1997,560.0
COL,1998,939.0
COL,1999,1578.0
COL,2000,1879.0
COL,2001,1864.0
COL,2002,3387.0
COL,2003,2086.0
COL,2004,1360.0
COL,2005,1561.0
COL,2006,503.0
COL,2007,318.0
COL,2008,282.0
COL,2009,379.0
COL,2010,419.0
COL,2011,202.0
COL,2012,211.0
COL,2013,140.0
COL,2014,119.0
COL,2015,134.0
COL,2016,30.0
COL,2017,0.0
COL,2018,131.0
COL,2019,117.0
COL,2020,28.0
COL,2021,113.0
COL,2022,122.0
COL,2023,89.0
COL,2024,225.0
COL,2025,1151.0
COM,1989,29.0
COM,1990,0.0
COM,1991,0.0
COM,1992,0.0
COM,1993,0.0
COM,1994,0.0
COM,1995,0.0
COM,1996,0.0
COM,1997,56.0
COM,1998,0.0
COM,1999,0.0
COM,2000,0.0
COM,2001,0.0
COM,2002,0.0
COM,2003,0.0
COM,2004,0.0
COM,2005,0.0
COM,2006,0.0
COM,2007,0.0
COM,2008,0.0
COM,2009,0.0
COM,2010,0.0
COM,2011,0.0
COM,2012,0.0
COM,2013,0.0
COM,2014,0.0
COM,2015,0.0
COM,2016,0.0
COM,2017,0.0
COM,2018,0.0
COM,2019,0.0
COM,2020,0.0
COM,2021,0.0
COM,2022,0.0
COM,2023,0.0
COM,2024,0.0
COM,2025,0.0
CRI,1989,1.0
CRI,1990,0.0
CRI,1991,0.0
CRI,1992,0.0
CRI,1993,0.0
CRI,1994,0.0
CRI,1995,0.0
CRI,1996,0.0
CRI,1997,0.0
CRI,1998,0.0
CRI,1999,0.0
CRI,2000,0.0
CRI,2001,0.0
CRI,2002,0.0
CRI,2003,0.0
CRI,2004,0.0
CRI,2005,0.0
CRI,2006,0.0
CRI,2007,0.0
CRI,2008,0.0
CRI,2009,0.0
CRI,2010,0.0
CRI,2011,0.0
CRI,2012,0.0
CRI,2013,0.0
CRI,2014,0.0
CRI,2015,0.0
CRI,2016,0.0
CRI,2017,0.0
CRI,2018,0.0
CRI,2019,0.0
CRI,2020,0.0
CRI,2021,0.0
CRI,2022,0.0
CRI,2023,0.0
CRI,2024,0.0
CRI,2025,447.0
CUB,1953,1.0
CUB,1956,1.0
CUB,1957,1.0
CUB,1958,2.0
CUB,1961,1.0
CYP,1974,2.0
DJI,1989,0.0
DJI,1990,0.0
DJI,1991,60.0
DJI,1992,129.0
DJI,1993,33.0
DJI,1994,39.0
DJI,1995,0.0
DJI,1996,0.0
DJI,1997,0.0
DJI,1998,0.0
DJI,1999,25.0
DJI,2000,0.0
DJI,2001,0.0
DJI,2002,0.0
DJI,2003,0.0
DJI,2004,0.0
DJI,2005,0.0
DJI,2006,0.0
DJI,2007,0.0
DJI,2008,35.0
DJI,2009,0.0
DJI,2010,0.0
DJI,2011,0.0
DJI,2012,0.0
DJI,2013,0.0
DJI,2014,0.0
DJI,2015,0.0
DJI,2016,0.0
DJI,2017,0.0
DJI,2018,0.0
DJI,2019,0.0
DJI,2020,0.0
DJI,2021,0.0
DJI,2022,0.0
DJI,2023,0.0
DJI,2024,0.0
DJI,2025,0.0
DOM,1965,1.0
DOM,1989,0.0
DOM,1990,0.0
DOM,1991,0.0
DOM,1992,0.0
DOM,1993,0.0
DOM,1994,0.0
DOM,1995,0.0
DOM,1996,0.0
DOM,1997,0.0
DOM,1998,0.0
DOM,1999,0.0
DOM,2000,0.0
DOM,2001,0.0
DOM,2002,0.0
DOM,2003,0.0
DOM,2004,0.0
DOM,2005,0.0
DOM,2006,0.0
DOM,2007,0.0
DOM,2008,0.0
DOM,2009,0.0
DOM,2010,0.0
DOM,2011,0.0
DOM,2012,0.0
DOM,2013,0.0
DOM,2014,0.0
DOM,2015,0.0
DOM,2016,0.0
DOM,2017,0.0
DOM,2018,0.0
DOM,2019,0.0
DOM,2020,0.0
DOM,2021,0.0
DOM,2022,0.0
DOM,2023,0.0
DOM,2024,0.0
DOM,2025,46.0
DZA,1989,0.0
DZA,1990,0.0
DZA,1991,34.0
DZA,1992,257.0
DZA,1993,800.0
DZA,1994,1916.0
DZA,1995,3008.0
DZA,1996,1084.0
DZA,1997,1403.0
DZA,1998,3029.0
DZA,1999,1031.0
DZA,2000,947.0
DZA,2001,642.0
DZA,2002,539.0
DZA,2003,670.0
DZA,2004,451.0
DZA,2005,229.0
DZA,2006,255.0
DZA,2007,472.0
DZA,2008,339.0
DZA,2009,505.0
DZA,2010,236.0
DZA,2011,267.0
DZA,2012,256.0
DZA,2013,147.0
DZA,2014,107.0
DZA,2015,110.0
DZA,2016,86.0
DZA,2017,60.0
DZA,2018,33.0
DZA,2019,2.0
DZA,2020,26.0
DZA,2021,0.0
DZA,2022,0.0
DZA,2023,0.0
DZA,2024,0.0
DZA,2025,40.0
ECU,1989,0.0
ECU,1990,0.0
ECU,1991,0.0
ECU,1992,0.0
ECU,1993,0.0
ECU,1994,0.0
ECU,1995,99.0
ECU,1996,0.0
ECU,1997,0.0
ECU,1998,0.0
ECU,1999,0.0
ECU,2000,0.0
ECU,2001,0.0
ECU,2002,0.0
ECU,2003,0.0
ECU,2004,0.0
ECU,2005,0.0
ECU,2006,0.0
ECU,2007,0.0
ECU,2008,0.0
ECU,2009,0.0
ECU,2010,0.0
ECU,2011,0.0
ECU,2012,0.0
ECU,2013,0.0
ECU,2014,0.0
ECU,2015,0.0
ECU,2016,0.0
ECU,2017,0.0
ECU,2018,0.0
ECU,2019,0.0
ECU,2020,0.0
ECU,2021,0.0
ECU,2022,0.0
ECU,2023,0.0
ECU,2024,0.0
ECU,2025,520.0
EGY,1951,1.0
EGY,1952,1.0
EGY,1956,2.0
EGY,1967,2.0
EGY,1969,1.0
EGY,1970,1.0
EGY,1973,2.0
EGY,1989,0.0
EGY,1990,0.0
EGY,1991,0.0
EGY,1992,0.0
EGY,1993,103.0
EGY,1994,145.0
EGY,1995,191.0
EGY,1996,85.0
EGY,1997,66.0
EGY,1998,27.0
EGY,1999,0.0
EGY,2000,0.0
EGY,2001,0.0
EGY,2002,0.0
EGY,2003,0.0
EGY,2004,0.0
EGY,2005,0.0
EGY,2006,0.0
EGY,2007,0.0
EGY,2008,0.0
EGY,2009,0.0
EGY,2010,0.0
EGY,2011,0.0
EGY,2012,0.0
EGY,2013,0.0
EGY,2014,184.0
EGY,2015,767.0
EGY,2016,355.0
EGY,2017,497.0
EGY,2018,680.0
EGY,2019,637.0
EGY,2020,527.0
EGY,2021,112.0
EGY,2022,231.0
EGY,2023,0.0
EGY,2024,0.0
EGY,2025,4.0
ERI,1989,0.0
ERI,1990,0.0
ERI,1991,0.0
ERI,1992,0.0
ERI,1993,0.0
ERI,1994,0.0
ERI,1995,0.0
ERI,1996,0.0
ERI,1997,31.0
ERI,1998,1000.0
ERI,1999,47217.0
ERI,2000,50000.0
ERI,2001,0.0
ERI,2002,0.0
ERI,2003,57.0
ERI,2004,0.0
ERI,2005,0.0
ERI,2006,0.0
ERI,2007,0.0
ERI,2008,35.0
ERI,2009,0.0
ERI,2010,0.0
ERI,2011,0.0
ERI,2012,0.0
ERI,2013,0.0
ERI,2014,0.0
ERI,2015,0.0
ERI,2016,25.0
ERI,2017,0.0
ERI,2018,0.0
ERI,2019,0.0
ERI,2020,0.0
ERI,2021,0.0
ERI,2022,0.0
ERI,2023,0.0
ERI,2024,0.0
ERI,2025,0.0
ESP,1957,1.0
ESP,1958,1.0
ESP,1978,1.0
ESP,1979,1.0
ESP,1980,1.0
ESP,1981,1.0
ESP,1982,1.0
ESP,1985,1.0
ESP,1986,1.0
ESP,1987,1.0
ESP,1989,0.0
ESP,1990,0.0
ESP,1991,45.0
ESP,1992,0.0
ESP,1993,0.0
ESP,1994,0.0
ESP,1995,0.0
ESP,1996,0.0
ESP,1997,0.0
ESP,1998,0.0
ESP,1999,0.0
ESP,2000,0.0
ESP,2001,0.0
ESP,2002,0.0
ESP,2003,0.0
ESP,2004,0.0
ESP,2005,0.0
ESP,2006,0.0
ESP,2007,0.0
ESP,2008,0.0
ESP,2009,0.0
ESP,2010,0.0
ESP,2011,0.0
ESP,2012,0.0
ESP,2013,0.0
ESP,2014,0.0
ESP,2015,0.0
ESP,2016,0.0
ESP,2017,0.0
ESP,2018,0.0
ESP,2019,0.0
ESP,2020,0.0
ESP,2021,0.0
ESP,2022,0.0
ESP,2023,0.0
ESP,2024,0.0
ESP,2025,0.0
ETH,1989,24358.0
ETH,1990,49698.0
ETH,1991,12225.0
ETH,1992,165.0
ETH,1993,36.0
ETH,1994,75.0
ETH,1995,25.0
ETH,1996,236.0
ETH,1997,0.0
ETH,1998,1050.0
ETH,1999,47925.0
ETH,2000,50050.0
ETH,2001,50.0
ETH,2002,50.0
ETH,2003,50.0
ETH,2004,50.0
ETH,2005,83.0
ETH,2006,50.0
ETH,2007,177.0
ETH,2008,50.0
ETH,2009,515.0
ETH,2010,151.0
ETH,2011,50.0
ETH,2012,50.0
ETH,2013,77.0
ETH,2014,25.0
ETH,2015,50.0
ETH,2016,75.0
ETH,2017,0.0
ETH,2018,0.0
ETH,2019,67.0
ETH,2020,20916.0
ETH,2021,124549.0
ETH,2022,163219.0
ETH,2023,1682.0
ETH,2024,2824.0
ETH,2025,4012.0
FRA,1946,2.0
FRA,1947,2.0
FRA,1948,2.0
FRA,1949,2.0
FRA,1950,2.0
FRA,1951,2.0
FRA,1952,2.0
FRA,1953,2.0
FRA,1954,2.0
FRA,1955,2.0
FRA,1956,2.0
FRA,1957,2.0
FRA,1958,2.0
FRA,1959,2.0
FRA,1960,2.0
FRA,1961,2.0
FRA,1962,2.0
GAB,1960,1.0
GAB,1961,1.0
GAB,1962,1.0
GAB,1964,2.0
GAB,1965,2.0
GAB,1967,1.0
GAB,1977,1.0
GAB,1978,1.0
GAB,1996,2.0
GAB,1997,2.0
GAB,1998,2.0
GAB,1999,2.0
GAB,2000,2.0
GAB,2001,1.0
GAB,2005,1.0
GAB,2006,1.0
GAB,2007,1.0
GAB,2008,1.0
GAB,2011,1.0
GAB,2012,1.0
GAB,2013,2.0
GAB,2014,1.0
GAB,2016,1.0
GAB,2017,2.0
GAB,2018,1.0
GAB,2019,1.0
GAB,2020,1.0
GAB,2021,1.0
GAB,2022,1.0
GAB,2023,1.0
GAB,2024,1.0
GBR,1946,1.0
GBR,1948,1.0
GBR,1949,1.0
GBR,1950,2.0
GBR,1951,2.0
GBR,1952,2.0
GBR,1953,2.0
GBR,1954,2.0
GBR,1955,2.0
GBR,1956,2.0
GBR,1957,1.0
GBR,1958,1.0
GBR,1959,1.0
GBR,1962,1.0
GBR,1964,1.0
GBR,1965,1.0
GBR,1966,1.0
GBR,1967,1.0
GBR,1971,1.0
GBR,1972,1.0
GBR,1973,1.0
GBR,1974,1.0
GBR,1975,1.0
GBR,1976,1.0
GBR,1977,1.0
GBR,1978,1.0
GBR,1979,1.0
GBR,1980,1.0
GBR,1981,1.0
GBR,1982,1.0
GBR,1983,1.0
GBR,1984,1.0
GBR,1985,1.0
GBR,1986,1.0
GBR,1987,1.0
GBR,1988,1.0
GBR,1989,38.0
GBR,1990,44.0
GBR,1991,26.0
GBR,1992,0.0
GBR,1993,0.0
GBR,1994,0.0
GBR,1995,0.0
GBR,1996,0.0
GBR,1997,0.0
GBR,1998,29.0
GBR,1999,0.0
GBR,2000,0.0
GBR,2001,1397.0
GBR,2002,0.0
GBR,2003,7927.0
GBR,2004,0.0
GBR,2005,0.0
GBR,2006,0.0
GBR,2007,0.0
GBR,2008,0.0
GBR,2009,0.0
GBR,2010,0.0
GBR,2011,0.0
GBR,2012,0.0
GBR,2013,0.0
GBR,2014,0.0
GBR,2015,0.0
GBR,2016,0.0
GBR,2017,0.0
GBR,2018,0.0
GBR,2019,0.0
GBR,2020,0.0
GBR,2021,0.0
GBR,2022,0.0
GBR,2023,0.0
GBR,2024,117.0
GBR,2025,0.0
GEO,1989,0.0
GEO,1990,0.0
GEO,1991,52.0
GEO,1992,771.0
GEO,1993,1763.0
GEO,1994,0.0
GEO,1995,0.0
GEO,1996,0.0
GEO,1997,0.0
GEO,1998,0.0
GEO,1999,0.0
GEO,2000,0.0
GEO,2001,0.0
GEO,2002,0.0
GEO,2003,0.0
GEO,2004,27.0
GEO,2005,0.0
GEO,2006,0.0
GEO,2007,0.0
GEO,2008,621.0
GEO,2009,0.0
GEO,2010,0.0
GEO,2011,0.0
GEO,2012,0.0
GEO,2013,0.0
GEO,2014,0.0
GEO,2015,0.0
GEO,2016,0.0
GEO,2017,0.0
GEO,2018,0.0
GEO,2019,0.0
GEO,2020,0.0
GEO,2021,0.0
GEO,2022,0.0
GEO,2023,0.0
GEO,2024,0.0
GEO,2025,0.0
GHA,1980,1.0
GHA,1989,1.0
GHA,1990,1.0
GHA,1991,0.0
GHA,1992,0.0
GHA,1993,0.0
GHA,1994,0.0
GHA,1995,0.0
GHA,1996,0.0
GHA,1997,0.0
GHA,1998,0.0
GHA,1999,0.0
GHA,2000,1.0
GHA,2001,1.0
GHA,2002,1.0
GHA,2003,2.0
GHA,2004,0.0
GHA,2005,0.0
GHA,2006,0.0
GHA,2007,0.0
GHA,2008,0.0
GHA,2009,0.0
GHA,2010,0.0
GHA,2011,0.0
GHA,2012,0.0
GHA,2013,0.0
GHA,2014,0.0
GHA,2015,0.0
GHA,2016,0.0
GHA,2017,0.0
GHA,2018,0.0
GHA,2019,0.0
GHA,2020,0.0
GHA,2021,0.0
GHA,2022,0.0
GHA,2023,0.0
GHA,2024,0.0
GHA,2025,113.0
GIN,1989,0.0
GIN,1990,0.0
GIN,1991,1.0
GIN,1992,1.0
GIN,1993,0.0
GIN,1994,1.0
GIN,1995,1.0
GIN,1996,0.0
GIN,1997,1.0
GIN,1998,0.0
GIN,1999,0.0
GIN,2000,217.0
GIN,2001,432.0
GIN,2002,0.0
GIN,2003,0.0
GIN,2004,0.0
GIN,2005,0.0
GIN,2006,0.0
GIN,2007,1.0
GIN,2008,1.0
GIN,2009,0.0
GIN,2010,0.0
GIN,2011,0.0
GIN,2012,0.0
GIN,2013,0.0
GIN,2014,0.0
GIN,2015,1.0
GIN,2016,1.0
GIN,2017,1.0
GIN,2018,1.0
GIN,2019,1.0
GIN,2020,1.0
GIN,2021,1.0
GIN,2022,1.0
GIN,2023,1.0
GIN,2024,1.0
GIN,2025,1.0
GMB,2022,1.0
GMB,2023,1.0
GMB,2024,1.0
GNB,1989,0.0
GNB,1990,0.0
GNB,1991,0.0
GNB,1992,0.0
GNB,1993,0.0
GNB,1994,0.0
GNB,1995,0.0
GNB,1996,0.0
GNB,1997,0.0
GNB,1998,505.0
GNB,1999,199.0
GNB,2000,0.0
GNB,2001,0.0
GNB,2002,0.0
GNB,2003,0.0
GNB,2004,0.0
GNB,2005,0.0
GNB,2006,0.0
GNB,2007,0.0
GNB,2008,0.0
GNB,2009,0.0
GNB,2010,0.0
GNB,2011,0.0
GNB,2012,0.0
GNB,2013,0.0
GNB,2014,0.0
GNB,2015,0.0
GNB,2016,0.0
GNB,2017,0.0
GNB,2018,0.0
GNB,2019,0.0
GNB,2020,0.0
GNB,2021,0.0
GNB,2022,0.0
GNB,2023,0.0
GNB,2024,0.0
GNB,2025,0.0
GRC,1946,2.0
GRC,1947,2.0
GRC,1948,2.0
GRC,1949,2.0
GTM,1949,1.0
GTM,1954,1.0
GTM,1963,1.0
GTM,1965,1.0
GTM,1966,1.0
GTM,1967,1.0
GTM,1968,1.0
GTM,1969,1.0
GTM,1970,1.0
GTM,1971,1.0
GTM,1972,1.0
GTM,1973,1.0
GTM,1974,1.0
GTM,1975,1.0
GTM,1976,1.0
GTM,1977,1.0
GTM,1978,1.0
GTM,1979,1.0
GTM,1980,1.0
GTM,1981,1.0
GTM,1982,1.0
GTM,1983,1.0
GTM,1984,1.0
GTM,1985,1.0
GTM,1986,1.0
GTM,1987,1.0
GTM,1988,1.0
GTM,1989,82.0
GTM,1990,83.0
GTM,1991,72.0
GTM,1992,67.0
GTM,1993,58.0
GTM,1994,37.0
GTM,1995,27.0
GTM,1996,0.0
GTM,1997,0.0
GTM,1998,0.0
GTM,1999,0.0
GTM,2000,0.0
GTM,2001,0.0
GTM,2002,0.0
GTM,2003,0.0
GTM,2004,0.0
GTM,2005,0.0
GTM,2006,0.0
GTM,2007,0.0
GTM,2008,0.0
GTM,2009,0.0
GTM,2010,0.0
GTM,2011,0.0
GTM,2012,0.0
GTM,2013,0.0
GTM,2014,0.0
GTM,2015,0.0
GTM,2016,0.0
GTM,2017,0.0
GTM,2018,0.0
GTM,2019,0.0
GTM,2020,0.0
GTM,2021,0.0
GTM,2022,0.0
GTM,2023,0.0
GTM,2024,0.0
GTM,2025,26.0
HND,1969,2.0
HND,1972,1.0
HND,1979,1.0
HND,1980,1.0
HND,1981,2.0
HND,1982,2.0
HND,1983,2.0
HND,1984,2.0
HND,1985,2.0
HND,1986,2.0
HND,1987,2.0
HND,1988,2.0
HND,1989,2.0
HND,1990,1.0
HND,1991,1.0
HND,1992,0.0
HND,1993,0.0
HND,1994,0.0
HND,1995,0.0
HND,1996,0.0
HND,1997,0.0
HND,1998,0.0
HND,1999,0.0
HND,2000,0.0
HND,2001,0.0
HND,2002,0.0
HND,2003,0.0
HND,2004,0.0
HND,2005,0.0
HND,2006,0.0
HND,2007,0.0
HND,2008,0.0
HND,2009,0.0
HND,2010,0.0
HND,2011,0.0
HND,2012,0.0
HND,2013,0.0
HND,2014,0.0
HND,2015,0.0
HND,2016,0.0
HND,2017,0.0
HND,2018,0.0
HND,2019,0.0
HND,2020,0.0
HND,2021,0.0
HND,2022,0.0
HND,2023,0.0
HND,2024,0.0
HND,2025,11.0
HRV,1989,0.0
HRV,1990,0.0
HRV,1991,0.0
HRV,1992,4034.0
HRV,1993,418.0
HRV,1994,86.0
HRV,1995,1132.0
HRV,1996,0.0
HRV,1997,0.0
HRV,1998,0.0
HRV,1999,0.0
HRV,2000,0.0
HRV,2001,0.0
HRV,2002,0.0
HRV,2003,0.0
HRV,2004,0.0
HRV,2005,0.0
HRV,2006,0.0
HRV,2007,0.0
HRV,2008,0.0
HRV,2009,0.0
HRV,2010,0.0
HRV,2011,0.0
HRV,2012,0.0
HRV,2013,0.0
HRV,2014,0.0
HRV,2015,0.0
HRV,2016,0.0
HRV,2017,0.0
HRV,2018,0.0
HRV,2019,0.0
HRV,2020,0.0
HRV,2021,0.0
HRV,2022,0.0
HRV,2023,0.0
HRV,2024,0.0
HRV,2025,0.0
HTI,1989,48.0
HTI,1990,0.0
HTI,1991,160.0
HTI,1992,0.0
HTI,1993,0.0
HTI,1994,0.0
HTI,1995,0.0
HTI,1996,0.0
HTI,1997,0.0
HTI,1998,0.0
HTI,1999,0.0
HTI,2000,0.0
HTI,2001,0.0
HTI,2002,0.0
HTI,2003,0.0
HTI,2004,207.0
HTI,2005,0.0
HTI,2006,0.0
HTI,2007,0.0
HTI,2008,0.0
HTI,2009,0.0
HTI,2010,0.0
HTI,2011,0.0
HTI,2012,0.0
HTI,2013,0.0
HTI,2014,0.0
HTI,2015,0.0
HTI,2016,0.0
HTI,2017,0.0
HTI,2018,0.0
HTI,2019,0.0
HTI,2020,0.0
HTI,2021,0.0
HTI,2022,0.0
HTI,2023,0.0
HTI,2024,193.0
HTI,2025,1748.0
HUN,1956,2.0
IDN,1950,2.0
IDN,1953,2.0
IDN,1958,2.0
IDN,1959,2.0
IDN,1960,1.0
IDN,1961,2.0
IDN,1962,1.0
IDN,1963,1.0
IDN,1964,1.0
IDN,1965,1.0
IDN,1966,1.0
IDN,1967,1.0
IDN,1968,1.0
IDN,1969,1.0
IDN,1975,2.0
IDN,1976,2.0
IDN,1977,2.0
IDN,1978,2.0
IDN,1979,1.0
IDN,1980,1.0
IDN,1981,2.0
IDN,1982,1.0
IDN,1983,1.0
IDN,1984,1.0
IDN,1985,1.0
IDN,1986,1.0
IDN,1987,1.0
IDN,1988,1.0
IDN,1989,0.0
IDN,1990,72.0
IDN,1991,58.0
IDN,1992,39.0
IDN,1993,0.0
IDN,1994,0.0
IDN,1995,0.0
IDN,1996,0.0
IDN,1997,51.0
IDN,1998,30.0
IDN,1999,213.0
IDN,2000,286.0
IDN,2001,278.0
IDN,2002,466.0
IDN,2003,868.0
IDN,2004,935.0
IDN,2005,213.0
IDN,2006,0.0
IDN,2007,0.0
IDN,2008,0.0
IDN,2009,0.0
IDN,2010,0.0
IDN,2011,0.0
IDN,2012,0.0
IDN,2013,0.0
IDN,2014,0.0
IDN,2015,0.0
IDN,2016,0.0
IDN,2017,0.0
IDN,2018,28.0
IDN,2019,34.0
IDN,2020,31.0
IDN,2021,51.0
IDN,2022,46.0
IDN,2023,59.0
IDN,2024,57.0
IDN,2025,152.0
IND,1948,2.0
IND,1949,2.0
IND,1950,2.0
IND,1951,2.0
IND,1956,1.0
IND,1957,1.0
IND,1958,1.0
IND,1959,1.0
IND,1961,1.0
IND,1962,1.0
IND,1963,1.0
IND,1964,1.0
IND,1965,2.0
IND,1966,1.0
IND,1967,1.0
IND,1968,1.0
IND,1969,1.0
IND,1970,1.0
IND,1971,2.0
IND,1979,1.0
IND,1980,1.0
IND,1981,1.0
IND,1982,1.0
IND,1983,1.0
IND,1984,1.0
IND,1985,1.0
IND,1986,1.0
IND,1987,1.0
IND,1988,2.0
IND,1989,1002.0
IND,1990,2396.0
IND,1991,3180.0
IND,1992,3078.0
IND,1993,1503.0
IND,1994,1214.0
IND,1995,836.0
IND,1996,838.0
IND,1997,999.0
IND,1998,933.0
IND,1999,2073.0
IND,2000,3015.0
IND,2001,1336.0
IND,2002,2033.0
IND,2003,1875.0
IND,2004,1667.0
IND,2005,1382.0
IND,2006,1373.0
IND,2007,1086.0
IND,2008,1083.0
IND,2009,1115.0
IND,2010,1028.0
IND,2011,439.0
IND,2012,416.0
IND,2013,420.0
IND,2014,491.0
IND,2015,535.0
IND,2016,697.0
IND,2017,757.0
IND,2018,851.0
IND,2019,647.0
IND,2020,651.0
IND,2021,431.0
IND,2022,310.0
IND,2023,215.0
IND,2024,437.0
IND,2025,675.0
IRN,1946,1.0
IRN,1966,1.0
IRN,1967,1.0
IRN,1968,1.0
IRN,1974,1.0
IRN,1979,2.0
IRN,1980,2.0
IRN,1981,2.0
IRN,1982,2.0
IRN,1983,2.0
IRN,1984,2.0
IRN,1985,2.0
IRN,1986,2.0
IRN,1987,2.0
IRN,1988,2.0
IRN,1989,0.0
IRN,1990,31.0
IRN,1991,45.0
IRN,1992,0.0
IRN,1993,186.0
IRN,1994,0.0
IRN,1995,0.0
IRN,1996,27.0
IRN,1997,38.0
IRN,1998,0.0
IRN,1999,28.0
IRN,2000,40.0
IRN,2001,119.0
IRN,2002,0.0
IRN,2003,0.0
IRN,2004,0.0
IRN,2005,28.0
IRN,2006,57.0
IRN,2007,86.0
IRN,2008,121.0
IRN,2009,133.0
IRN,2010,74.0
IRN,2011,242.0
IRN,2012,0.0
IRN,2013,0.0
IRN,2014,0.0
IRN,2015,0.0
IRN,2016,30.0
IRN,2017,27.0
IRN,2018,183.0
IRN,2019,169.0
IRN,2020,496.0
IRN,2021,196.0
IRN,2022,56.0
IRN,2023,194.0
IRN,2024,662.0
IRN,2025,1310.0
IRQ,1958,1.0
IRQ,1959,1.0
IRQ,1961,2.0
IRQ,1962,2.0
IRQ,1963,2.0
IRQ,1964,1.0
IRQ,1965,2.0
IRQ,1966,2.0
IRQ,1967,1.0
IRQ,1968,1.0
IRQ,1969,2.0
IRQ,1970,1.0
IRQ,1973,1.0
IRQ,1974,2.0
IRQ,1975,2.0
IRQ,1976,1.0
IRQ,1977,1.0
IRQ,1978,1.0
IRQ,1979,1.0
IRQ,1980,1.0
IRQ,1981,1.0
IRQ,1982,1.0
IRQ,1983,1.0
IRQ,1984,1.0
IRQ,1985,1.0
IRQ,1986,1.0
IRQ,1987,1.0
IRQ,1988,2.0
IRQ,1989,50.0
IRQ,1990,1152.0
IRQ,1991,23274.0
IRQ,1992,306.0
IRQ,1993,75.0
IRQ,1994,34.0
IRQ,1995,587.0
IRQ,1996,398.0
IRQ,1997,0.0
IRQ,1998,0.0
IRQ,1999,0.0
IRQ,2000,0.0
IRQ,2001,0.0
IRQ,2002,0.0
IRQ,2003,7927.0
IRQ,2004,4094.0
IRQ,2005,2608.0
IRQ,2006,3923.0
IRQ,2007,2212.0
IRQ,2008,2112.0
IRQ,2009,1036.0
IRQ,2010,989.0
IRQ,2011,864.0
IRQ,2012,565.0
IRQ,2013,1870.0
IRQ,2014,13797.0
IRQ,2015,10982.0
IRQ,2016,9775.0
IRQ,2017,10012.0
IRQ,2018,866.0
IRQ,2019,498.0
IRQ,2020,674.0
IRQ,2021,707.0
IRQ,2022,340.0
IRQ,2023,203.0
IRQ,2024,217.0
IRQ,2025,143.0
ISR,1949,1.0
ISR,1950,1.0
ISR,1951,1.0
ISR,1952,1.0
ISR,1953,1.0
ISR,1954,1.0
ISR,1955,1.0
ISR,1956,1.0
ISR,1957,1.0
ISR,1958,1.0
ISR,1959,1.0
ISR,1960,1.0
ISR,1961,1.0
ISR,1962,1.0
ISR,1963,1.0
ISR,1964,1.0
ISR,1965,1.0
ISR,1966,1.0
ISR,1967,2.0
ISR,1968,1.0
ISR,1969,1.0
ISR,1970,1.0
ISR,1971,1.0
ISR,1972,1.0
ISR,1973,2.0
ISR,1974,1.0
ISR,1975,1.0
ISR,1976,1.0
ISR,1977,1.0
ISR,1978,1.0
ISR,1979,1.0
ISR,1980,1.0
ISR,1981,1.0
ISR,1982,2.0
ISR,1983,1.0
ISR,1984,1.0
ISR,1985,1.0
ISR,1986,1.0
ISR,1987,1.0
ISR,1988,1.0
ISR,1989,54.0
ISR,1990,71.0
ISR,1991,56.0
ISR,1992,120.0
ISR,1993,171.0
ISR,1994,126.0
ISR,1995,108.0
ISR,1996,162.0
ISR,1997,88.0
ISR,1998,54.0
ISR,1999,41.0
ISR,2000,104.0
ISR,2001,244.0
ISR,2002,613.0
ISR,2003,308.0
ISR,2004,386.0
ISR,2005,123.0
ISR,2006,1649.0
ISR,2007,276.0
ISR,2008,668.0
ISR,2009,696.0
ISR,2010,27.0
ISR,2011,78.0
ISR,2012,235.0
ISR,2013,0.0
ISR,2014,2378.0
ISR,2015,0.0
ISR,2016,0.0
ISR,2017,0.0
ISR,2018,164.0
ISR,2019,188.0
ISR,2020,461.0
ISR,2021,435.0
ISR,2022,140.0
ISR,2023,26995.0
ISR,2024,26376.0
ISR,2025,14522.0
JAM,1989,0.0
JAM,1990,0.0
JAM,1991,0.0
JAM,1992,0.0
JAM,1993,0.0
JAM,1994,0.0
JAM,1995,0.0
JAM,1996,0.0
JAM,1997,0.0
JAM,1998,0.0
JAM,1999,0.0
JAM,2000,0.0
JAM,2001,0.0
JAM,2002,0.0
JAM,2003,0.0
JAM,2004,0.0
JAM,2005,0.0
JAM,2006,0.0
JAM,2007,0.0
JAM,2008,0.0
JAM,2009,0.0
JAM,2010,0.0
JAM,2011,0.0
JAM,2012,0.0
JAM,2013,0.0
JAM,2014,0.0
JAM,2015,0.0
JAM,2016,0.0
JAM,2017,0.0
JAM,2018,0.0
JAM,2019,0.0
JAM,2020,0.0
JAM,2021,0.0
JAM,2022,0.0
JAM,2023,0.0
JAM,2024,0.0
JAM,2025,9.0
JOR,1989,0.0
JOR,1990,0.0
JOR,1991,0.0
JOR,1992,0.0
JOR,1993,0.0
JOR,1994,0.0
JOR,1995,0.0
JOR,1996,0.0
JOR,1997,0.0
JOR,1998,0.0
JOR,1999,0.0
JOR,2000,0.0
JOR,2001,0.0
JOR,2002,0.0
JOR,2003,0.0
JOR,2004,0.0
JOR,2005,0.0
JOR,2006,0.0
JOR,2007,0.0
JOR,2008,0.0
JOR,2009,0.0
JOR,2010,0.0
JOR,2011,0.0
JOR,2012,0.0
JOR,2013,0.0
JOR,2014,0.0
JOR,2015,0.0
JOR,2016,34.0
JOR,2017,0.0
JOR,2018,0.0
JOR,2019,0.0
JOR,2020,0.0
JOR,2021,0.0
JOR,2022,0.0
JOR,2023,0.0
JOR,2024,0.0
JOR,2025,0.0
KEN,1982,1.0
KEN,1989,0.0
KEN,1990,0.0
KEN,1991,0.0
KEN,1992,0.0
KEN,1993,0.0
KEN,1994,0.0
KEN,1995,0.0
KEN,1996,0.0
KEN,1997,0.0
KEN,1998,0.0
KEN,1999,0.0
KEN,2000,0.0
KEN,2001,0.0
KEN,2002,0.0
KEN,2003,0.0
KEN,2004,0.0
KEN,2005,0.0
KEN,2006,0.0
KEN,2007,0.0
KEN,2008,0.0
KEN,2009,0.0
KEN,2010,0.0
KEN,2011,0.0
KEN,2012,0.0
KEN,2013,0.0
KEN,2014,0.0
KEN,2015,42.0
KEN,2016,49.0
KEN,2017,85.0
KEN,2018,69.0
KEN,2019,61.0
KEN,2020,94.0
KEN,2021,78.0
KEN,2022,72.0
KEN,2023,196.0
KEN,2024,52.0
KEN,2025,89.0
KGZ,1989,0.0
KGZ,1990,0.0
KGZ,1991,0.0
KGZ,1992,0.0
KGZ,1993,0.0
KGZ,1994,0.0
KGZ,1995,0.0
KGZ,1996,0.0
KGZ,1997,0.0
KGZ,1998,0.0
KGZ,1999,0.0
KGZ,2000,0.0
KGZ,2001,0.0
KGZ,2002,0.0
KGZ,2003,0.0
KGZ,2004,0.0
KGZ,2005,0.0
KGZ,2006,0.0
KGZ,2007,0.0
KGZ,2008,0.0
KGZ,2009,0.0
KGZ,2010,0.0
KGZ,2011,0.0
KGZ,2012,0.0
KGZ,2013,0.0
KGZ,2014,0.0
KGZ,2015,0.0
KGZ,2016,0.0
KGZ,2017,0.0
KGZ,2018,0.0
KGZ,2019,0.0
KGZ,2020,0.0
KGZ,2021,56.0
KGZ,2022,150.0
KGZ,2023,0.0
KGZ,2024,0.0
KGZ,2025,0.0
KHM,1967,2.0
KHM,1968,1.0
KHM,1969,1.0
KHM,1970,2.0
KHM,1971,2.0
KHM,1972,2.0
KHM,1973,2.0
KHM,1974,2.0
KHM,1975,2.0
KHM,1976,1.0
KHM,1977,1.0
KHM,1978,2.0
KHM,1979,1.0
KHM,1980,1.0
KHM,1981,1.0
KHM,1982,1.0
KHM,1983,1.0
KHM,1984,1.0
KHM,1985,1.0
KHM,1986,1.0
KHM,1987,1.0
KHM,1988,1.0
KHM,1989,818.0
KHM,1990,274.0
KHM,1991,220.0
KHM,1992,118.0
KHM,1993,274.0
KHM,1994,464.0
KHM,1995,694.0
KHM,1996,788.0
KHM,1997,415.0
KHM,1998,246.0
KHM,1999,0.0
KHM,2000,0.0
KHM,2001,0.0
KHM,2002,0.0
KHM,2003,0.0
KHM,2004,0.0
KHM,2005,0.0
KHM,2006,0.0
KHM,2007,0.0
KHM,2008,0.0
KHM,2009,0.0
KHM,2010,0.0
KHM,2011,29.0
KHM,2012,0.0
KHM,2013,0.0
KHM,2014,0.0
KHM,2015,0.0
KHM,2016,0.0
KHM,2017,0.0
KHM,2018,0.0
KHM,2019,0.0
KHM,2020,0.0
KHM,2021,0.0
KHM,2022,0.0
KHM,2023,0.0
KHM,2024,0.0
KHM,2025,23.0
KWT,1972,1.0
KWT,1979,1.0
KWT,1986,2.0
KWT,1989,0.0
KWT,1990,1058.0
KWT,1991,21790.0
KWT,1992,0.0
KWT,1993,0.0
KWT,1994,0.0
KWT,1995,0.0
KWT,1996,0.0
KWT,1997,0.0
KWT,1998,0.0
KWT,1999,0.0
KWT,2000,0.0
KWT,2001,0.0
KWT,2002,0.0
KWT,2003,0.0
KWT,2004,0.0
KWT,2005,0.0
KWT,2006,0.0
KWT,2007,0.0
KWT,2008,0.0
KWT,2009,0.0
KWT,2010,0.0
KWT,2011,0.0
KWT,2012,0.0
KWT,2013,0.0
KWT,2014,0.0
KWT,2015,0.0
KWT,2016,0.0
KWT,2017,0.0
KWT,2018,0.0
KWT,2019,0.0
KWT,2020,0.0
KWT,2021,0.0
KWT,2022,0.0
KWT,2023,0.0
KWT,2024,0.0
KWT,2025,0.0
LAO,1959,2.0
LAO,1960,2.0
LAO,1961,2.0
LAO,1963,2.0
LAO,1964,2.0
LAO,1965,2.0
LAO,1966,2.0
LAO,1967,2.0
LAO,1968,2.0
LAO,1969,2.0
LAO,1970,2.0
LAO,1971,2.0
LAO,1972,2.0
LAO,1973,2.0
LAO,1986,1.0
LAO,1987,1.0
LAO,1988,1.0
LAO,1989,30.0
LAO,1990,249.0
LAO,1991,0.0
LAO,1992,0.0
LAO,1993,0.0
LAO,1994,0.0
LAO,1995,0.0
LAO,1996,0.0
LAO,1997,0.0
LAO,1998,0.0
LAO,1999,0.0
LAO,2000,0.0
LAO,2001,0.0
LAO,2002,0.0
LAO,2003,0.0
LAO,2004,0.0
LAO,2005,0.0
LAO,2006,0.0
LAO,2007,0.0
LAO,2008,0.0
LAO,2009,0.0
LAO,2010,0.0
LAO,2011,0.0
LAO,2012,0.0
LAO,2013,0.0
LAO,2014,0.0
LAO,2015,0.0
LAO,2016,0.0
LAO,2017,0.0
LAO,2018,0.0
LAO,2019,0.0
LAO,2020,0.0
LAO,2021,0.0
LAO,2022,0.0
LAO,2023,0.0
LAO,2024,0.0
LAO,2025,0.0
LBN,1958,2.0
LBN,1975,1.0
LBN,1976,2.0
LBN,1982,1.0
LBN,1983,1.0
LBN,1984,2.0
LBN,1985,1.0
LBN,1986,1.0
LBN,1989,711.0
LBN,1990,700.0
LBN,1991,0.0
LBN,1992,0.0
LBN,1993,0.0
LBN,1994,0.0
LBN,1995,0.0
LBN,1996,0.0
LBN,1997,0.0
LBN,1998,0.0
LBN,1999,0.0
LBN,2000,0.0
LBN,2001,0.0
LBN,2002,0.0
LBN,2003,0.0
LBN,2004,0.0
LBN,2005,0.0
LBN,2006,0.0
LBN,2007,0.0
LBN,2008,0.0
LBN,2009,0.0
LBN,2010,0.0
LBN,2011,0.0
LBN,2012,0.0
LBN,2013,0.0
LBN,2014,126.0
LBN,2015,76.0
LBN,2016,0.0
LBN,2017,70.0
LBN,2018,0.0
LBN,2019,0.0
LBN,2020,0.0
LBN,2021,0.0
LBN,2022,0.0
LBN,2023,0.0
LBN,2024,0.0
LBN,2025,349.0
LBR,1989,27.0
LBR,1990,347.0
LBR,1991,0.0
LBR,1992,0.0
LBR,1993,0.0
LBR,1994,0.0
LBR,1995,0.0
LBR,1996,0.0
LBR,1997,0.0
LBR,1998,0.0
LBR,1999,0.0
LBR,2000,57.0
LBR,2001,341.0
LBR,2002,492.0
LBR,2003,1787.0
LBR,2004,0.0
LBR,2005,0.0
LBR,2006,0.0
LBR,2007,0.0
LBR,2008,0.0
LBR,2009,0.0
LBR,2010,0.0
LBR,2011,0.0
LBR,2012,0.0
LBR,2013,0.0
LBR,2014,0.0
LBR,2015,0.0
LBR,2016,0.0
LBR,2017,0.0
LBR,2018,0.0
LBR,2019,0.0
LBR,2020,0.0
LBR,2021,0.0
LBR,2022,0.0
LBR,2023,0.0
LBR,2024,0.0
LBR,2025,4.0
LBY,1963,2.0
LBY,1964,2.0
LBY,1965,2.0
LBY,1966,2.0
LBY,1967,2.0
LBY,1968,2.0
LBY,1969,2.0
LBY,1970,2.0
LBY,1971,2.0
LBY,1972,2.0
LBY,1976,1.0
LBY,1983,2.0
LBY,1984,2.0
LBY,1985,2.0
LBY,1986,2.0
LBY,1987,2.0
LBY,1988,2.0
LBY,1989,2.0
LBY,1990,2.0
LBY,1991,2.0
LBY,1992,2.0
LBY,1993,1.0
LBY,1994,1.0
LBY,1995,2.0
LBY,1996,2.0
LBY,1997,2.0
LBY,1998,2.0
LBY,1999,2.0
LBY,2000,2.0
LBY,2001,2.0
LBY,2002,2.0
LBY,2003,2.0
LBY,2004,2.0
LBY,2005,1.0
LBY,2006,2.0
LBY,2007,1.0
LBY,2008,1.0
LBY,2009,1.0
LBY,2010,2.0
LBY,2011,3762.0
LBY,2012,2.0
LBY,2013,31.0
LBY,2014,274.0
LBY,2015,274.0
LBY,2016,1678.0
LBY,2017,404.0
LBY,2018,44.0
LBY,2019,1631.0
LBY,2020,668.0
LBY,2021,1.0
LBY,2022,1.0
LBY,2023,2.0
LBY,2024,2.0
LBY,2025,80.0
LKA,1975,1.0
LKA,1976,1.0
LKA,1977,1.0
LKA,1978,1.0
LKA,1979,1.0
LKA,1980,1.0
LKA,1981,1.0
LKA,1982,1.0
LKA,1983,1.0
LKA,1984,1.0
LKA,1985,1.0
LKA,1986,1.0
LKA,1987,1.0
LKA,1988,1.0
LKA,1989,533.0
LKA,1990,3622.0
LKA,1991,6432.0
LKA,1992,4091.0
LKA,1993,2075.0
LKA,1994,657.0
LKA,1995,4755.0
LKA,1996,3868.0
LKA,1997,2880.0
LKA,1998,3762.0
LKA,1999,1882.0
LKA,2000,2525.0
LKA,2001,1144.0
LKA,2002,0.0
LKA,2003,29.0
LKA,2004,0.0
LKA,2005,88.0
LKA,2006,1970.0
LKA,2007,2494.0
LKA,2008,8262.0
LKA,2009,10165.0
LKA,2010,0.0
LKA,2011,0.0
LKA,2012,0.0
LKA,2013,0.0
LKA,2014,0.0
LKA,2015,0.0
LKA,2016,1.0
LKA,2017,1.0
LKA,2018,0.0
LKA,2019,0.0
LKA,2020,0.0
LKA,2021,0.0
LKA,2022,0.0
LKA,2023,0.0
LKA,2024,0.0
LKA,2025,0.0
LSO,1989,0.0
LSO,1990,0.0
LSO,1991,0.0
LSO,1992,0.0
LSO,1993,0.0
LSO,1994,0.0
LSO,1995,0.0
LSO,1996,0.0
LSO,1997,0.0
LSO,1998,78.0
LSO,1999,0.0
LSO,2000,0.0
LSO,2001,0.0
LSO,2002,0.0
LSO,2003,0.0
LSO,2004,0.0
LSO,2005,0.0
LSO,2006,0.0
LSO,2007,0.0
LSO,2008,0.0
LSO,2009,0.0
LSO,2010,0.0
LSO,2011,0.0
LSO,2012,0.0
LSO,2013,0.0
LSO,2014,0.0
LSO,2015,0.0
LSO,2016,0.0
LSO,2017,0.0
LSO,2018,0.0
LSO,2019,0.0
LSO,2020,0.0
LSO,2021,0.0
LSO,2022,0.0
LSO,2023,0.0
LSO,2024,0.0
LSO,2025,0.0
MAR,1971,1.0
MAR,1975,1.0
MAR,1976,1.0
MAR,1977,1.0
MAR,1978,1.0
MAR,1979,2.0
MAR,1980,2.0
MAR,1981,1.0
MAR,1982,1.0
MAR,1983,1.0
MAR,1984,1.0
MAR,1985,1.0
MAR,1986,1.0
MAR,1987,1.0
MAR,1988,1.0
MAR,1989,207.0
MAR,1990,0.0
MAR,1991,0.0
MAR,1992,0.0
MAR,1993,0.0
MAR,1994,0.0
MAR,1995,0.0
MAR,1996,0.0
MAR,1997,0.0
MAR,1998,0.0
MAR,1999,0.0
MAR,2000,0.0
MAR,2001,0.0
MAR,2002,0.0
MAR,2003,0.0
MAR,2004,0.0
MAR,2005,0.0
MAR,2006,0.0
MAR,2007,0.0
MAR,2008,0.0
MAR,2009,0.0
MAR,2010,0.0
MAR,2011,0.0
MAR,2012,0.0
MAR,2013,0.0
MAR,2014,0.0
MAR,2015,0.0
MAR,2016,0.0
MAR,2017,0.0
MAR,2018,0.0
MAR,2019,0.0
MAR,2020,0.0
MAR,2021,0.0
MAR,2022,0.0
MAR,2023,0.0
MAR,2024,0.0
MAR,2025,10.0
MDA,1989,0.0
MDA,1990,0.0
MDA,1991,0.0
MDA,1992,585.0
MDA,1993,0.0
MDA,1994,0.0
MDA,1995,0.0
MDA,1996,0.0
MDA,1997,0.0
MDA,1998,0.0
MDA,1999,0.0
MDA,2000,0.0
MDA,2001,0.0
MDA,2002,0.0
MDA,2003,0.0
MDA,2004,0.0
MDA,2005,0.0
MDA,2006,0.0
MDA,2007,0.0
MDA,2008,0.0
MDA,2009,0.0
MDA,2010,0.0
MDA,2011,0.0
MDA,2012,0.0
MDA,2013,0.0
MDA,2014,0.0
MDA,2015,0.0
MDA,2016,0.0
MDA,2017,0.0
MDA,2018,0.0
MDA,2019,0.0
MDA,2020,0.0
MDA,2021,0.0
MDA,2022,0.0
MDA,2023,0.0
MDA,2024,0.0
MDA,2025,0.0
MDG,1975,2.0
MDG,1976,2.0
MDG,1977,2.0
MDG,1978,2.0
MDG,1979,2.0
MDG,1980,2.0
MDG,1981,2.0
MDG,1982,2.0
MDG,1983,2.0
MDG,1984,2.0
MDG,1985,2.0
MDG,1986,2.0
MDG,1987,2.0
MDG,1988,2.0
MDG,1989,2.0
MDG,1990,2.0
MDG,1991,1.0
MDG,1992,2.0
MDG,1993,2.0
MDG,1994,2.0
MDG,1995,1.0
MDG,1996,1.0
MDG,1997,1.0
MDG,1998,2.0
MDG,1999,2.0
MDG,2000,2.0
MDG,2001,2.0
MDG,2002,1.0
MDG,2003,1.0
MDG,2004,1.0
MDG,2007,1.0
MDG,2009,1.0
MDG,2016,1.0
MDG,2017,1.0
MDG,2019,1.0
MDG,2020,1.0
MDG,2022,1.0
MDG,2024,1.0
MEX,1989,0.0
MEX,1990,0.0
MEX,1991,0.0
MEX,1992,0.0
MEX,1993,0.0
MEX,1994,145.0
MEX,1995,0.0
MEX,1996,37.0
MEX,1997,0.0
MEX,1998,0.0
MEX,1999,0.0
MEX,2000,0.0
MEX,2001,0.0
MEX,2002,0.0
MEX,2003,0.0
MEX,2004,0.0
MEX,2005,0.0
MEX,2006,0.0
MEX,2007,0.0
MEX,2008,0.0
MEX,2009,0.0
MEX,2010,0.0
MEX,2011,0.0
MEX,2012,0.0
MEX,2013,0.0
MEX,2014,0.0
MEX,2015,0.0
MEX,2016,0.0
MEX,2017,0.0
MEX,2018,0.0
MEX,2019,0.0
MEX,2020,0.0
MEX,2021,0.0
MEX,2022,0.0
MEX,2023,0.0
MEX,2024,0.0
MEX,2025,4590.0
MKD,1989,0.0
MKD,1990,0.0
MKD,1991,0.0
MKD,1992,0.0
MKD,1993,0.0
MKD,1994,0.0
MKD,1995,0.0
MKD,1996,0.0
MKD,1997,0.0
MKD,1998,0.0
MKD,1999,0.0
MKD,2000,0.0
MKD,2001,72.0
MKD,2002,0.0
MKD,2003,0.0
MKD,2004,0.0
MKD,2005,0.0
MKD,2006,0.0
MKD,2007,0.0
MKD,2008,0.0
MKD,2009,0.0
MKD,2010,0.0
MKD,2011,0.0
MKD,2012,0.0
MKD,2013,0.0
MKD,2014,0.0
MKD,2015,0.0
MKD,2016,0.0
MKD,2017,0.0
MKD,2018,0.0
MKD,2019,0.0
MKD,2020,0.0
MKD,2021,0.0
MKD,2022,0.0
MKD,2023,0.0
MKD,2024,0.0
MKD,2025,0.0
MLI,1989,0.0
MLI,1990,457.0
MLI,1991,59.0
MLI,1992,0.0
MLI,1993,0.0
MLI,1994,106.0
MLI,1995,0.0
MLI,1996,0.0
MLI,1997,0.0
MLI,1998,0.0
MLI,1999,0.0
MLI,2000,0.0
MLI,2001,0.0
MLI,2002,0.0
MLI,2003,0.0
MLI,2004,0.0
MLI,2005,0.0
MLI,2006,0.0
MLI,2007,39.0
MLI,2008,112.0
MLI,2009,126.0
MLI,2010,0.0
MLI,2011,0.0
MLI,2012,218.0
MLI,2013,836.0
MLI,2014,189.0
MLI,2015,172.0
MLI,2016,97.0
MLI,2017,359.0
MLI,2018,521.0
MLI,2019,603.0
MLI,2020,583.0
MLI,2021,726.0
MLI,2022,1440.0
MLI,2023,1238.0
MLI,2024,1011.0
MLI,2025,2168.0
MLT,1989,0.0
MLT,1990,0.0
MLT,1991,0.0
MLT,1992,0.0
MLT,1993,0.0
MLT,1994,0.0
MLT,1995,0.0
MLT,1996,0.0
MLT,1997,0.0
MLT,1998,0.0
MLT,1999,0.0
MLT,2000,0.0
MLT,2001,0.0
MLT,2002,0.0
MLT,2003,0.0
MLT,2004,0.0
MLT,2005,0.0
MLT,2006,0.0
MLT,2007,0.0
MLT,2008,0.0
MLT,2009,0.0
MLT,2010,0.0
MLT,2011,0.0
MLT,2012,0.0
MLT,2013,0.0
MLT,2014,0.0
MLT,2015,0.0
MLT,2016,0.0
MLT,2017,0.0
MLT,2018,0.0
MLT,2019,0.0
MLT,2020,0.0
MLT,2021,0.0
MLT,2022,0.0
MLT,2023,0.0
MLT,2024,0.0
MLT,2025,0.0
MMR,1960,1.0
MMR,1961,1.0
MMR,1962,1.0
MMR,1989,1498.0
MMR,1990,555.0
MMR,1991,777.0
MMR,1992,1617.0
MMR,1993,130.0
MMR,1994,685.0
MMR,1995,317.0
MMR,1996,229.0
MMR,1997,323.0
MMR,1998,61.0
MMR,1999,25.0
MMR,2000,226.0
MMR,2001,215.0
MMR,2002,294.0
MMR,2003,38.0
MMR,2004,27.0
MMR,2005,142.0
MMR,2006,244.0
MMR,2007,348.0
MMR,2008,64.0
MMR,2009,195.0
MMR,2010,157.0
MMR,2011,713.0
MMR,2012,702.0
MMR,2013,278.0
MMR,2014,187.0
MMR,2015,634.0
MMR,2016,118.0
MMR,2017,517.0
MMR,2018,99.0
MMR,2019,558.0
MMR,2020,170.0
MMR,2021,1031.0
MMR,2022,2038.0
MMR,2023,2442.0
MMR,2024,2334.0
MMR,2025,2319.0
MOZ,1989,1149.0
MOZ,1990,1577.0
MOZ,1991,1326.0
MOZ,1992,309.0
MOZ,1993,1.0
MOZ,1994,2.0
MOZ,1995,0.0
MOZ,1996,1.0
MOZ,1997,2.0
MOZ,1998,2.0
MOZ,1999,1.0
MOZ,2000,1.0
MOZ,2001,2.0
MOZ,2002,1.0
MOZ,2003,0.0
MOZ,2004,0.0
MOZ,2005,0.0
MOZ,2006,0.0
MOZ,2007,0.0
MOZ,2008,0.0
MOZ,2009,2.0
MOZ,2010,1.0
MOZ,2011,1.0
MOZ,2012,1.0
MOZ,2013,42.0
MOZ,2014,30.0
MOZ,2015,0.0
MOZ,2016,55.0
MOZ,2017,0.0
MOZ,2018,51.0
MOZ,2019,291.0
MOZ,2020,939.0
MOZ,2021,867.0
MOZ,2022,378.0
MOZ,2023,176.0
MOZ,2024,151.0
MOZ,2025,605.0
MRT,1989,0.0
MRT,1990,0.0
MRT,1991,0.0
MRT,1992,0.0
MRT,1993,0.0
MRT,1994,0.0
MRT,1995,0.0
MRT,1996,0.0
MRT,1997,0.0
MRT,1998,0.0
MRT,1999,0.0
MRT,2000,0.0
MRT,2001,0.0
MRT,2002,0.0
MRT,2003,0.0
MRT,2004,0.0
MRT,2005,0.0
MRT,2006,0.0
MRT,2007,0.0
MRT,2008,0.0
MRT,2009,0.0
MRT,2010,29.0
MRT,2011,0.0
MRT,2012,0.0
MRT,2013,0.0
MRT,2014,0.0
MRT,2015,0.0
MRT,2016,0.0
MRT,2017,0.0
MRT,2018,0.0
MRT,2019,0.0
MRT,2020,0.0
MRT,2021,0.0
MRT,2022,0.0
MRT,2023,0.0
MRT,2024,0.0
MRT,2025,0.0
MWI,1989,0.0
MWI,1990,0.0
MWI,1991,0.0
MWI,1992,0.0
MWI,1993,0.0
MWI,1994,0.0
MWI,1995,0.0
MWI,1996,0.0
MWI,1997,0.0
MWI,1998,0.0
MWI,1999,0.0
MWI,2000,0.0
MWI,2001,0.0
MWI,2002,0.0
MWI,2003,0.0
MWI,2004,0.0
MWI,2005,0.0
MWI,2006,0.0
MWI,2007,0.0
MWI,2008,0.0
MWI,2009,0.0
MWI,2010,0.0
MWI,2011,0.0
MWI,2012,0.0
MWI,2013,0.0
MWI,2014,0.0
MWI,2015,0.0
MWI,2016,0.0
MWI,2017,0.0
MWI,2018,0.0
MWI,2019,0.0
MWI,2020,0.0
MWI,2021,0.0
MWI,2022,0.0
MWI,2023,0.0
MWI,2024,0.0
MWI,2025,1.0
MYS,1989,0.0
MYS,1990,0.0
MYS,1991,0.0
MYS,1992,0.0
MYS,1993,0.0
MYS,1994,0.0
MYS,1995,0.0
MYS,1996,0.0
MYS,1997,0.0
MYS,1998,0.0
MYS,1999,0.0
MYS,2000,0.0
MYS,2001,0.0
MYS,2002,0.0
MYS,2003,0.0
MYS,2004,0.0
MYS,2005,0.0
MYS,2006,0.0
MYS,2007,0.0
MYS,2008,0.0
MYS,2009,0.0
MYS,2010,0.0
MYS,2011,0.0
MYS,2012,0.0
MYS,2013,70.0
MYS,2014,0.0
MYS,2015,0.0
MYS,2016,0.0
MYS,2017,0.0
MYS,2018,0.0
MYS,2019,0.0
MYS,2020,0.0
MYS,2021,0.0
MYS,2022,0.0
MYS,2023,0.0
MYS,2024,0.0
MYS,2025,3.0
NER,1989,0.0
NER,1990,0.0
NER,1991,40.0
NER,1992,29.0
NER,1993,0.0
NER,1994,50.0
NER,1995,34.0
NER,1996,0.0
NER,1997,62.0
NER,1998,0.0
NER,1999,0.0
NER,2000,0.0
NER,2001,0.0
NER,2002,0.0
NER,2003,0.0
NER,2004,0.0
NER,2005,0.0
NER,2006,0.0
NER,2007,81.0
NER,2008,47.0
NER,2009,0.0
NER,2010,0.0
NER,2011,0.0
NER,2012,0.0
NER,2013,0.0
NER,2014,0.0
NER,2015,171.0
NER,2016,274.0
NER,2017,229.0
NER,2018,74.0
NER,2019,283.0
NER,2020,512.0
NER,2021,456.0
NER,2022,488.0
NER,2023,295.0
NER,2024,925.0
NER,2025,1338.0
NGA,1986,1.0
NGA,1989,0.0
NGA,1990,0.0
NGA,1991,0.0
NGA,1992,0.0
NGA,1993,0.0
NGA,1994,0.0
NGA,1995,0.0
NGA,1996,56.0
NGA,1997,0.0
NGA,1998,0.0
NGA,1999,0.0
NGA,2000,0.0
NGA,2001,0.0
NGA,2002,0.0
NGA,2003,0.0
NGA,2004,151.0
NGA,2005,0.0
NGA,2006,0.0
NGA,2007,0.0
NGA,2008,0.0
NGA,2009,405.0
NGA,2010,0.0
NGA,2011,325.0
NGA,2012,811.0
NGA,2013,1629.0
NGA,2014,4788.0
NGA,2015,4766.0
NGA,2016,2451.0
NGA,2017,1879.0
NGA,2018,1171.0
NGA,2019,1341.0
NGA,2020,2024.0
NGA,2021,2002.0
NGA,2022,1563.0
NGA,2023,2125.0
NGA,2024,1582.0
NGA,2025,6463.0
NIC,1948,2.0
NIC,1989,526.0
NIC,1990,39.0
NIC,1991,0.0
NIC,1992,0.0
NIC,1993,0.0
NIC,1994,0.0
NIC,1995,0.0
NIC,1996,0.0
NIC,1997,0.0
NIC,1998,0.0
NIC,1999,0.0
NIC,2000,0.0
NIC,2001,0.0
NIC,2002,0.0
NIC,2003,0.0
NIC,2004,0.0
NIC,2005,0.0
NIC,2006,0.0
NIC,2007,0.0
NIC,2008,0.0
NIC,2009,0.0
NIC,2010,0.0
NIC,2011,0.0
NIC,2012,0.0
NIC,2013,0.0
NIC,2014,0.0
NIC,2015,0.0
NIC,2016,0.0
NIC,2017,0.0
NIC,2018,0.0
NIC,2019,0.0
NIC,2020,0.0
NIC,2021,0.0
NIC,2022,0.0
NIC,2023,0.0
NIC,2024,0.0
NIC,2025,0.0
NLD,1946,1.0
NLD,1947,1.0
NLD,1948,1.0
NLD,1949,1.0
NPL,1989,0.0
NPL,1990,0.0
NPL,1991,0.0
NPL,1992,0.0
NPL,1993,0.0
NPL,1994,0.0
NPL,1995,0.0
NPL,1996,44.0
NPL,1997,40.0
NPL,1998,250.0
NPL,1999,156.0
NPL,2000,268.0
NPL,2001,429.0
NPL,2002,3946.0
NPL,2003,1341.0
NPL,2004,1880.0
NPL,2005,1104.0
NPL,2006,457.0
NPL,2007,0.0
NPL,2008,0.0
NPL,2009,0.0
NPL,2010,0.0
NPL,2011,0.0
NPL,2012,0.0
NPL,2013,0.0
NPL,2014,0.0
NPL,2015,0.0
NPL,2016,0.0
NPL,2017,0.0
NPL,2018,0.0
NPL,2019,0.0
NPL,2020,0.0
NPL,2021,0.0
NPL,2022,0.0
NPL,2023,0.0
NPL,2024,0.0
NPL,2025,0.0
PAK,1989,25.0
PAK,1990,98.0
PAK,1991,99.0
PAK,1992,25.0
PAK,1993,0.0
PAK,1994,80.0
PAK,1995,52.0
PAK,1996,77.0
PAK,1997,127.0
PAK,1998,147.0
PAK,1999,934.0
PAK,2000,225.0
PAK,2001,48.0
PAK,2002,212.0
PAK,2003,237.0
PAK,2004,43.0
PAK,2005,0.0
PAK,2006,200.0
PAK,2007,668.0
PAK,2008,3195.0
PAK,2009,6384.0
PAK,2010,5574.0
PAK,2011,2640.0
PAK,2012,2791.0
PAK,2013,1805.0
PAK,2014,3086.0
PAK,2015,2124.0
PAK,2016,788.0
PAK,2017,737.0
PAK,2018,327.0
PAK,2019,378.0
PAK,2020,468.0
PAK,2021,414.0
PAK,2022,677.0
PAK,2023,1068.0
PAK,2024,1665.0
PAK,2025,3351.0
PAN,1989,920.0
PAN,1990,0.0
PAN,1991,0.0
PAN,1992,0.0
PAN,1993,0.0
PAN,1994,0.0
PAN,1995,0.0
PAN,1996,0.0
PAN,1997,0.0
PAN,1998,0.0
PAN,1999,0.0
PAN,2000,0.0
PAN,2001,0.0
PAN,2002,0.0
PAN,2003,0.0
PAN,2004,0.0
PAN,2005,0.0
PAN,2006,0.0
PAN,2007,0.0
PAN,2008,0.0
PAN,2009,0.0
PAN,2010,0.0
PAN,2011,0.0
PAN,2012,0.0
PAN,2013,0.0
PAN,2014,0.0
PAN,2015,0.0
PAN,2016,0.0
PAN,2017,0.0
PAN,2018,0.0
PAN,2019,0.0
PAN,2020,0.0
PAN,2021,0.0
PAN,2022,0.0
PAN,2023,0.0
PAN,2024,0.0
PAN,2025,0.0
PER,1965,1.0
PER,1982,1.0
PER,1983,2.0
PER,1984,2.0
PER,1985,2.0
PER,1986,1.0
PER,1987,1.0
PER,1988,2.0
PER,1989,1827.0
PER,1990,1099.0
PER,1991,1138.0
PER,1992,1042.0
PER,1993,672.0
PER,1994,253.0
PER,1995,277.0
PER,1996,80.0
PER,1997,93.0
PER,1998,25.0
PER,1999,75.0
PER,2000,0.0
PER,2001,0.0
PER,2002,0.0
PER,2003,0.0
PER,2004,0.0
PER,2005,0.0
PER,2006,0.0
PER,2007,32.0
PER,2008,40.0
PER,2009,50.0
PER,2010,28.0
PER,2011,0.0
PER,2012,0.0
PER,2013,0.0
PER,2014,0.0
PER,2015,0.0
PER,2016,0.0
PER,2017,0.0
PER,2018,0.0
PER,2019,0.0
PER,2020,0.0
PER,2021,0.0
PER,2022,0.0
PER,2023,0.0
PER,2024,0.0
PER,2025,21.0
PHL,1946,2.0
PHL,1947,2.0
PHL,1948,2.0
PHL,1949,2.0
PHL,1950,2.0
PHL,1951,2.0
PHL,1952,2.0
PHL,1953,2.0
PHL,1954,2.0
PHL,1969,1.0
PHL,1970,1.0
PHL,1971,1.0
PHL,1972,1.0
PHL,1973,1.0
PHL,1974,1.0
PHL,1975,1.0
PHL,1976,1.0
PHL,1977,1.0
PHL,1978,2.0
PHL,1979,1.0
PHL,1980,1.0
PHL,1981,2.0
PHL,1982,2.0
PHL,1983,2.0
PHL,1984,2.0
PHL,1985,2.0
PHL,1986,2.0
PHL,1987,2.0
PHL,1988,1.0
PHL,1989,937.0
PHL,1990,1316.0
PHL,1991,1514.0
PHL,1992,430.0
PHL,1993,253.0
PHL,1994,265.0
PHL,1995,152.0
PHL,1996,180.0
PHL,1997,302.0
PHL,1998,93.0
PHL,1999,199.0
PHL,2000,1567.0
PHL,2001,1001.0
PHL,2002,662.0
PHL,2003,1051.0
PHL,2004,339.0
PHL,2005,470.0
PHL,2006,360.0
PHL,2007,439.0
PHL,2008,481.0
PHL,2009,894.0
PHL,2010,332.0
PHL,2011,350.0
PHL,2012,295.0
PHL,2013,514.0
PHL,2014,470.0
PHL,2015,572.0
PHL,2016,550.0
PHL,2017,1624.0
PHL,2018,420.0
PHL,2019,309.0
PHL,2020,348.0
PHL,2021,266.0
PHL,2022,219.0
PHL,2023,243.0
PHL,2024,176.0
PHL,2025,151.0
PNG,1989,0.0
PNG,1990,55.0
PNG,1991,0.0
PNG,1992,35.0
PNG,1993,34.0
PNG,1994,26.0
PNG,1995,29.0
PNG,1996,78.0
PNG,1997,0.0
PNG,1998,0.0
PNG,1999,0.0
PNG,2000,0.0
PNG,2001,0.0
PNG,2002,0.0
PNG,2003,0.0
PNG,2004,0.0
PNG,2005,0.0
PNG,2006,0.0
PNG,2007,0.0
PNG,2008,0.0
PNG,2009,0.0
PNG,2010,0.0
PNG,2011,0.0
PNG,2012,0.0
PNG,2013,0.0
PNG,2014,0.0
PNG,2015,0.0
PNG,2016,0.0
PNG,2017,0.0
PNG,2018,0.0
PNG,2019,0.0
PNG,2020,0.0
PNG,2021,0.0
PNG,2022,0.0
PNG,2023,0.0
PNG,2024,0.0
PNG,2025,78.0
PRT,1961,2.0
PRT,1962,2.0
PRT,1963,1.0
PRT,1964,1.0
PRT,1965,1.0
PRT,1966,1.0
PRT,1967,1.0
PRT,1968,1.0
PRT,1969,1.0
PRT,1970,1.0
PRT,1971,1.0
PRT,1972,2.0
PRT,1973,2.0
PRT,1974,1.0
PRY,1947,2.0
PRY,1954,1.0
PRY,1989,150.0
PRY,1990,0.0
PRY,1991,0.0
PRY,1992,0.0
PRY,1993,0.0
PRY,1994,0.0
PRY,1995,0.0
PRY,1996,0.0
PRY,1997,0.0
PRY,1998,0.0
PRY,1999,0.0
PRY,2000,0.0
PRY,2001,0.0
PRY,2002,0.0
PRY,2003,0.0
PRY,2004,0.0
PRY,2005,0.0
PRY,2006,0.0
PRY,2007,0.0
PRY,2008,0.0
PRY,2009,0.0
PRY,2010,0.0
PRY,2011,0.0
PRY,2012,0.0
PRY,2013,0.0
PRY,2014,0.0
PRY,2015,0.0
PRY,2016,0.0
PRY,2017,0.0
PRY,2018,0.0
PRY,2019,0.0
PRY,2020,0.0
PRY,2021,0.0
PRY,2022,0.0
PRY,2023,0.0
PRY,2024,0.0
PRY,2025,0.0
QAT,1989,0.0
QAT,1990,0.0
QAT,1991,0.0
QAT,1992,0.0
QAT,1993,0.0
QAT,1994,0.0
QAT,1995,0.0
QAT,1996,0.0
QAT,1997,0.0
QAT,1998,0.0
QAT,1999,0.0
QAT,2000,0.0
QAT,2001,0.0
QAT,2002,0.0
QAT,2003,0.0
QAT,2004,0.0
QAT,2005,0.0
QAT,2006,0.0
QAT,2007,0.0
QAT,2008,0.0
QAT,2009,0.0
QAT,2010,0.0
QAT,2011,0.0
QAT,2012,0.0
QAT,2013,0.0
QAT,2014,0.0
QAT,2015,0.0
QAT,2016,0.0
QAT,2017,0.0
QAT,2018,0.0
QAT,2019,0.0
QAT,2020,0.0
QAT,2021,0.0
QAT,2022,0.0
QAT,2023,0.0
QAT,2024,0.0
QAT,2025,6.0
ROU,1989,249.0
ROU,1990,0.0
ROU,1991,0.0
ROU,1992,0.0
ROU,1993,0.0
ROU,1994,0.0
ROU,1995,0.0
ROU,1996,0.0
ROU,1997,0.0
ROU,1998,0.0
ROU,1999,0.0
ROU,2000,0.0
ROU,2001,0.0
ROU,2002,0.0
ROU,2003,0.0
ROU,2004,0.0
ROU,2005,0.0
ROU,2006,0.0
ROU,2007,0.0
ROU,2008,0.0
ROU,2009,0.0
ROU,2010,0.0
ROU,2011,0.0
ROU,2012,0.0
ROU,2013,0.0
ROU,2014,0.0
ROU,2015,0.0
ROU,2016,0.0
ROU,2017,0.0
ROU,2018,0.0
ROU,2019,0.0
ROU,2020,0.0
ROU,2021,0.0
ROU,2022,0.0
ROU,2023,0.0
ROU,2024,0.0
ROU,2025,0.0
RUS,1946,2.0
RUS,1947,2.0
RUS,1948,2.0
RUS,1949,1.0
RUS,1950,1.0
RUS,1989,0.0
RUS,1990,192.0
RUS,1991,220.0
RUS,1992,0.0
RUS,1993,145.0
RUS,1994,229.0
RUS,1995,1754.0
RUS,1996,2721.0
RUS,1997,0.0
RUS,1998,0.0
RUS,1999,5854.0
RUS,2000,2907.0
RUS,2001,791.0
RUS,2002,1289.0
RUS,2003,480.0
RUS,2004,1151.0
RUS,2005,682.0
RUS,2006,259.0
RUS,2007,176.0
RUS,2008,404.0
RUS,2009,697.0
RUS,2010,418.0
RUS,2011,359.0
RUS,2012,516.0
RUS,2013,321.0
RUS,2014,173.0
RUS,2015,85.0
RUS,2016,69.0
RUS,2017,53.0
RUS,2018,30.0
RUS,2019,26.0
RUS,2020,30.0
RUS,2021,0.0
RUS,2022,91502.0
RUS,2023,75277.0
RUS,2024,75767.0
RUS,2025,3468.0
RWA,1989,0.0
RWA,1990,1126.0
RWA,1991,153.0
RWA,1992,87.0
RWA,1993,353.0
RWA,1994,1882.0
RWA,1995,0.0
RWA,1996,124.0
RWA,1997,1086.0
RWA,1998,1096.0
RWA,1999,315.0
RWA,2000,155.0
RWA,2001,2044.0
RWA,2002,83.0
RWA,2003,0.0
RWA,2004,0.0
RWA,2005,0.0
RWA,2006,0.0
RWA,2007,0.0
RWA,2008,0.0
RWA,2009,1807.0
RWA,2010,208.0
RWA,2011,116.0
RWA,2012,83.0
RWA,2013,0.0
RWA,2014,0.0
RWA,2015,0.0
RWA,2016,136.0
RWA,2017,0.0
RWA,2018,0.0
RWA,2019,226.0
RWA,2020,134.0
RWA,2021,0.0
RWA,2022,25.0
RWA,2023,132.0
RWA,2024,44.0
RWA,2025,6.0
SAU,1979,1.0
SAU,1989,0.0
SAU,1990,0.0
SAU,1991,0.0
SAU,1992,0.0
SAU,1993,0.0
SAU,1994,0.0
SAU,1995,0.0
SAU,1996,0.0
SAU,1997,0.0
SAU,1998,0.0
SAU,1999,0.0
SAU,2000,0.0
SAU,2001,0.0
SAU,2002,0.0
SAU,2003,0.0
SAU,2004,0.0
SAU,2005,0.0
SAU,2006,0.0
SAU,2007,0.0
SAU,2008,0.0
SAU,2009,0.0
SAU,2010,0.0
SAU,2011,0.0
SAU,2012,0.0
SAU,2013,0.0
SAU,2014,0.0
SAU,2015,0.0
SAU,2016,0.0
SAU,2017,0.0
SAU,2018,0.0
SAU,2019,0.0
SAU,2020,0.0
SAU,2021,0.0
SAU,2022,0.0
SAU,2023,0.0
SAU,2024,0.0
SAU,2025,6.0
SDN,1989,4253.0
SDN,1990,4335.0
SDN,1991,1317.0
SDN,1992,1083.0
SDN,1993,942.0
SDN,1994,337.0
SDN,1995,1000.0
SDN,1996,2289.0
SDN,1997,3709.0
SDN,1998,4891.0
SDN,1999,1408.0
SDN,2000,2841.0
SDN,2001,3408.0
SDN,2002,2021.0
SDN,2003,1999.0
SDN,2004,3278.0
SDN,2005,161.0
SDN,2006,1002.0
SDN,2007,217.0
SDN,2008,598.0
SDN,2009,353.0
SDN,2010,1010.0
SDN,2011,1404.0
SDN,2012,1540.0
SDN,2013,594.0
SDN,2014,856.0
SDN,2015,1264.0
SDN,2016,1309.0
SDN,2017,160.0
SDN,2018,243.0
SDN,2019,0.0
SDN,2020,45.0
SDN,2021,31.0
SDN,2022,47.0
SDN,2023,5353.0
SDN,2024,4684.0
SDN,2025,16314.0
SEN,1989,0.0
SEN,1990,58.0
SEN,1991,0.0
SEN,1992,78.0
SEN,1993,233.0
SEN,1994,0.0
SEN,1995,299.0
SEN,1996,0.0
SEN,1997,319.0
SEN,1998,242.0
SEN,1999,0.0
SEN,2000,47.0
SEN,2001,33.0
SEN,2002,0.0
SEN,2003,39.0
SEN,2004,0.0
SEN,2005,0.0
SEN,2006,0.0
SEN,2007,0.0
SEN,2008,0.0
SEN,2009,0.0
SEN,2010,0.0
SEN,2011,25.0
SEN,2012,0.0
SEN,2013,0.0
SEN,2014,0.0
SEN,2015,0.0
SEN,2016,0.0
SEN,2017,0.0
SEN,2018,0.0
SEN,2019,0.0
SEN,2020,0.0
SEN,2021,0.0
SEN,2022,0.0
SEN,2023,0.0
SEN,2024,0.0
SEN,2025,0.0
SLE,1989,0.0
SLE,1990,0.0
SLE,1991,552.0
SLE,1992,218.0
SLE,1993,415.0
SLE,1994,628.0
SLE,1995,1472.0
SLE,1996,570.0
SLE,1997,748.0
SLE,1998,3287.0
SLE,1999,3153.0
SLE,2000,382.0
SLE,2001,48.0
SLE,2002,1.0
SLE,2003,1.0
SLE,2004,1.0
SLE,2005,0.0
SLE,2006,0.0
SLE,2007,0.0
SLE,2008,0.0
SLE,2009,0.0
SLE,2010,0.0
SLE,2011,1.0
SLE,2012,0.0
SLE,2013,0.0
SLE,2014,0.0
SLE,2015,0.0
SLE,2016,0.0
SLE,2017,0.0
SLE,2018,0.0
SLE,2019,0.0
SLE,2020,0.0
SLE,2021,0.0
SLE,2022,0.0
SLE,2023,0.0
SLE,2024,0.0
SLE,2025,0.0
SLV,1977,1.0
SLV,1978,2.0
SLV,1979,2.0
SLV,1982,1.0
SLV,1983,2.0
SLV,1984,2.0
SLV,1985,2.0
SLV,1986,2.0
SLV,1987,2.0
SLV,1988,2.0
SLV,1989,4924.0
SLV,1990,849.0
SLV,1991,88.0
SLV,1992,0.0
SLV,1993,0.0
SLV,1994,0.0
SLV,1995,0.0
SLV,1996,0.0
SLV,1997,0.0
SLV,1998,0.0
SLV,1999,0.0
SLV,2000,0.0
SLV,2001,0.0
SLV,2002,0.0
SLV,2003,0.0
SLV,2004,0.0
SLV,2005,0.0
SLV,2006,0.0
SLV,2007,0.0
SLV,2008,0.0
SLV,2009,0.0
SLV,2010,0.0
SLV,2011,0.0
SLV,2012,0.0
SLV,2013,0.0
SLV,2014,0.0
SLV,2015,0.0
SLV,2016,0.0
SLV,2017,0.0
SLV,2018,0.0
SLV,2019,0.0
SLV,2020,0.0
SLV,2021,0.0
SLV,2022,0.0
SLV,2023,0.0
SLV,2024,0.0
SLV,2025,0.0
SOM,1989,379.0
SOM,1990,2710.0
SOM,1991,8005.0
SOM,1992,1154.0
SOM,1993,25.0
SOM,1994,237.0
SOM,1995,104.0
SOM,1996,256.0
SOM,1997,0.0
SOM,1998,0.0
SOM,1999,0.0
SOM,2000,0.0
SOM,2001,228.0
SOM,2002,114.0
SOM,2003,0.0
SOM,2004,0.0
SOM,2005,0.0
SOM,2006,547.0
SOM,2007,1546.0
SOM,2008,1491.0
SOM,2009,1467.0
SOM,2010,2150.0
SOM,2011,1938.0
SOM,2012,2646.0
SOM,2013,940.0
SOM,2014,1153.0
SOM,2015,1206.0
SOM,2016,1933.0
SOM,2017,1918.0
SOM,2018,2204.0
SOM,2019,1943.0
SOM,2020,1942.0
SOM,2021,2172.0
SOM,2022,3034.0
SOM,2023,3859.0
SOM,2024,2298.0
SOM,2025,3723.0
SRB,1989,0.0
SRB,1990,0.0
SRB,1991,3022.0
SRB,1992,153.0
SRB,1993,0.0
SRB,1994,0.0
SRB,1995,0.0
SRB,1996,0.0
SRB,1997,0.0
SRB,1998,1235.0
SRB,1999,1404.0
SRB,2000,0.0
SRB,2001,0.0
SRB,2002,0.0
SRB,2003,0.0
SRB,2004,0.0
SRB,2005,0.0
SRB,2006,0.0
SRB,2007,0.0
SRB,2008,0.0
SRB,2009,0.0
SRB,2010,0.0
SRB,2011,0.0
SRB,2012,0.0
SRB,2013,0.0
SRB,2014,0.0
SRB,2015,0.0
SRB,2016,0.0
SRB,2017,0.0
SRB,2018,0.0
SRB,2019,0.0
SRB,2020,0.0
SRB,2021,0.0
SRB,2022,0.0
SRB,2023,0.0
SRB,2024,0.0
SRB,2025,0.0
SSD,1989,0.0
SSD,1990,0.0
SSD,1991,0.0
SSD,1992,0.0
SSD,1993,0.0
SSD,1994,0.0
SSD,1995,0.0
SSD,1996,0.0
SSD,1997,0.0
SSD,1998,0.0
SSD,1999,0.0
SSD,2000,0.0
SSD,2001,0.0
SSD,2002,0.0
SSD,2003,0.0
SSD,2004,0.0
SSD,2005,0.0
SSD,2006,0.0
SSD,2007,0.0
SSD,2008,0.0
SSD,2009,0.0
SSD,2010,0.0
SSD,2011,216.0
SSD,2012,504.0
SSD,2013,926.0
SSD,2014,1667.0
SSD,2015,493.0
SSD,2016,735.0
SSD,2017,484.0
SSD,2018,526.0
SSD,2019,110.0
SSD,2020,58.0
SSD,2021,188.0
SSD,2022,0.0
SSD,2023,0.0
SSD,2024,0.0
SSD,2025,1287.0
SUR,1987,1.0
SWE,1989,0.0
SWE,1990,0.0
SWE,1991,0.0
SWE,1992,0.0
SWE,1993,0.0
SWE,1994,0.0
SWE,1995,0.0
SWE,1996,0.0
SWE,1997,0.0
SWE,1998,0.0
SWE,1999,0.0
SWE,2000,0.0
SWE,2001,0.0
SWE,2002,0.0
SWE,2003,0.0
SWE,2004,0.0
SWE,2005,0.0
SWE,2006,0.0
SWE,2007,0.0
SWE,2008,0.0
SWE,2009,0.0
SWE,2010,0.0
SWE,2011,0.0
SWE,2012,0.0
SWE,2013,0.0
SWE,2014,0.0
SWE,2015,0.0
SWE,2016,0.0
SWE,2017,0.0
SWE,2018,0.0
SWE,2019,0.0
SWE,2020,0.0
SWE,2021,0.0
SWE,2022,0.0
SWE,2023,0.0
SWE,2024,0.0
SWE,2025,9.0
SWZ,1989,0.0
SWZ,1990,0.0
SWZ,1991,0.0
SWZ,1992,0.0
SWZ,1993,0.0
SWZ,1994,0.0
SWZ,1995,0.0
SWZ,1996,0.0
SWZ,1997,0.0
SWZ,1998,0.0
SWZ,1999,0.0
SWZ,2000,0.0
SWZ,2001,0.0
SWZ,2002,0.0
SWZ,2003,0.0
SWZ,2004,0.0
SWZ,2005,0.0
SWZ,2006,0.0
SWZ,2007,0.0
SWZ,2008,0.0
SWZ,2009,0.0
SWZ,2010,0.0
SWZ,2011,0.0
SWZ,2012,0.0
SWZ,2013,0.0
SWZ,2014,0.0
SWZ,2015,0.0
SWZ,2016,0.0
SWZ,2017,0.0
SWZ,2018,0.0
SWZ,2019,0.0
SWZ,2020,0.0
SWZ,2021,0.0
SWZ,2022,0.0
SWZ,2023,0.0
SWZ,2024,0.0
SWZ,2025,6.0
SYR,1966,1.0
SYR,1979,1.0
SYR,1980,1.0
SYR,1981,1.0
SYR,1982,2.0
SYR,1989,0.0
SYR,1990,0.0
SYR,1991,0.0
SYR,1992,0.0
SYR,1993,0.0
SYR,1994,0.0
SYR,1995,0.0
SYR,1996,0.0
SYR,1997,0.0
SYR,1998,0.0
SYR,1999,0.0
SYR,2000,0.0
SYR,2001,0.0
SYR,2002,0.0
SYR,2003,0.0
SYR,2004,0.0
SYR,2005,0.0
SYR,2006,0.0
SYR,2007,0.0
SYR,2008,0.0
SYR,2009,0.0
SYR,2010,0.0
SYR,2011,1203.0
SYR,2012,50490.0
SYR,2013,72016.0
SYR,2014,65345.0
SYR,2015,50181.0
SYR,2016,43650.0
SYR,2017,24126.0
SYR,2018,13072.0
SYR,2019,7379.0
SYR,2020,4589.0
SYR,2021,1356.0
SYR,2022,911.0
SYR,2023,1500.0
SYR,2024,2166.0
SYR,2025,6219.0
TCD,1989,315.0
TCD,1990,1352.0
TCD,1991,68.0
TCD,1992,899.0
TCD,1993,120.0
TCD,1994,156.0
TCD,1995,0.0
TCD,1996,0.0
TCD,1997,97.0
TCD,1998,34.0
TCD,1999,394.0
TCD,2000,989.0
TCD,2001,226.0
TCD,2002,294.0
TCD,2003,37.0
TCD,2004,0.0
TCD,2005,100.0
TCD,2006,1250.0
TCD,2007,69.0
TCD,2008,991.0
TCD,2009,131.0
TCD,2010,42.0
TCD,2011,0.0
TCD,2012,0.0
TCD,2013,0.0
TCD,2014,0.0
TCD,2015,272.0
TCD,2016,0.0
TCD,2017,57.0
TCD,2018,150.0
TCD,2019,144.0
TCD,2020,196.0
TCD,2021,486.0
TCD,2022,35.0
TCD,2023,61.0
TCD,2024,0.0
TCD,2025,217.0
TGO,1989,0.0
TGO,1990,0.0
TGO,1991,1.0
TGO,1992,1.0
TGO,1993,1.0
TGO,1994,1.0
TGO,1995,2.0
TGO,1996,1.0
TGO,1997,1.0
TGO,1998,2.0
TGO,1999,2.0
TGO,2000,1.0
TGO,2001,1.0
TGO,2002,0.0
TGO,2003,0.0
TGO,2004,0.0
TGO,2005,0.0
TGO,2006,0.0
TGO,2007,0.0
TGO,2008,0.0
TGO,2009,0.0
TGO,2010,0.0
TGO,2011,0.0
TGO,2012,0.0
TGO,2013,0.0
TGO,2014,0.0
TGO,2015,0.0
TGO,2016,0.0
TGO,2017,0.0
TGO,2018,0.0
TGO,2019,0.0
TGO,2020,0.0
TGO,2021,0.0
TGO,2022,34.0
TGO,2023,29.0
TGO,2024,46.0
TGO,2025,13.0
THA,1951,1.0
THA,1974,1.0
THA,1975,1.0
THA,1976,1.0
THA,1977,1.0
THA,1978,1.0
THA,1979,1.0
THA,1980,1.0
THA,1981,1.0
THA,1982,1.0
THA,1989,0.0
THA,1990,0.0
THA,1991,0.0
THA,1992,0.0
THA,1993,0.0
THA,1994,0.0
THA,1995,0.0
THA,1996,0.0
THA,1997,0.0
THA,1998,0.0
THA,1999,0.0
THA,2000,0.0
THA,2001,0.0
THA,2002,0.0
THA,2003,26.0
THA,2004,164.0
THA,2005,205.0
THA,2006,212.0
THA,2007,197.0
THA,2008,130.0
THA,2009,138.0
THA,2010,76.0
THA,2011,172.0
THA,2012,131.0
THA,2013,189.0
THA,2014,68.0
THA,2015,57.0
THA,2016,50.0
THA,2017,43.0
THA,2018,36.0
THA,2019,55.0
THA,2020,46.0
THA,2021,38.0
THA,2022,29.0
THA,2023,30.0
THA,2024,35.0
THA,2025,172.0
TJK,1989,0.0
TJK,1990,0.0
TJK,1991,0.0
TJK,1992,3355.0
TJK,1993,1395.0
TJK,1994,356.0
TJK,1995,368.0
TJK,1996,2790.0
TJK,1997,87.0
TJK,1998,600.0
TJK,1999,0.0
TJK,2000,46.0
TJK,2001,0.0
TJK,2002,0.0
TJK,2003,0.0
TJK,2004,0.0
TJK,2005,0.0
TJK,2006,0.0
TJK,2007,0.0
TJK,2008,0.0
TJK,2009,0.0
TJK,2010,98.0
TJK,2011,28.0
TJK,2012,0.0
TJK,2013,0.0
TJK,2014,0.0
TJK,2015,0.0
TJK,2016,0.0
TJK,2017,0.0
TJK,2018,52.0
TJK,2019,49.0
TJK,2020,0.0
TJK,2021,56.0
TJK,2022,150.0
TJK,2023,0.0
TJK,2024,0.0
TJK,2025,12.0
TKM,1999,1.0
TKM,2000,1.0
TKM,2004,1.0
TTO,1989,0.0
TTO,1990,39.0
TTO,1991,0.0
TTO,1992,0.0
TTO,1993,0.0
TTO,1994,0.0
TTO,1995,0.0
TTO,1996,0.0
TTO,1997,0.0
TTO,1998,0.0
TTO,1999,0.0
TTO,2000,0.0
TTO,2001,0.0
TTO,2002,0.0
TTO,2003,0.0
TTO,2004,0.0
TTO,2005,0.0
TTO,2006,0.0
TTO,2007,0.0
TTO,2008,0.0
TTO,2009,0.0
TTO,2010,0.0
TTO,2011,0.0
TTO,2012,0.0
TTO,2013,0.0
TTO,2014,0.0
TTO,2015,0.0
TTO,2016,0.0
TTO,2017,0.0
TTO,2018,0.0
TTO,2019,0.0
TTO,2020,0.0
TTO,2021,0.0
TTO,2022,0.0
TTO,2023,0.0
TTO,2024,0.0
TTO,2025,31.0
TUN,1980,1.0
TUN,1989,0.0
TUN,1990,0.0
TUN,1991,0.0
TUN,1992,0.0
TUN,1993,0.0
TUN,1994,0.0
TUN,1995,0.0
TUN,1996,0.0
TUN,1997,0.0
TUN,1998,0.0
TUN,1999,0.0
TUN,2000,0.0
TUN,2001,0.0
TUN,2002,0.0
TUN,2003,0.0
TUN,2004,0.0
TUN,2005,0.0
TUN,2006,0.0
TUN,2007,0.0
TUN,2008,0.0
TUN,2009,0.0
TUN,2010,0.0
TUN,2011,0.0
TUN,2012,0.0
TUN,2013,29.0
TUN,2014,50.0
TUN,2015,59.0
TUN,2016,71.0
TUN,2017,0.0
TUN,2018,0.0
TUN,2019,0.0
TUN,2020,0.0
TUN,2021,0.0
TUN,2022,0.0
TUN,2023,0.0
TUN,2024,0.0
TUN,2025,0.0
TUR,1984,1.0
TUR,1985,1.0
TUR,1986,1.0
TUR,1987,1.0
TUR,1988,1.0
TUR,1989,442.0
TUR,1990,526.0
TUR,1991,407.0
TUR,1992,1730.0
TUR,1993,2336.0
TUR,1994,4159.0
TUR,1995,3725.0
TUR,1996,3962.0
TUR,1997,3866.0
TUR,1998,2073.0
TUR,1999,1360.0
TUR,2000,206.0
TUR,2001,132.0
TUR,2002,54.0
TUR,2003,82.0
TUR,2004,195.0
TUR,2005,293.0
TUR,2006,225.0
TUR,2007,499.0
TUR,2008,588.0
TUR,2009,147.0
TUR,2010,355.0
TUR,2011,558.0
TUR,2012,853.0
TUR,2013,31.0
TUR,2014,0.0
TUR,2015,933.0
TUR,2016,2607.0
TUR,2017,1481.0
TUR,2018,921.0
TUR,2019,590.0
TUR,2020,412.0
TUR,2021,475.0
TUR,2022,748.0
TUR,2023,372.0
TUR,2024,209.0
TUR,2025,11.0
TZA,1978,1.0
TZA,1989,0.0
TZA,1990,0.0
TZA,1991,0.0
TZA,1992,0.0
TZA,1993,0.0
TZA,1994,0.0
TZA,1995,0.0
TZA,1996,0.0
TZA,1997,0.0
TZA,1998,0.0
TZA,1999,0.0
TZA,2000,0.0
TZA,2001,0.0
TZA,2002,0.0
TZA,2003,0.0
TZA,2004,0.0
TZA,2005,0.0
TZA,2006,0.0
TZA,2007,0.0
TZA,2008,0.0
TZA,2009,0.0
TZA,2010,0.0
TZA,2011,0.0
TZA,2012,0.0
TZA,2013,0.0
TZA,2014,0.0
TZA,2015,0.0
TZA,2016,0.0
TZA,2017,0.0
TZA,2018,0.0
TZA,2019,0.0
TZA,2020,25.0
TZA,2021,0.0
TZA,2022,0.0
TZA,2023,0.0
TZA,2024,0.0
TZA,2025,231.0
UGA,1971,1.0
UGA,1972,1.0
UGA,1974,1.0
UGA,1979,1.0
UGA,1980,1.0
UGA,1981,2.0
UGA,1982,2.0
UGA,1983,2.0
UGA,1984,2.0
UGA,1985,2.0
UGA,1986,2.0
UGA,1987,2.0
UGA,1988,2.0
UGA,1989,1019.0
UGA,1990,621.0
UGA,1991,853.0
UGA,1992,72.0
UGA,1993,0.0
UGA,1994,149.0
UGA,1995,295.0
UGA,1996,1268.0
UGA,1997,888.0
UGA,1998,835.0
UGA,1999,355.0
UGA,2000,388.0
UGA,2001,189.0
UGA,2002,1086.0
UGA,2003,642.0
UGA,2004,1610.0
UGA,2005,695.0
UGA,2006,221.0
UGA,2007,91.0
UGA,2008,53.0
UGA,2009,238.0
UGA,2010,120.0
UGA,2011,136.0
UGA,2012,0.0
UGA,2013,100.0
UGA,2014,864.0
UGA,2015,197.0
UGA,2016,152.0
UGA,2017,141.0
UGA,2018,0.0
UGA,2019,0.0
UGA,2020,0.0
UGA,2021,0.0
UGA,2022,25.0
UGA,2023,0.0
UGA,2024,0.0
UGA,2025,41.0
UKR,1989,0.0
UKR,1990,0.0
UKR,1991,0.0
UKR,1992,0.0
UKR,1993,0.0
UKR,1994,0.0
UKR,1995,0.0
UKR,1996,0.0
UKR,1997,0.0
UKR,1998,0.0
UKR,1999,0.0
UKR,2000,0.0
UKR,2001,0.0
UKR,2002,0.0
UKR,2003,0.0
UKR,2004,0.0
UKR,2005,0.0
UKR,2006,0.0
UKR,2007,0.0
UKR,2008,0.0
UKR,2009,0.0
UKR,2010,0.0
UKR,2011,0.0
UKR,2012,0.0
UKR,2013,0.0
UKR,2014,4895.0
UKR,2015,1890.0
UKR,2016,697.0
UKR,2017,447.0
UKR,2018,243.0
UKR,2019,311.0
UKR,2020,196.0
UKR,2021,208.0
UKR,2022,91545.0
UKR,2023,75180.0
UKR,2024,75686.0
UKR,2025,84876.0
URY,1972,1.0
USA,1950,1.0
USA,1989,843.0
USA,1990,0.0
USA,1991,0.0
USA,1992,0.0
USA,1993,0.0
USA,1994,0.0
USA,1995,0.0
USA,1996,0.0
USA,1997,0.0
USA,1998,0.0
USA,1999,0.0
USA,2000,0.0
USA,2001,2980.0
USA,2002,880.0
USA,2003,7992.0
USA,2004,378.0
USA,2005,108.0
USA,2006,246.0
USA,2007,186.0
USA,2008,291.0
USA,2009,493.0
USA,2010,329.0
USA,2011,203.0
USA,2012,225.0
USA,2013,38.0
USA,2014,138.0
USA,2015,87.0
USA,2016,117.0
USA,2017,111.0
USA,2018,0.0
USA,2019,37.0
USA,2020,0.0
USA,2021,0.0
USA,2022,0.0
USA,2023,0.0
USA,2024,117.0
USA,2025,5.0
UZB,1989,0.0
UZB,1990,0.0
UZB,1991,0.0
UZB,1992,2.0
UZB,1993,2.0
UZB,1994,1.0
UZB,1995,1.0
UZB,1996,2.0
UZB,1997,1.0
UZB,1998,1.0
UZB,1999,67.0
UZB,2000,471.0
UZB,2001,0.0
UZB,2002,0.0
UZB,2003,0.0
UZB,2004,37.0
UZB,2005,0.0
UZB,2006,0.0
UZB,2007,0.0
UZB,2008,0.0
UZB,2009,0.0
UZB,2010,1.0
UZB,2011,1.0
UZB,2012,0.0
UZB,2013,0.0
UZB,2014,0.0
UZB,2015,0.0
UZB,2016,0.0
UZB,2017,0.0
UZB,2018,1.0
UZB,2019,1.0
UZB,2020,0.0
UZB,2021,0.0
UZB,2022,0.0
UZB,2023,0.0
UZB,2024,0.0
UZB,2025,1.0
VEN,1962,1.0
VEN,1982,1.0
VEN,1989,0.0
VEN,1990,0.0
VEN,1991,0.0
VEN,1992,144.0
VEN,1993,0.0
VEN,1994,0.0
VEN,1995,0.0
VEN,1996,0.0
VEN,1997,0.0
VEN,1998,0.0
VEN,1999,0.0
VEN,2000,0.0
VEN,2001,0.0
VEN,2002,0.0
VEN,2003,0.0
VEN,2004,0.0
VEN,2005,0.0
VEN,2006,0.0
VEN,2007,0.0
VEN,2008,0.0
VEN,2009,0.0
VEN,2010,0.0
VEN,2011,0.0
VEN,2012,0.0
VEN,2013,0.0
VEN,2014,0.0
VEN,2015,0.0
VEN,2016,0.0
VEN,2017,0.0
VEN,2018,0.0
VEN,2019,0.0
VEN,2020,0.0
VEN,2021,0.0
VEN,2022,0.0
VEN,2023,0.0
VEN,2024,0.0
VEN,2025,50.0
YEM,1948,2.0
YEM,1962,2.0
YEM,1963,2.0
YEM,1964,2.0
YEM,1965,1.0
YEM,1966,2.0
YEM,1967,2.0
YEM,1968,1.0
YEM,1969,1.0
YEM,1970,1.0
YEM,1979,1.0
YEM,1980,1.0
YEM,1981,1.0
YEM,1982,1.0
YEM,1989,0.0
YEM,1990,0.0
YEM,1991,0.0
YEM,1992,0.0
YEM,1993,0.0
YEM,1994,1489.0
YEM,1995,0.0
YEM,1996,0.0
YEM,1997,0.0
YEM,1998,0.0
YEM,1999,0.0
YEM,2000,0.0
YEM,2001,0.0
YEM,2002,0.0
YEM,2003,0.0
YEM,2004,0.0
YEM,2005,0.0
YEM,2006,0.0
YEM,2007,0.0
YEM,2008,0.0
YEM,2009,94.0
YEM,2010,175.0
YEM,2011,1143.0
YEM,2012,2366.0
YEM,2013,578.0
YEM,2014,1826.0
YEM,2015,7801.0
YEM,2016,3133.0
YEM,2017,3190.0
YEM,2018,4650.0
YEM,2019,2634.0
YEM,2020,6293.0
YEM,2021,23357.0
YEM,2022,2920.0
YEM,2023,804.0
YEM,2024,896.0
YEM,2025,1750.0
ZAF,1966,1.0
ZAF,1967,1.0
ZAF,1968,1.0
ZAF,1969,1.0
ZAF,1970,1.0
ZAF,1971,1.0
ZAF,1972,1.0
ZAF,1973,1.0
ZAF,1974,1.0
ZAF,1975,1.0
ZAF,1976,1.0
ZAF,1977,1.0
ZAF,1978,2.0
ZAF,1979,1.0
ZAF,1980,2.0
ZAF,1981,2.0
ZAF,1982,2.0
ZAF,1983,2.0
ZAF,1984,1.0
ZAF,1985,1.0
ZAF,1986,2.0
ZAF,1987,2.0
ZAF,1988,2.0
ZAF,1989,361.0
ZAF,1990,0.0
ZAF,1991,0.0
ZAF,1992,0.0
ZAF,1993,0.0
ZAF,1994,0.0
ZAF,1995,0.0
ZAF,1996,0.0
ZAF,1997,0.0
ZAF,1998,0.0
ZAF,1999,0.0
ZAF,2000,0.0
ZAF,2001,0.0
ZAF,2002,0.0
ZAF,2003,0.0
ZAF,2004,0.0
ZAF,2005,0.0
ZAF,2006,0.0
ZAF,2007,0.0
ZAF,2008,0.0
ZAF,2009,0.0
ZAF,2010,0.0
ZAF,2011,0.0
ZAF,2012,0.0
ZAF,2013,0.0
ZAF,2014,0.0
ZAF,2015,0.0
ZAF,2016,0.0
ZAF,2017,0.0
ZAF,2018,0.0
ZAF,2019,0.0
ZAF,2020,0.0
ZAF,2021,0.0
ZAF,2022,0.0
ZAF,2023,0.0
ZAF,2024,0.0
ZAF,2025,42.0
ZMB,1982,1.0
ZMB,1983,1.0
ZMB,1984,1.0
ZMB,1986,1.0
ZMB,1987,1.0
ZMB,1988,2.0
ZMB,1989,1.0
ZMB,1990,2.0
ZMB,1991,2.0
ZMB,1992,2.0
ZMB,1993,1.0
ZMB,1994,1.0
ZMB,1995,1.0
ZMB,1996,1.0
ZMB,2001,1.0
ZMB,2002,1.0
ZMB,2006,1.0
ZMB,2007,2.0
ZMB,2008,2.0
ZMB,2009,2.0
ZMB,2010,2.0
ZMB,2011,2.0
ZMB,2012,2.0
ZMB,2013,1.0
ZMB,2014,2.0
ZMB,2015,2.0
ZMB,2016,2.0
ZMB,2017,2.0
ZMB,2018,2.0
ZMB,2019,2.0
ZMB,2020,2.0
ZMB,2021,2.0
ZMB,2022,2.0
ZMB,2023,2.0
ZMB,2024,2.0
ZWE,1991,1.0
ZWE,1992,1.0
ZWE,1993,1.0
ZWE,1994,1.0
ZWE,1999,1.0
ZWE,2008,1.0
