iso3,year,louvain_community,leiden_community,gn_community
BES,1990,0,1,0
ABW,1990,0,1,1
CHN,1990,1,0,2
COL,1990,0,1,3
CUW,1990,0,1,4
DMA,1990,1,0,5
DOM,1990,0,1,6
GRD,1990,1,0,7
GUY,1990,0,1,8
HTI,1990,0,1,6
IND,1990,2,6,2
JAM,1990,1,0,9
NIC,1990,1,0,10
NLD,1990,3,2,2
PER,1990,0,1,11
PHL,1990,4,3,2
PRT,1990,0,1,12
SUR,1990,3,2,2
SXM,1990,0,1,13
TUR,1990,3,2,2
USA,1990,1,0,2
VCT,1990,1,0,14
VEN,1990,0,1,2
PAK,1990,2,6,2
AFG,1990,2,6,2
TJK,1990,5,5,2
UZB,1990,5,5,2
CIV,1990,6,4,15
AGO,1990,0,1,12
COD,1990,4,3,16
COG,1990,1,4,17
CPV,1990,0,1,18
GIN,1990,6,4,15
MOZ,1990,0,1,12
NAM,1990,1,0,19
RWA,1990,4,0,20
STP,1990,0,1,21
TCD,1990,6,4,22
ZAF,1990,1,0,2
ZMB,1990,1,0,23
CAN,1990,1,0,2
AIA,1990,0,0,24
GBR,1990,1,0,2
KNA,1990,0,1,25
MSR,1990,1,0,26
VIR,1990,1,0,27
ALB,1990,3,2,28
GRC,1990,3,2,2
ITA,1990,1,0,2
MKD,1990,3,2,2
ARG,1990,0,1,29
AND,1990,0,1,30
AUS,1990,3,2,2
BEL,1990,0,1,2
CHE,1990,3,2,2
CHL,1990,0,1,29
DEU,1990,3,2,2
DNK,1990,3,2,31
ESP,1990,0,1,2
FRA,1990,0,1,2
MAR,1990,0,1,2
SWE,1990,3,2,32
URY,1990,0,1,29
ARE,1990,4,3,2
BGD,1990,2,6,2
BHR,1990,2,3,33
EGY,1990,4,3,2
ERI,1990,1,0,34
ETH,1990,4,3,16
IDN,1990,3,2,2
JOR,1990,4,3,2
KWT,1990,4,3,2
LBN,1990,4,3,2
LKA,1990,2,6,2
NGA,1990,6,4,35
NPL,1990,2,6,2
PSE,1990,4,3,2
QAT,1990,3,3,36
SAU,1990,4,3,2
SDN,1990,4,3,2
SOM,1990,4,3,16
SSD,1990,4,3,16
SYR,1990,4,3,37
THA,1990,1,0,2
TUN,1990,0,1,2
YEM,1990,4,3,2
ARM,1990,5,5,2
AUT,1990,3,2,2
BGR,1990,3,2,2
BOL,1990,0,1,29
BRA,1990,1,1,2
CRI,1990,1,0,38
CUB,1990,1,0,2
CYP,1990,3,2,39
CZE,1990,3,2,2
DZA,1990,0,1,2
ECU,1990,1,0,2
EST,1990,5,5,2
GTM,1990,1,0,2
HND,1990,1,0,2
HRV,1990,3,2,2
HUN,1990,3,2,2
IRL,1990,1,0,2
IRN,1990,2,6,2
ISR,1990,5,5,2
JPN,1990,1,0,2
KOR,1990,1,0,2
LAO,1990,1,0,2
LTU,1990,5,5,2
MEX,1990,1,0,2
MNE,1990,3,2,40
NOR,1990,3,2,41
NZL,1990,3,2,2
PAN,1990,1,0,2
POL,1990,3,2,2
PRI,1990,1,0,2
PRK,1990,1,0,42
PRY,1990,0,1,29
ROU,1990,3,2,2
RUS,1990,5,5,2
SEN,1990,6,4,43
SLV,1990,1,0,2
SRB,1990,3,2,2
SVK,1990,3,2,2
SVN,1990,3,2,44
TWN,1990,1,0,2
UKR,1990,5,5,2
AZE,1990,5,5,2
GEO,1990,5,5,2
KAZ,1990,5,5,2
TKM,1990,5,5,2
ASM,1990,3,2,45
FJI,1990,3,2,46
TKL,1990,3,2,47
TON,1990,3,2,48
WSM,1990,3,2,49
ATG,1990,1,0,50
BHS,1990,0,1,51
BLZ,1990,1,0,52
BMU,1990,1,0,53
BRB,1990,1,0,54
GHA,1990,6,4,15
GLP,1990,0,1,55
GUF,1990,0,1,56
LCA,1990,1,0,57
MTQ,1990,0,1,58
TCA,1990,0,1,59
TTO,1990,1,0,2
VGB,1990,1,0,60
BDI,1990,4,0,61
BEN,1990,6,4,35
BFA,1990,6,4,15
BIH,1990,3,2,2
BLR,1990,5,5,2
BRN,1990,4,3,62
BTN,1990,2,6,63
BWA,1990,1,0,64
CAF,1990,4,3,65
CMR,1990,6,4,66
COK,1990,3,2,67
CYM,1990,1,0,68
DJI,1990,4,3,16
FIN,1990,3,2,32
FLK,1990,1,0,69
GAB,1990,6,4,70
GIB,1990,0,1,71
GMB,1990,6,4,72
GUM,1990,4,3,73
HKG,1990,1,0,2
IMN,1990,1,0,74
IRQ,1990,2,6,2
ISL,1990,3,2,75
KEN,1990,1,0,2
KGZ,1990,5,5,2
KHM,1990,1,0,2
KIR,1990,3,2,76
LBR,1990,6,4,15
LBY,1990,4,3,2
LSO,1990,1,0,77
LUX,1990,0,1,78
LVA,1990,5,5,2
MAC,1990,1,0,79
MCO,1990,0,1,80
MDA,1990,5,5,2
MDG,1990,0,1,81
MDV,1990,2,6,82
MLT,1990,3,2,83
MMR,1990,2,6,2
MNG,1990,5,5,84
MUS,1990,0,1,85
MWI,1990,1,0,86
MYS,1990,4,3,2
NCL,1990,0,1,87
NIU,1990,3,2,88
NRU,1990,3,2,89
OMN,1990,2,6,90
PNG,1990,3,2,91
PYF,1990,0,1,92
REU,1990,0,1,93
SGP,1990,4,3,94
SLB,1990,3,2,95
SLE,1990,6,4,96
SWZ,1990,0,1,97
SYC,1990,0,1,98
TGO,1990,6,4,99
TUV,1990,3,2,100
TZA,1990,1,0,101
UGA,1990,4,0,2
VNM,1990,1,0,2
VUT,1990,0,1,102
ZWE,1990,1,0,2
MRT,1990,6,4,43
NER,1990,6,4,103
MLI,1990,6,4,15
SMR,1990,1,0,104
LIE,1990,3,2,105
GNB,1990,6,4,106
CHI,1990,1,0,107
VAT,1990,0,1,108
GNQ,1990,6,4,109
COM,1990,0,1,110
TLS,1990,3,2,111
GRL,1990,3,2,112
SPM,1990,0,1,113
FRO,1990,3,2,114
SHN,1990,1,0,115
WLF,1990,0,1,116
ESH,1990,0,1,2
FSM,1990,4,3,117
MHL,1990,4,3,118
MNP,1990,4,3,119
PLW,1990,4,3,120
MYT,1990,0,1,121
BES,1995,6,0,0
ABW,1995,6,0,1
CHN,1995,1,1,2
COL,1995,6,0,3
CUW,1995,6,0,4
DMA,1995,6,2,5
DOM,1995,6,0,6
GRD,1995,6,2,7
GUY,1995,6,0,8
HTI,1995,6,0,6
IND,1995,0,7,2
JAM,1995,1,2,9
NIC,1995,1,2,10
NLD,1995,3,1,2
PER,1995,6,0,11
PHL,1995,3,1,2
PRT,1995,6,0,2
SUR,1995,3,1,2
SXM,1995,6,0,12
TUR,1995,3,3,2
USA,1995,1,2,2
VCT,1995,6,2,13
VEN,1995,6,0,2
PAK,1995,0,7,2
AFG,1995,0,7,2
TJK,1995,2,6,2
UZB,1995,2,6,2
CIV,1995,4,5,14
AGO,1995,6,0,2
COD,1995,5,4,15
COG,1995,5,4,16
CPV,1995,6,0,17
GIN,1995,4,5,14
MOZ,1995,5,4,2
NAM,1995,5,4,18
RWA,1995,5,4,15
STP,1995,6,4,19
TCD,1995,4,5,20
ZAF,1995,5,4,2
ZMB,1995,5,4,21
CAN,1995,1,2,2
AIA,1995,6,2,22
GBR,1995,1,2,2
KNA,1995,6,0,23
MSR,1995,6,2,24
VIR,1995,1,2,25
ALB,1995,3,3,26
GRC,1995,3,3,2
ITA,1995,1,3,2
MKD,1995,3,3,2
ARG,1995,6,0,2
AND,1995,6,0,27
AUS,1995,3,1,2
BEL,1995,6,0,2
CHE,1995,1,3,2
CHL,1995,6,0,2
DEU,1995,1,3,2
DNK,1995,7,3,28
ESP,1995,6,0,2
FRA,1995,6,0,2
MAR,1995,6,0,2
SWE,1995,7,3,29
URY,1995,6,0,2
ARE,1995,0,7,2
BGD,1995,0,7,2
BHR,1995,0,7,30
EGY,1995,0,7,2
ERI,1995,1,3,31
ETH,1995,5,4,2
IDN,1995,3,1,2
JOR,1995,3,1,2
KWT,1995,0,1,2
LBN,1995,3,1,2
LKA,1995,0,7,2
NGA,1995,4,5,14
NPL,1995,0,7,2
PSE,1995,3,1,2
QAT,1995,3,1,32
SAU,1995,3,1,2
SDN,1995,5,4,33
SOM,1995,5,4,2
SSD,1995,5,4,15
SYR,1995,3,1,2
THA,1995,1,2,2
TUN,1995,6,0,2
YEM,1995,3,1,2
ARM,1995,2,6,2
AUT,1995,7,3,2
BGR,1995,3,3,2
BOL,1995,6,0,2
BRA,1995,6,0,2
CRI,1995,1,2,34
CUB,1995,1,2,2
CYP,1995,3,3,35
CZE,1995,1,3,2
DZA,1995,6,0,2
ECU,1995,1,2,2
EST,1995,2,6,2
GTM,1995,1,2,2
HND,1995,1,2,2
HRV,1995,7,3,2
HUN,1995,1,3,2
IRL,1995,1,2,2
IRN,1995,0,7,2
ISR,1995,2,6,2
JPN,1995,1,2,2
KOR,1995,1,2,2
LAO,1995,1,2,2
LTU,1995,2,6,2
MEX,1995,1,2,2
MNE,1995,7,3,36
NOR,1995,7,3,37
NZL,1995,3,1,2
PAN,1995,1,2,2
POL,1995,1,3,2
PRI,1995,1,2,2
PRK,1995,1,2,38
PRY,1995,6,0,2
ROU,1995,1,3,2
RUS,1995,2,6,2
SEN,1995,4,5,39
SLV,1995,1,2,2
SRB,1995,7,3,2
SVK,1995,1,3,2
SVN,1995,7,3,40
TWN,1995,1,2,2
UKR,1995,2,6,2
AZE,1995,2,6,2
GEO,1995,2,6,2
KAZ,1995,2,6,2
TKM,1995,2,6,2
ASM,1995,3,1,41
FJI,1995,3,1,42
TKL,1995,3,1,43
TON,1995,3,1,44
VNM,1995,1,2,2
WSM,1995,3,1,45
ATG,1995,1,2,46
BHS,1995,6,0,47
BLZ,1995,1,2,48
BMU,1995,1,2,49
BRB,1995,1,2,50
GHA,1995,4,5,14
GLP,1995,6,0,51
GUF,1995,6,0,52
LCA,1995,1,2,53
MTQ,1995,6,0,54
TCA,1995,6,0,55
TTO,1995,1,2,2
VGB,1995,6,2,56
BDI,1995,5,4,15
BEN,1995,4,5,14
BFA,1995,4,5,14
BIH,1995,7,3,2
BLR,1995,2,6,2
BRN,1995,3,1,57
BTN,1995,0,7,2
BWA,1995,5,4,58
CAF,1995,5,4,59
CMR,1995,4,5,60
COK,1995,3,1,61
CYM,1995,1,2,62
DJI,1995,5,4,2
FIN,1995,7,3,29
FLK,1995,6,0,63
GAB,1995,4,5,64
GIB,1995,6,0,65
GMB,1995,4,5,66
GUM,1995,3,1,67
HKG,1995,3,1,2
IMN,1995,1,2,68
IRQ,1995,0,7,2
ISL,1995,7,3,69
KEN,1995,5,4,2
KGZ,1995,2,6,2
KHM,1995,1,2,2
KIR,1995,3,1,70
LBR,1995,4,5,14
LBY,1995,3,1,2
LSO,1995,5,4,71
LUX,1995,6,0,72
LVA,1995,2,6,2
MAC,1995,3,1,73
MCO,1995,6,0,74
MDA,1995,2,6,2
MDG,1995,6,0,2
MDV,1995,0,7,75
MLT,1995,3,1,76
MMR,1995,0,7,2
MNG,1995,2,6,77
MUS,1995,6,0,78
MWI,1995,5,4,79
MYS,1995,3,1,2
NCL,1995,6,0,80
NIU,1995,3,1,81
NRU,1995,3,1,82
OMN,1995,0,7,2
PNG,1995,3,1,83
PYF,1995,6,0,84
REU,1995,6,0,85
SGP,1995,3,1,86
SLB,1995,3,1,87
SLE,1995,4,5,14
SWZ,1995,5,4,88
SYC,1995,5,4,89
TGO,1995,4,5,14
TUV,1995,3,1,90
TZA,1995,5,4,91
UGA,1995,5,4,2
VUT,1995,6,0,92
ZWE,1995,5,4,2
MRT,1995,4,5,39
NER,1995,4,5,93
MLI,1995,4,5,14
GNB,1995,4,5,94
SMR,1995,1,3,95
LIE,1995,7,3,96
CHI,1995,1,2,97
VAT,1995,6,0,98
GNQ,1995,4,5,99
COM,1995,6,0,100
TLS,1995,3,1,101
GRL,1995,7,3,102
FRO,1995,7,3,103
SHN,1995,6,0,104
SPM,1995,6,0,105
WLF,1995,6,0,106
ESH,1995,6,0,2
FSM,1995,3,1,107
MHL,1995,3,1,108
MNP,1995,1,1,109
PLW,1995,3,1,110
MYT,1995,6,0,111
BES,2000,5,5,0
ABW,2000,5,5,1
CHN,2000,7,0,2
COL,2000,0,4,3
CUW,2000,5,5,4
DMA,2000,0,5,5
DOM,2000,5,5,6
GRD,2000,0,5,7
GUY,2000,5,5,8
HTI,2000,5,5,6
IND,2000,1,8,2
JAM,2000,7,0,9
NIC,2000,0,4,10
NLD,2000,7,0,2
PER,2000,5,1,11
PHL,2000,7,0,2
PRT,2000,4,3,2
SUR,2000,7,0,2
SXM,2000,5,5,12
TUR,2000,8,2,2
USA,2000,0,4,2
VCT,2000,0,5,13
VEN,2000,0,4,2
PAK,2000,1,8,2
AFG,2000,1,8,2
TJK,2000,2,6,2
UZB,2000,2,6,2
CIV,2000,3,7,2
AGO,2000,4,3,2
COD,2000,4,3,14
COG,2000,4,3,15
CPV,2000,4,3,16
GIN,2000,3,7,2
MOZ,2000,4,3,2
NAM,2000,4,3,17
RWA,2000,4,3,14
STP,2000,4,3,18
TCD,2000,5,1,19
ZAF,2000,4,3,2
ZMB,2000,4,3,20
CAN,2000,7,0,2
AIA,2000,5,5,21
GBR,2000,7,0,2
KNA,2000,5,5,22
MSR,2000,0,5,23
VIR,2000,0,5,24
ALB,2000,8,2,25
GRC,2000,8,2,2
ITA,2000,8,2,2
MKD,2000,8,2,2
ARG,2000,5,1,2
AND,2000,5,1,26
AUS,2000,7,0,2
BEL,2000,5,1,2
CHE,2000,8,2,2
CHL,2000,5,1,2
DEU,2000,8,2,2
DNK,2000,8,2,27
ESP,2000,5,1,2
FRA,2000,5,1,2
MAR,2000,5,1,2
SWE,2000,8,2,28
URY,2000,5,1,2
ARE,2000,7,0,2
BGD,2000,1,8,2
BHR,2000,1,8,29
EGY,2000,7,0,2
ERI,2000,8,2,30
ETH,2000,4,3,14
IDN,2000,7,0,2
JOR,2000,6,9,2
KWT,2000,7,0,2
LBN,2000,6,9,2
LKA,2000,1,8,2
NGA,2000,3,7,2
NPL,2000,1,8,2
PSE,2000,6,9,2
QAT,2000,7,0,2
SAU,2000,7,0,2
SDN,2000,7,0,2
SOM,2000,4,3,14
SSD,2000,4,3,14
SYR,2000,7,0,2
THA,2000,0,0,2
TUN,2000,5,1,2
YEM,2000,7,0,2
ARM,2000,2,6,2
AUT,2000,8,2,2
BGR,2000,8,2,2
BOL,2000,5,1,2
BRA,2000,0,4,2
CRI,2000,0,4,31
CUB,2000,0,4,2
CYP,2000,8,0,32
CZE,2000,8,2,2
DZA,2000,5,1,2
ECU,2000,0,4,2
EST,2000,2,6,2
GTM,2000,0,4,2
HND,2000,0,4,2
HRV,2000,8,2,2
HUN,2000,8,2,2
IRL,2000,7,0,2
IRN,2000,1,8,2
ISR,2000,2,6,2
JPN,2000,0,4,2
KOR,2000,0,4,2
LAO,2000,0,4,2
LTU,2000,2,6,2
MEX,2000,0,4,2
MNE,2000,8,2,33
NOR,2000,8,2,34
NZL,2000,7,0,2
PAN,2000,0,4,2
POL,2000,8,2,2
PRI,2000,0,4,2
PRK,2000,0,4,35
PRY,2000,5,1,2
ROU,2000,8,2,2
RUS,2000,2,6,2
SEN,2000,5,1,2
SLV,2000,0,4,2
SRB,2000,8,2,2
SVK,2000,8,2,2
SVN,2000,8,2,2
TWN,2000,0,0,2
UKR,2000,2,6,2
AZE,2000,2,6,2
GEO,2000,2,6,2
KAZ,2000,2,6,2
TKM,2000,2,6,2
ASM,2000,7,0,36
FJI,2000,7,0,37
TKL,2000,7,0,38
TON,2000,7,0,39
VNM,2000,0,4,2
WSM,2000,7,0,40
ATG,2000,0,5,41
BHS,2000,5,5,42
BLZ,2000,0,4,43
BMU,2000,7,0,44
BRB,2000,7,0,45
GHA,2000,3,7,2
GLP,2000,5,1,46
GUF,2000,5,1,47
LCA,2000,7,0,48
MTQ,2000,5,1,49
TCA,2000,5,5,50
TTO,2000,0,4,2
VGB,2000,0,5,51
BDI,2000,4,3,52
BEN,2000,3,7,2
BFA,2000,3,7,2
BIH,2000,8,2,2
BLR,2000,2,6,2
BRN,2000,7,0,53
BTN,2000,1,8,2
BWA,2000,4,3,54
CAF,2000,4,3,55
CMR,2000,5,1,56
COK,2000,7,0,57
CYM,2000,7,0,58
DJI,2000,4,3,14
FIN,2000,8,2,28
FLK,2000,7,0,59
GAB,2000,3,7,60
GIB,2000,5,1,61
GMB,2000,5,1,62
GUM,2000,7,0,63
HKG,2000,7,0,2
IMN,2000,7,0,64
IRQ,2000,1,9,2
ISL,2000,8,2,65
KEN,2000,4,3,14
KGZ,2000,2,6,2
KHM,2000,0,4,2
KIR,2000,7,0,66
LBR,2000,3,7,2
LBY,2000,6,9,2
LSO,2000,4,3,2
LUX,2000,5,1,67
LVA,2000,2,6,2
MAC,2000,7,0,68
MCO,2000,5,1,69
MDA,2000,2,6,2
MDG,2000,5,1,2
MDV,2000,1,8,70
MLI,2000,3,7,2
MLT,2000,7,0,71
MMR,2000,1,8,2
MNG,2000,2,6,72
MUS,2000,5,1,73
MWI,2000,4,3,74
MYS,2000,7,0,2
NCL,2000,5,1,75
NIU,2000,7,0,76
NRU,2000,7,0,77
OMN,2000,1,8,2
PNG,2000,7,0,78
PYF,2000,5,1,79
REU,2000,5,1,80
SGP,2000,7,0,81
SLB,2000,7,0,82
SLE,2000,3,7,2
SWZ,2000,4,3,83
SYC,2000,4,3,84
TGO,2000,3,7,2
TLS,2000,7,0,2
TUV,2000,7,0,85
TZA,2000,4,3,14
UGA,2000,4,3,14
VUT,2000,5,1,86
ZWE,2000,4,3,2
MRT,2000,5,1,87
NER,2000,3,7,88
GNB,2000,5,1,89
SMR,2000,8,2,90
CHI,2000,7,0,91
VAT,2000,5,1,92
GNQ,2000,3,7,93
COM,2000,5,1,94
GRL,2000,8,2,95
LIE,2000,8,2,96
FRO,2000,8,2,97
SHN,2000,7,0,98
SPM,2000,5,1,99
WLF,2000,5,1,100
ESH,2000,5,1,2
FSM,2000,7,0,101
MHL,2000,7,0,102
MNP,2000,7,0,103
PLW,2000,7,0,104
MYT,2000,5,1,105
BES,2005,3,7,0
ABW,2005,3,7,1
CHN,2005,2,3,2
COL,2005,3,3,3
CUW,2005,3,7,4
DMA,2005,6,3,5
DOM,2005,3,7,6
GRD,2005,6,3,7
GUY,2005,2,3,8
HTI,2005,3,7,6
IND,2005,5,4,2
JAM,2005,2,0,9
NIC,2005,6,3,10
NLD,2005,2,0,2
PER,2005,3,2,11
PHL,2005,5,4,2
PRT,2005,1,1,2
SUR,2005,2,0,2
SXM,2005,3,7,12
TUR,2005,4,0,2
USA,2005,6,3,2
VCT,2005,6,3,13
VEN,2005,3,3,2
PAK,2005,5,4,2
AFG,2005,5,4,2
TJK,2005,0,5,2
UZB,2005,0,5,2
CIV,2005,8,6,2
AGO,2005,1,1,2
COD,2005,1,1,14
COG,2005,1,1,15
CPV,2005,1,1,16
GIN,2005,8,6,2
MOZ,2005,1,1,2
NAM,2005,1,1,17
RWA,2005,1,1,14
STP,2005,1,1,18
TCD,2005,1,1,2
ZAF,2005,1,1,2
ZMB,2005,1,1,14
CAN,2005,2,0,2
AIA,2005,3,3,19
GBR,2005,2,0,2
KNA,2005,3,3,20
MSR,2005,6,3,21
VIR,2005,6,3,22
ALB,2005,4,0,23
GRC,2005,4,0,2
ITA,2005,4,0,2
MKD,2005,4,0,2
ARG,2005,3,2,2
AND,2005,3,2,24
AUS,2005,2,0,2
BEL,2005,3,2,2
CHE,2005,4,0,2
CHL,2005,3,2,2
DEU,2005,4,0,2
DNK,2005,4,1,25
ESP,2005,3,2,2
FRA,2005,3,2,2
MAR,2005,3,2,2
SWE,2005,4,1,26
URY,2005,3,2,2
ARE,2005,5,4,2
BGD,2005,5,4,2
BHR,2005,5,4,2
EGY,2005,5,4,2
ERI,2005,4,1,27
ETH,2005,1,1,2
IDN,2005,2,4,2
JOR,2005,7,1,2
KWT,2005,5,4,2
LBN,2005,7,1,2
LKA,2005,5,4,2
NGA,2005,8,6,2
NPL,2005,5,4,2
PSE,2005,7,1,2
QAT,2005,5,4,28
SAU,2005,5,4,2
SDN,2005,1,1,2
SOM,2005,1,1,14
SSD,2005,1,1,2
SYR,2005,7,1,2
THA,2005,5,4,2
TUN,2005,3,2,2
YEM,2005,5,4,14
ARM,2005,0,5,2
AUT,2005,4,0,2
BGR,2005,4,0,2
BOL,2005,3,2,2
BRA,2005,6,3,2
CRI,2005,6,3,29
CUB,2005,6,3,2
CYP,2005,4,0,30
CZE,2005,4,0,2
DZA,2005,3,2,2
ECU,2005,3,2,2
EST,2005,0,5,2
GTM,2005,6,3,2
HND,2005,6,3,2
HRV,2005,4,0,2
HUN,2005,4,0,2
IRL,2005,2,0,2
IRN,2005,5,4,2
ISR,2005,3,5,2
JPN,2005,6,3,2
KOR,2005,6,3,2
LAO,2005,5,4,2
LTU,2005,0,5,2
MEX,2005,6,3,2
MNE,2005,4,0,31
NOR,2005,4,1,32
NZL,2005,2,0,2
PAN,2005,6,3,2
POL,2005,4,0,2
PRI,2005,6,3,2
PRK,2005,6,3,33
PRY,2005,3,2,2
ROU,2005,4,0,2
RUS,2005,0,5,2
SEN,2005,3,2,2
SLV,2005,6,3,2
SRB,2005,4,0,2
SVK,2005,4,0,2
SVN,2005,4,0,34
TWN,2005,6,3,2
UKR,2005,0,5,2
AZE,2005,0,5,2
GEO,2005,0,5,2
IRQ,2005,7,1,2
KAZ,2005,0,5,2
TKM,2005,0,5,2
ASM,2005,2,0,35
FJI,2005,2,0,36
TKL,2005,2,0,37
TON,2005,2,0,38
VNM,2005,6,3,2
WSM,2005,2,0,39
ATG,2005,6,3,40
BHS,2005,3,7,41
BLZ,2005,6,3,42
BMU,2005,2,0,43
BRB,2005,2,0,44
GHA,2005,8,6,2
GLP,2005,3,2,45
GUF,2005,2,2,46
LCA,2005,2,0,47
MTQ,2005,3,2,48
TCA,2005,3,7,49
TTO,2005,6,3,2
VGB,2005,6,3,50
BDI,2005,1,1,51
BEN,2005,8,6,2
BFA,2005,8,6,2
BIH,2005,4,0,2
BLR,2005,0,5,2
BRN,2005,5,4,52
BTN,2005,5,4,2
BWA,2005,1,1,53
CAF,2005,1,1,54
CMR,2005,3,2,2
COK,2005,2,0,55
CYM,2005,2,0,56
DJI,2005,1,1,57
FIN,2005,4,1,26
FLK,2005,3,0,58
GAB,2005,8,6,59
GIB,2005,2,0,60
GMB,2005,3,2,61
GUM,2005,5,4,62
HKG,2005,2,4,2
IMN,2005,2,0,63
ISL,2005,4,1,64
KEN,2005,1,1,14
KGZ,2005,0,5,2
KHM,2005,5,3,2
KIR,2005,2,0,65
LBR,2005,8,6,2
LBY,2005,7,1,2
LSO,2005,1,1,2
LUX,2005,3,2,66
LVA,2005,0,5,2
MAC,2005,2,4,67
MCO,2005,3,2,68
MDA,2005,0,5,2
MDG,2005,3,2,2
MDV,2005,5,4,69
MLI,2005,8,6,2
MLT,2005,2,0,70
MMR,2005,5,4,2
MNG,2005,0,5,71
MUS,2005,3,2,72
MWI,2005,1,1,73
MYS,2005,5,4,2
NCL,2005,3,2,74
NIU,2005,2,0,75
NRU,2005,2,0,76
OMN,2005,5,4,2
PNG,2005,2,0,77
PYF,2005,3,2,78
REU,2005,3,2,79
SGP,2005,5,0,80
SLB,2005,2,0,81
SLE,2005,8,6,82
SWZ,2005,1,1,83
SYC,2005,1,1,84
TGO,2005,8,6,2
TLS,2005,2,4,85
TUV,2005,2,0,86
TZA,2005,1,1,14
UGA,2005,1,1,14
VUT,2005,3,2,87
ZWE,2005,1,1,2
MRT,2005,3,2,88
NER,2005,8,6,2
GNB,2005,3,2,89
LIE,2005,4,0,90
SMR,2005,4,0,91
CHI,2005,2,0,92
VAT,2005,3,2,93
GNQ,2005,8,6,94
COM,2005,3,2,95
GRL,2005,4,1,96
FRO,2005,4,1,97
SHN,2005,3,0,98
SPM,2005,3,2,99
WLF,2005,3,2,100
ESH,2005,3,2,2
FSM,2005,5,4,101
MHL,2005,5,3,102
MNP,2005,5,3,103
PLW,2005,5,4,104
MYT,2005,3,2,105
BES,2010,3,7,0
ABW,2010,3,7,1
CHN,2010,7,3,2
COL,2010,5,3,3
CUW,2010,3,7,4
DMA,2010,3,7,5
DOM,2010,3,7,6
GRD,2010,5,3,7
GUY,2010,9,7,8
HTI,2010,3,7,6
IND,2010,7,5,2
JAM,2010,3,0,9
NIC,2010,5,3,10
NLD,2010,9,2,2
PER,2010,6,1,11
PHL,2010,7,0,2
PRT,2010,2,1,2
SUR,2010,9,2,2
SXM,2010,3,7,12
TUR,2010,9,2,2
USA,2010,5,3,2
VCT,2010,5,3,13
VEN,2010,5,3,2
PAK,2010,4,5,2
AFG,2010,4,5,2
TJK,2010,0,6,14
UZB,2010,0,6,14
CIV,2010,1,8,2
AGO,2010,2,1,2
COD,2010,2,0,2
COG,2010,2,0,15
CPV,2010,2,1,16
GIN,2010,1,8,2
MOZ,2010,2,0,2
NAM,2010,2,0,17
RWA,2010,2,0,2
STP,2010,2,1,18
TCD,2010,2,0,2
ZAF,2010,2,0,2
ZMB,2010,2,0,19
CAN,2010,9,0,2
AIA,2010,3,7,20
GBR,2010,9,0,2
KNA,2010,3,7,21
MSR,2010,5,7,22
VIR,2010,5,3,23
ALB,2010,0,2,24
GRC,2010,0,2,2
ITA,2010,9,1,2
MKD,2010,9,2,2
ARG,2010,6,1,2
AND,2010,6,1,25
AUS,2010,7,4,2
BEL,2010,6,1,2
CHE,2010,9,2,2
CHL,2010,6,1,2
DEU,2010,9,2,2
DNK,2010,9,2,26
ESP,2010,6,1,2
FRA,2010,6,1,2
MAR,2010,6,1,2
SWE,2010,9,2,2
URY,2010,6,1,2
ARE,2010,7,5,2
BGD,2010,7,5,2
BHR,2010,7,5,2
EGY,2010,7,5,2
ERI,2010,9,2,27
ETH,2010,2,0,2
IDN,2010,7,5,2
JOR,2010,8,9,2
KWT,2010,7,5,2
LBN,2010,8,9,2
LKA,2010,7,5,2
NGA,2010,1,8,2
NPL,2010,7,5,2
PSE,2010,8,9,2
QAT,2010,7,5,2
SAU,2010,7,0,2
SDN,2010,2,0,2
SOM,2010,2,0,2
SSD,2010,2,0,2
SYR,2010,8,9,2
THA,2010,7,4,2
TUN,2010,6,1,2
YEM,2010,7,0,2
ARM,2010,0,6,14
AUT,2010,9,2,2
BGR,2010,9,2,2
BOL,2010,6,1,2
BRA,2010,5,1,2
CRI,2010,5,3,28
CUB,2010,5,3,2
CYP,2010,0,0,29
CZE,2010,9,2,2
DZA,2010,6,1,2
ECU,2010,6,1,2
EST,2010,0,6,14
GTM,2010,5,3,2
HND,2010,5,3,2
HRV,2010,9,2,2
HUN,2010,9,2,2
IRL,2010,9,0,2
IRN,2010,4,5,2
ISR,2010,6,1,2
JPN,2010,5,3,2
KOR,2010,5,3,2
LAO,2010,7,4,2
LTU,2010,0,6,14
MEX,2010,5,3,2
MNE,2010,9,2,30
NOR,2010,9,2,31
NZL,2010,7,4,2
PAN,2010,5,3,2
POL,2010,9,2,2
PRI,2010,5,3,2
PRK,2010,5,3,32
PRY,2010,6,1,2
ROU,2010,9,1,2
RUS,2010,0,6,14
SEN,2010,6,1,2
SLV,2010,5,3,2
SRB,2010,9,2,2
SVK,2010,9,2,2
SVN,2010,9,2,33
TWN,2010,7,3,2
UKR,2010,0,6,2
AZE,2010,0,6,14
GEO,2010,0,6,14
IRQ,2010,8,9,2
KAZ,2010,0,6,14
TKM,2010,0,6,14
ASM,2010,7,4,34
FJI,2010,7,4,35
TKL,2010,7,4,36
TON,2010,7,4,37
VNM,2010,5,3,2
WSM,2010,7,4,38
ATG,2010,5,3,39
BHS,2010,3,7,40
BLZ,2010,5,3,41
BMU,2010,9,0,42
BRB,2010,9,0,43
GHA,2010,1,8,2
GLP,2010,6,1,44
GUF,2010,9,7,45
LCA,2010,9,0,46
MTQ,2010,6,1,47
TCA,2010,3,7,48
TTO,2010,5,3,2
VGB,2010,5,3,49
BDI,2010,2,0,50
BEN,2010,1,8,2
BFA,2010,1,8,2
BIH,2010,9,2,2
BLR,2010,0,6,14
BRN,2010,7,4,51
BTN,2010,7,5,52
BWA,2010,2,0,53
CAF,2010,2,0,2
CMR,2010,2,0,2
COK,2010,7,4,54
CYM,2010,3,0,55
DJI,2010,2,0,56
FIN,2010,9,2,2
FLK,2010,9,0,57
GAB,2010,1,8,58
GIB,2010,9,0,59
GMB,2010,6,1,60
GUM,2010,7,0,61
HKG,2010,7,0,2
IMN,2010,9,0,62
ISL,2010,9,2,63
KEN,2010,2,0,2
KGZ,2010,0,6,14
KHM,2010,7,4,2
KIR,2010,7,4,64
LBR,2010,1,8,65
LBY,2010,8,9,2
LSO,2010,2,0,2
LUX,2010,6,1,66
LVA,2010,0,6,14
MAC,2010,7,0,67
MCO,2010,6,1,68
MDA,2010,0,6,14
MDG,2010,6,1,2
MDV,2010,7,5,69
MLI,2010,1,8,2
MLT,2010,7,4,70
MMR,2010,7,4,2
MNG,2010,0,6,71
MUS,2010,6,1,72
MWI,2010,2,0,73
MYS,2010,7,4,2
NCL,2010,6,1,74
NIU,2010,7,4,75
NRU,2010,7,4,76
OMN,2010,7,5,2
PNG,2010,7,4,77
PYF,2010,6,1,78
REU,2010,6,1,79
SGP,2010,7,4,80
SLB,2010,7,4,81
SLE,2010,1,8,82
SWZ,2010,2,0,83
SYC,2010,2,0,84
TGO,2010,1,8,2
TLS,2010,7,5,85
TUV,2010,7,4,86
TZA,2010,2,0,87
UGA,2010,2,0,2
VUT,2010,6,1,88
ZWE,2010,2,0,2
MRT,2010,6,1,89
NER,2010,1,8,90
GNB,2010,6,1,91
LIE,2010,9,2,92
SMR,2010,9,1,93
CHI,2010,9,0,94
VAT,2010,6,1,95
GNQ,2010,1,8,96
COM,2010,6,1,97
GRL,2010,9,2,98
FRO,2010,9,2,99
SHN,2010,9,0,100
SPM,2010,6,1,101
WLF,2010,6,1,102
ESH,2010,6,1,2
FSM,2010,7,0,103
MHL,2010,7,3,104
MNP,2010,7,0,105
PLW,2010,7,0,106
MYT,2010,6,1,107
BES,2015,3,0,0
ABW,2015,3,0,1
CHN,2015,1,2,2
COL,2015,5,0,3
CUW,2015,3,0,4
DMA,2015,5,3,5
DOM,2015,3,0,6
GRD,2015,5,3,7
GUY,2015,6,0,8
HTI,2015,3,0,6
IND,2015,1,2,2
JAM,2015,3,3,9
NIC,2015,5,3,10
NLD,2015,6,0,2
PER,2015,6,0,11
PHL,2015,1,2,2
PRT,2015,7,0,2
SUR,2015,6,0,2
SXM,2015,3,0,12
TUR,2015,8,6,2
USA,2015,5,3,2
VCT,2015,5,3,13
VEN,2015,5,0,2
PAK,2015,1,2,2
AFG,2015,1,2,2
TJK,2015,0,1,2
UZB,2015,0,1,2
CIV,2015,2,7,14
AGO,2015,7,0,2
COD,2015,7,4,2
COG,2015,7,4,15
CPV,2015,7,0,16
GIN,2015,2,7,14
MOZ,2015,7,4,2
NAM,2015,7,4,17
RWA,2015,7,4,2
STP,2015,7,0,18
TCD,2015,7,4,2
ZAF,2015,7,4,2
ZMB,2015,7,4,19
CAN,2015,1,2,2
AIA,2015,3,0,20
GBR,2015,4,1,2
KNA,2015,3,0,21
MSR,2015,5,3,22
VIR,2015,5,3,23
ALB,2015,0,1,24
GRC,2015,0,1,2
ITA,2015,4,1,2
MKD,2015,4,1,25
ARG,2015,6,0,2
AND,2015,6,0,26
BEL,2015,6,0,2
CHL,2015,6,0,2
DEU,2015,4,1,2
ESP,2015,6,0,2
FRA,2015,6,0,2
MAR,2015,6,0,2
URY,2015,6,0,2
ARE,2015,1,2,2
BGD,2015,1,2,2
BHR,2015,1,2,2
EGY,2015,1,2,2
ERI,2015,8,6,27
ETH,2015,7,4,2
IDN,2015,1,2,2
JOR,2015,8,6,2
KWT,2015,1,2,2
LBN,2015,8,6,2
LKA,2015,1,2,2
NGA,2015,2,7,14
NPL,2015,1,2,2
PSE,2015,8,6,2
QAT,2015,1,2,2
SAU,2015,1,2,2
SDN,2015,7,4,2
SOM,2015,7,4,2
SSD,2015,7,4,2
SYR,2015,8,6,2
THA,2015,9,5,2
TUN,2015,6,0,2
YEM,2015,1,2,2
ARM,2015,0,1,28
AUS,2015,9,5,2
AUT,2015,4,1,2
BGR,2015,8,6,2
BOL,2015,6,0,2
BRA,2015,5,0,2
CHE,2015,4,1,2
CRI,2015,5,3,29
CUB,2015,5,3,2
CYP,2015,0,1,30
CZE,2015,4,1,2
DNK,2015,4,6,31
DZA,2015,6,0,2
ECU,2015,6,0,2
EST,2015,0,1,2
GTM,2015,5,3,2
HND,2015,5,3,2
HRV,2015,4,1,2
HUN,2015,4,1,2
IRL,2015,4,1,2
IRN,2015,1,2,2
ISR,2015,0,1,2
JPN,2015,5,3,2
KOR,2015,5,3,2
LAO,2015,9,5,2
LTU,2015,4,1,2
MEX,2015,5,3,2
MNE,2015,4,1,32
NOR,2015,4,6,33
NZL,2015,9,5,2
PAN,2015,5,3,2
POL,2015,4,1,2
PRI,2015,5,3,2
PRK,2015,5,3,34
PRY,2015,6,0,2
ROU,2015,4,1,2
RUS,2015,0,1,2
SEN,2015,6,0,2
SLV,2015,5,3,2
SRB,2015,4,1,2
SVK,2015,4,1,2
SVN,2015,4,1,35
SWE,2015,8,6,2
TWN,2015,5,3,2
UKR,2015,0,1,2
AZE,2015,0,1,2
GEO,2015,0,1,2
IRQ,2015,8,6,2
KAZ,2015,0,1,2
TKM,2015,0,1,2
ASM,2015,9,5,36
FJI,2015,9,5,37
TKL,2015,9,5,38
TON,2015,9,5,39
VNM,2015,5,3,2
WSM,2015,9,5,40
ATG,2015,5,3,41
BHS,2015,3,0,42
BLZ,2015,5,3,43
BMU,2015,4,3,44
BRB,2015,1,2,45
GHA,2015,2,7,14
GLP,2015,6,0,46
GUF,2015,6,0,47
LCA,2015,1,2,48
MTQ,2015,6,0,49
TCA,2015,3,0,50
TTO,2015,5,3,2
VGB,2015,5,3,51
BDI,2015,7,4,2
BEN,2015,2,7,14
BFA,2015,2,7,14
BIH,2015,4,1,2
BLR,2015,0,1,2
BRN,2015,1,2,52
BTN,2015,1,2,53
BWA,2015,7,4,54
CAF,2015,7,4,2
CMR,2015,7,4,2
COK,2015,9,5,55
CYM,2015,3,3,56
DJI,2015,7,4,57
FIN,2015,8,6,2
FLK,2015,4,1,58
GAB,2015,2,7,59
GIB,2015,4,1,60
GMB,2015,6,0,61
GUM,2015,1,2,62
HKG,2015,1,2,2
IMN,2015,4,1,63
ISL,2015,4,6,64
KEN,2015,7,4,2
KGZ,2015,0,1,2
KHM,2015,9,5,2
KIR,2015,9,5,65
LBR,2015,2,7,66
LBY,2015,8,6,2
LSO,2015,7,4,2
LUX,2015,6,0,67
LVA,2015,0,1,68
MAC,2015,1,2,69
MCO,2015,6,0,70
MDA,2015,0,1,2
MDG,2015,6,0,2
MDV,2015,1,2,71
MLI,2015,2,7,14
MLT,2015,9,5,72
MMR,2015,9,5,2
MNG,2015,0,1,73
MUS,2015,6,0,74
MWI,2015,7,4,75
MYS,2015,1,2,2
NCL,2015,6,0,76
NIU,2015,9,5,77
NRU,2015,9,5,78
OMN,2015,1,2,2
PNG,2015,9,5,79
PYF,2015,6,0,80
REU,2015,6,0,81
SGP,2015,1,2,82
SLB,2015,9,5,83
SLE,2015,2,7,84
SWZ,2015,7,4,85
SYC,2015,7,4,86
TGO,2015,2,7,14
TLS,2015,1,2,87
TUV,2015,9,5,88
TZA,2015,7,4,89
UGA,2015,7,4,2
VUT,2015,6,0,90
ZWE,2015,7,4,2
MRT,2015,6,0,91
NER,2015,2,7,14
GNB,2015,6,0,92
LIE,2015,4,1,93
SMR,2015,4,1,94
WLF,2015,6,0,95
CHI,2015,4,1,96
VAT,2015,6,0,97
GNQ,2015,2,7,98
COM,2015,6,0,2
GRL,2015,4,6,99
FRO,2015,4,6,100
SHN,2015,4,1,101
SPM,2015,6,0,102
ESH,2015,6,0,2
FSM,2015,1,2,103
MHL,2015,1,3,104
MNP,2015,1,2,105
PLW,2015,1,2,106
MYT,2015,6,0,107
BES,2020,0,4,0
ABW,2020,0,4,1
CHN,2020,4,0,2
COL,2020,0,4,2
CUW,2020,0,4,3
DMA,2020,2,4,4
DOM,2020,0,4,5
GRD,2020,2,5,6
GUY,2020,0,4,7
HTI,2020,0,4,5
IND,2020,4,0,2
JAM,2020,0,4,8
NIC,2020,2,5,9
NLD,2020,6,7,2
PER,2020,0,4,2
PHL,2020,4,0,2
PRT,2020,1,3,2
SUR,2020,6,7,2
SXM,2020,0,4,10
TUR,2020,3,7,2
USA,2020,2,5,2
VCT,2020,2,4,11
VEN,2020,0,4,2
PAK,2020,4,0,2
AFG,2020,4,0,2
TJK,2020,6,1,2
UZB,2020,6,1,2
CIV,2020,5,6,2
AGO,2020,1,3,2
COD,2020,1,3,2
COG,2020,1,3,12
CPV,2020,1,3,13
GIN,2020,5,6,2
MOZ,2020,1,3,14
NAM,2020,1,3,15
RWA,2020,1,3,2
STP,2020,1,3,16
TCD,2020,1,3,2
ZAF,2020,1,3,14
ZMB,2020,1,3,17
CAN,2020,4,0,2
AIA,2020,0,4,18
GBR,2020,6,1,2
KNA,2020,0,4,19
MSR,2020,2,4,20
VIR,2020,2,5,21
ALB,2020,7,2,22
GRC,2020,6,1,2
ITA,2020,6,1,2
MKD,2020,6,1,23
ARG,2020,7,2,2
AND,2020,7,2,24
BEL,2020,7,2,2
CHL,2020,7,2,2
DEU,2020,6,1,2
ESP,2020,7,2,2
FRA,2020,7,2,2
MAR,2020,7,2,2
URY,2020,7,2,2
ARE,2020,4,0,2
BGD,2020,4,0,2
BHR,2020,4,0,2
EGY,2020,4,0,2
ERI,2020,6,7,25
ETH,2020,1,3,2
IDN,2020,4,0,2
JOR,2020,3,7,2
KWT,2020,4,0,2
LBN,2020,3,7,2
LKA,2020,4,0,2
NGA,2020,5,6,2
NPL,2020,4,0,2
PSE,2020,3,7,2
QAT,2020,4,0,2
SAU,2020,4,0,2
SDN,2020,1,3,2
SOM,2020,1,3,2
SSD,2020,1,3,2
SYR,2020,3,7,2
THA,2020,4,0,2
TUN,2020,7,2,2
YEM,2020,4,0,2
ARM,2020,6,1,2
AUS,2020,4,0,2
AUT,2020,6,1,2
BGR,2020,3,7,2
BOL,2020,7,2,2
BRA,2020,2,2,2
CHE,2020,6,1,2
CRI,2020,2,5,26
CUB,2020,2,5,2
CYP,2020,6,1,27
CZE,2020,6,1,2
DNK,2020,6,1,28
DZA,2020,7,2,2
ECU,2020,7,2,2
EST,2020,6,1,2
GTM,2020,2,5,2
HND,2020,2,5,2
HRV,2020,6,1,2
HUN,2020,6,1,2
IRL,2020,6,1,2
IRN,2020,4,0,2
ISR,2020,6,1,2
JPN,2020,2,5,2
KOR,2020,2,5,2
LAO,2020,4,0,2
LTU,2020,6,1,2
MEX,2020,2,5,2
MNE,2020,6,1,29
NOR,2020,6,1,30
NZL,2020,4,0,2
PAN,2020,2,5,2
POL,2020,6,1,2
PRI,2020,2,5,2
PRK,2020,2,5,31
PRY,2020,7,2,2
ROU,2020,6,1,2
RUS,2020,6,1,2
SEN,2020,7,2,2
SLV,2020,2,5,2
SRB,2020,6,1,2
SVK,2020,6,1,2
SVN,2020,6,1,32
SWE,2020,3,7,2
TWN,2020,2,0,2
UKR,2020,6,1,2
AZE,2020,6,1,2
GEO,2020,6,1,2
IRQ,2020,3,7,2
KAZ,2020,6,1,2
TKM,2020,6,1,2
ASM,2020,4,0,33
FJI,2020,4,0,34
TKL,2020,4,0,35
TON,2020,4,0,36
VNM,2020,2,5,2
WSM,2020,4,0,37
ATG,2020,2,5,38
BLZ,2020,2,5,39
BMU,2020,4,4,40
BRB,2020,4,0,41
GHA,2020,5,6,2
GLP,2020,7,2,42
GUF,2020,0,4,43
LCA,2020,4,0,44
MTQ,2020,7,2,45
TCA,2020,0,4,46
TTO,2020,2,5,2
VGB,2020,2,4,47
BDI,2020,1,3,2
BEN,2020,5,6,2
BFA,2020,5,6,2
BHS,2020,0,4,48
BIH,2020,6,1,2
BLR,2020,6,1,2
BRN,2020,4,0,49
BTN,2020,4,0,50
BWA,2020,1,3,51
CAF,2020,1,3,2
CMR,2020,1,3,2
COK,2020,4,0,52
CYM,2020,0,4,53
DJI,2020,1,3,54
FIN,2020,3,7,2
FLK,2020,6,1,55
GAB,2020,5,6,56
GIB,2020,6,1,57
GMB,2020,1,2,58
GUM,2020,4,0,59
HKG,2020,4,0,2
IMN,2020,6,1,60
ISL,2020,6,1,61
KEN,2020,1,3,2
KGZ,2020,6,1,2
KHM,2020,4,0,2
KIR,2020,4,0,62
LBR,2020,5,6,63
LBY,2020,3,7,2
LSO,2020,1,3,14
LUX,2020,7,2,64
LVA,2020,6,1,65
MAC,2020,4,0,66
MCO,2020,7,2,67
MDA,2020,6,1,2
MDG,2020,7,2,2
MDV,2020,4,0,68
MLI,2020,5,6,2
MLT,2020,4,0,69
MMR,2020,4,0,2
MNG,2020,6,1,70
MUS,2020,7,2,71
MWI,2020,1,3,14
MYS,2020,4,0,2
NCL,2020,7,2,72
NIU,2020,4,0,73
NRU,2020,4,0,74
OMN,2020,4,0,2
PNG,2020,4,0,75
PYF,2020,7,2,76
REU,2020,7,2,77
SGP,2020,4,0,78
SLB,2020,4,0,79
SLE,2020,5,6,80
SWZ,2020,1,3,81
SYC,2020,1,3,82
TGO,2020,5,6,2
TLS,2020,4,0,83
TUV,2020,4,0,84
TZA,2020,1,3,85
UGA,2020,1,3,2
VUT,2020,7,2,86
ZWE,2020,1,3,14
MRT,2020,7,2,87
NER,2020,5,6,2
GNB,2020,1,2,88
LIE,2020,6,1,89
SMR,2020,6,1,90
CHI,2020,6,1,91
VAT,2020,7,2,92
GNQ,2020,5,6,93
COM,2020,7,2,2
GRL,2020,6,1,94
FRO,2020,6,1,95
SHN,2020,6,1,96
SPM,2020,7,2,97
WLF,2020,7,2,98
ESH,2020,7,2,2
FSM,2020,4,0,99
MHL,2020,4,0,100
MNP,2020,4,0,101
PLW,2020,4,0,102
MYT,2020,7,2,2
BES,2025,0,5,0
ABW,2025,0,5,1
CHN,2025,4,0,2
COL,2025,0,5,3
CUW,2025,0,5,4
DMA,2025,2,0,5
DOM,2025,2,1,3
GRD,2025,2,0,6
GUY,2025,0,5,3
HTI,2025,2,1,3
IND,2025,4,0,2
JAM,2025,2,0,7
NIC,2025,2,0,8
NLD,2025,5,2,2
PER,2025,0,5,3
PHL,2025,4,0,2
PRT,2025,3,1,9
SUR,2025,5,2,10
SXM,2025,2,1,11
TUR,2025,5,2,2
USA,2025,2,0,2
VCT,2025,2,0,12
VEN,2025,0,5,3
PAK,2025,5,0,2
AFG,2025,5,2,2
TJK,2025,1,4,13
UZB,2025,1,4,2
CIV,2025,6,1,14
AGO,2025,3,1,15
COD,2025,3,3,2
COG,2025,3,3,16
CPV,2025,3,1,17
GIN,2025,6,1,18
MOZ,2025,3,3,19
NAM,2025,3,3,20
RWA,2025,3,3,21
STP,2025,3,1,22
TCD,2025,3,3,2
ZAF,2025,3,3,23
ZMB,2025,3,3,24
CAN,2025,2,0,2
AIA,2025,2,0,25
GBR,2025,5,2,2
KNA,2025,2,0,26
MSR,2025,2,0,27
VIR,2025,2,0,28
ALB,2025,5,1,29
GRC,2025,5,2,2
ITA,2025,5,2,2
MKD,2025,5,2,30
ARG,2025,2,1,31
AND,2025,5,1,32
BEL,2025,5,1,33
CHL,2025,2,1,31
DEU,2025,5,2,2
ESP,2025,5,1,2
FRA,2025,5,1,2
MAR,2025,5,1,2
URY,2025,2,1,34
ARE,2025,1,0,2
BGD,2025,4,0,2
BHR,2025,4,0,35
EGY,2025,1,4,2
ERI,2025,5,2,36
ETH,2025,3,3,2
IDN,2025,4,0,2
JOR,2025,1,4,2
KWT,2025,1,0,2
LBN,2025,1,4,2
LKA,2025,4,0,37
NGA,2025,6,1,2
NPL,2025,4,0,2
PSE,2025,1,4,2
QAT,2025,4,0,38
SAU,2025,4,0,2
SDN,2025,3,3,2
SOM,2025,3,3,2
SSD,2025,3,3,2
SYR,2025,5,2,2
THA,2025,4,0,2
TUN,2025,5,1,2
YEM,2025,4,0,2
ARM,2025,1,4,39
AUS,2025,4,0,2
AUT,2025,5,2,40
BGR,2025,5,2,2
BOL,2025,2,1,31
BRA,2025,2,1,3
CHE,2025,5,2,2
CRI,2025,2,0,41
CUB,2025,2,0,2
CYP,2025,3,2,42
CZE,2025,5,2,2
DNK,2025,5,2,43
DZA,2025,5,1,2
ECU,2025,5,1,2
EST,2025,1,4,44
GTM,2025,2,0,2
HND,2025,2,0,2
HRV,2025,5,2,2
HUN,2025,5,2,45
IRL,2025,5,2,2
IRN,2025,5,2,2
ISR,2025,1,1,46
JPN,2025,2,0,2
KOR,2025,2,0,2
LAO,2025,4,0,2
LTU,2025,5,2,47
MEX,2025,2,0,2
MNE,2025,5,2,48
NOR,2025,5,2,49
NZL,2025,4,0,2
PAN,2025,2,0,50
POL,2025,5,2,2
PRI,2025,2,0,2
PRK,2025,2,0,51
PRY,2025,2,1,31
ROU,2025,5,2,2
RUS,2025,1,4,2
SEN,2025,5,1,52
SLV,2025,2,0,2
SRB,2025,5,2,2
SVK,2025,5,2,53
SVN,2025,5,2,54
SWE,2025,5,2,2
TWN,2025,2,0,2
UKR,2025,1,4,2
AZE,2025,1,4,2
GEO,2025,1,4,55
IRQ,2025,5,2,2
KAZ,2025,1,4,2
TKM,2025,5,2,2
ASM,2025,4,0,56
FJI,2025,4,0,57
TKL,2025,4,0,58
TON,2025,4,0,59
VNM,2025,2,0,2
WSM,2025,4,0,60
ATG,2025,2,0,61
BLZ,2025,2,0,62
BMU,2025,2,0,63
BRB,2025,2,0,64
GHA,2025,6,1,65
GLP,2025,5,1,66
GUF,2025,2,1,67
LCA,2025,2,0,68
MTQ,2025,5,1,69
TCA,2025,2,1,70
TTO,2025,2,0,71
VGB,2025,2,0,72
BDI,2025,3,3,73
BEN,2025,6,1,2
BFA,2025,6,1,14
BHS,2025,2,1,74
BIH,2025,5,2,2
BLR,2025,1,4,2
BRN,2025,4,0,75
BTN,2025,4,0,76
BWA,2025,3,3,77
CAF,2025,3,3,2
CMR,2025,3,3,2
COK,2025,4,0,78
CYM,2025,2,0,79
DJI,2025,3,3,80
FIN,2025,5,2,81
FLK,2025,5,2,82
GAB,2025,6,1,83
GIB,2025,5,2,84
GMB,2025,3,1,85
GUM,2025,4,0,86
HKG,2025,4,0,2
IMN,2025,5,2,87
ISL,2025,5,2,88
KEN,2025,3,3,2
KGZ,2025,1,4,2
KHM,2025,4,0,2
KIR,2025,4,0,89
LBR,2025,6,1,90
LBY,2025,1,4,2
LSO,2025,3,3,23
LUX,2025,5,1,91
LVA,2025,1,4,92
MAC,2025,4,0,93
MCO,2025,5,1,94
MDA,2025,5,2,2
MDG,2025,5,1,95
MDV,2025,4,0,96
MLI,2025,6,1,14
MLT,2025,5,2,97
MMR,2025,4,0,2
MNG,2025,2,0,98
MUS,2025,5,1,99
MWI,2025,3,3,100
MYS,2025,4,0,2
NCL,2025,5,1,101
NIU,2025,4,0,102
NRU,2025,4,0,103
OMN,2025,4,0,104
PNG,2025,4,0,105
PYF,2025,5,1,106
REU,2025,5,1,107
SGP,2025,4,0,108
SLB,2025,4,0,109
SLE,2025,6,1,110
SWZ,2025,3,3,111
SYC,2025,3,3,112
TGO,2025,6,1,113
TLS,2025,4,0,114
TUV,2025,4,0,115
TZA,2025,3,3,116
UGA,2025,3,3,117
VUT,2025,4,1,118
ZWE,2025,3,3,23
MRT,2025,5,1,119
NER,2025,6,1,120
GNB,2025,3,1,121
LIE,2025,5,2,122
SMR,2025,5,2,123
CHI,2025,5,2,124
VAT,2025,2,1,125
GNQ,2025,6,1,126
COM,2025,5,1,127
GRL,2025,5,2,128
FRO,2025,5,2,129
SHN,2025,5,2,130
SPM,2025,5,1,131
WLF,2025,5,1,132
ESH,2025,5,1,133
FSM,2025,4,0,134
MHL,2025,2,0,135
MNP,2025,4,0,136
PLW,2025,4,0,137
MYT,2025,5,1,138
