origin_iso3,dest_iso3,year,weight
RUS,UKR,1990,2867854.0
MEX,USA,1990,1927762.0
BGD,IND,1990,1924650.0
AFG,IRN,1990,1770639.0
UKR,RUS,1990,1681629.0
AFG,PAK,1990,1651680.0
IND,PAK,1990,1285346.0
RUS,KAZ,1990,1214156.0
KAZ,RUS,1990,1196673.0
DEU,USA,1990,892151.0
PAK,IND,1990,860500.0
RUS,UZB,1990,718811.0
DZA,FRA,1990,635652.0
POL,DEU,1990,554578.0
GBR,AUS,1990,553376.0
MOZ,MWI,1990,548271.0
PHL,USA,1990,540544.0
CAN,USA,1990,510372.0
KOR,USA,1990,478396.0
AZE,RUS,1990,477127.0
GBR,USA,1990,454844.0
UZB,RUS,1990,453721.0
TUR,DEU,1990,449417.0
RUS,BLR,1990,441924.0
PSE,JOR,1990,432550.0
BLR,RUS,1990,412194.0
GBR,CAN,1990,392283.0
CUB,USA,1990,380296.0
ITA,USA,1990,371270.0
IRL,GBR,1990,343928.0
KOR,JPN,1990,334706.0
GEO,RUS,1990,334545.0
MAR,FRA,1990,289847.0
PRT,FRA,1990,287668.0
NPL,IND,1990,275656.0
JPN,USA,1990,272641.0
ARM,RUS,1990,272605.0
UKR,POL,1990,267875.0
CHN,USA,1990,267564.0
IND,NPL,1990,267540.0
RUS,LVA,1990,261663.0
VNM,USA,1990,260427.0
ITA,FRA,1990,256369.0
AGO,COD,1990,242957.0
BGR,TUR,1990,237447.0
SLV,USA,1990,234608.0
BLR,UKR,1990,230571.0
IDN,SAU,1990,227876.0
LKA,IND,1990,226676.0
POL,USA,1990,225457.0
ETH,SOM,1990,225139.0
ESP,FRA,1990,222182.0
BIH,SRB,1990,221887.0
KGZ,RUS,1990,220840.0
TJK,RUS,1990,216308.0
MOZ,ZWE,1990,214238.0
DOM,USA,1990,212710.0
IND,GBR,1990,208085.0
HRV,SRB,1990,206292.0
RUS,TJK,1990,204299.0
RUS,KGZ,1990,203912.0
IND,USA,1990,203843.0
CZE,DEU,1990,199860.0
SOM,ETH,1990,199241.0
JAM,USA,1990,198079.0
KAZ,UKR,1990,189137.0
PHL,SAU,1990,189079.0
LBR,GIN,1990,174919.0
ROU,DEU,1990,173397.0
PRY,ARG,1990,170470.0
ITA,CAN,1990,167430.0
ITA,ARG,1990,166996.0
BIH,HRV,1990,163974.0
RUS,USA,1990,163640.0
TUN,FRA,1990,163180.0
RUS,EST,1990,162473.0
EGY,SAU,1990,161881.0
COL,USA,1990,161553.0
SVK,CZE,1990,150740.0
MDA,RUS,1990,149123.0
USA,CAN,1990,143942.0
IRQ,IRN,1990,141469.0
ITA,DEU,1990,137558.0
UKR,BLR,1990,136498.0
UKR,MDA,1990,135595.0
SLV,GTM,1990,132597.0
ESP,ARG,1990,130189.0
RUS,MDA,1990,129238.0
RUS,DEU,1990,128663.0
NZL,AUS,1990,128594.0
DEU,GBR,1990,127352.0
DEU,CHE,1990,126726.0
PRT,BRA,1990,126093.0
RWA,UGA,1990,125867.0
FIN,SWE,1990,124429.0
IDN,MYS,1990,123880.0
DEU,FRA,1990,122234.0
PSE,SYR,1990,119495.0
ITA,AUS,1990,118430.0
BDI,TZA,1990,117918.0
HTI,USA,1990,116449.0
IND,KWT,1990,113722.0
USA,MEX,1990,113685.0
RWA,BDI,1990,113171.0
PSE,LBN,1990,111687.0
KAZ,DEU,1990,111238.0
GBR,NZL,1990,111222.0
AUT,DEU,1990,110791.0
PAK,GBR,1990,110230.0
ITA,CHE,1990,110044.0
ROU,HUN,1990,107876.0
IND,ARE,1990,107404.0
PHL,MYS,1990,106626.0
UKR,USA,1990,106371.0
IRL,USA,1990,104760.0
CHL,ARG,1990,104666.0
MDA,UKR,1990,102887.0
CHE,ITA,1990,102476.0
IDN,NLD,1990,102045.0
DEU,ITA,1990,100742.0
UKR,UZB,1990,100617.0
GTM,USA,1990,97361.0
FRA,USA,1990,96928.0
NIC,USA,1990,96110.0
IRN,USA,1990,94820.0
RUS,ISR,1990,94569.0
GRC,DEU,1990,93324.0
LTU,POL,1990,93161.0
DEU,CAN,1990,93061.0
POL,CAN,1990,92751.0
HRV,ITA,1990,92363.0
AZE,ARM,1990,91754.0
SUR,NLD,1990,90970.0
GBR,IRL,1990,90473.0
LAO,USA,1990,88513.0
CHN,THA,1990,88450.0
GRC,USA,1990,88201.0
RUS,GEO,1990,87707.0
DEU,TUR,1990,86704.0
GBR,ZAF,1990,86658.0
UZB,KAZ,1990,86364.0
RUS,LTU,1990,85209.0
FRA,BEL,1990,85147.0
POL,FRA,1990,85145.0
TKM,RUS,1990,84503.0
MAR,ISR,1990,84202.0
BLR,POL,1990,83462.0
PRT,USA,1990,83384.0
UKR,ISR,1990,83352.0
ARM,AZE,1990,82046.0
DEU,NLD,1990,81196.0
PER,USA,1990,80338.0
PAN,USA,1990,80234.0
PRT,CAN,1990,80141.0
IND,CAN,1990,79677.0
FRA,ITA,1990,79341.0
BOL,ARG,1990,76307.0
TUR,FRA,1990,75738.0
ROU,ISR,1990,75631.0
UZB,UKR,1990,75436.0
AGO,PRT,1990,75168.0
CHN,CAN,1990,74946.0
MKD,TUR,1990,74924.0
UKR,DEU,1990,74368.0
PSE,LBY,1990,74352.0
TUR,NLD,1990,73992.0
BEL,FRA,1990,73937.0
DEU,RUS,1990,73793.0
JAM,GBR,1990,73607.0
MOZ,TZA,1990,72912.0
USA,GBR,1990,72104.0
ECU,USA,1990,71292.0
FRA,ESP,1990,71089.0
RUS,TKM,1990,70285.0
IND,SAU,1990,69995.0
ITA,BEL,1990,69794.0
CHN,JPN,1990,68889.0
EGY,KWT,1990,68338.0
NIC,HND,1990,68004.0
PHL,CAN,1990,67629.0
GRC,AUS,1990,67008.0
THA,USA,1990,66885.0
GUY,USA,1990,65999.0
TTO,USA,1990,65081.0
CHN,BGD,1990,64474.0
HTI,DOM,1990,64417.0
RUS,POL,1990,63902.0
EGY,ARE,1990,63062.0
NLD,CAN,1990,62994.0
BLR,KAZ,1990,62366.0
KHM,USA,1990,62314.0
DEU,POL,1990,62058.0
AGO,ZMB,1990,61728.0
LBR,SLE,1990,61373.0
YEM,SAU,1990,61061.0
POL,ISR,1990,60342.0
UZB,TKM,1990,60266.0
SLV,HND,1990,59413.0
DEU,AUS,1990,58475.0
VNM,AUS,1990,58336.0
JAM,CAN,1990,57649.0
URY,ARG,1990,57505.0
VNM,FRA,1990,57298.0
MAR,NLD,1990,56777.0
ESP,USA,1990,56442.0
HND,USA,1990,56335.0
FRA,CHE,1990,56020.0
ISR,PSE,1990,55644.0
GRC,TUR,1990,54626.0
KEN,GBR,1990,54027.0
GEO,ARM,1990,52400.0
VNM,CAN,1990,52205.0
ISR,USA,1990,52157.0
BRA,PRY,1990,51989.0
DEU,AUT,1990,51492.0
SRB,AUT,1990,50921.0
UKR,KGZ,1990,49593.0
GEO,AZE,1990,49344.0
KGZ,KAZ,1990,49113.0
NIC,CRI,1990,49058.0
ROU,USA,1990,48831.0
LVA,RUS,1990,48754.0
JOR,SAU,1990,48694.0
TCD,CMR,1990,48377.0
MAR,ESP,1990,47827.0
BGD,GBR,1990,47375.0
PHL,AUS,1990,47373.0
BIH,AUT,1990,47235.0
SOM,DJI,1990,47098.0
AZE,UKR,1990,46567.0
IRN,DEU,1990,46514.0
HUN,DEU,1990,46502.0
DEU,ESP,1990,46272.0
FRA,DEU,1990,45704.0
BLR,LTU,1990,45489.0
ITA,GBR,1990,45312.0
BRA,USA,1990,45024.0
LKA,SAU,1990,44971.0
NLD,AUS,1990,44849.0
PRT,CHE,1990,44651.0
ESP,DEU,1990,44643.0
NGA,CMR,1990,44537.0
GEO,UKR,1990,43784.0
ARG,USA,1990,43759.0
SEN,MRT,1990,43615.0
MRT,SEN,1990,43087.0
MYS,BGD,1990,42565.0
KAZ,BLR,1990,42432.0
BEN,NGA,1990,42406.0
NLD,BEL,1990,42345.0
LTU,RUS,1990,42214.0
JPN,BRA,1990,42114.0
PAK,SAU,1990,41426.0
UGA,KEN,1990,41264.0
MNE,SRB,1990,41022.0
ZWE,ZAF,1990,40838.0
GRC,CAN,1990,40775.0
DEU,BEL,1990,40528.0
UKR,KAZ,1990,40015.0
PAK,KWT,1990,39954.0
IRQ,ISR,1990,39832.0
AUS,GBR,1990,39495.0
MOZ,PRT,1990,38902.0
CHE,FRA,1990,38715.0
LBN,USA,1990,38106.0
CHN,KAZ,1990,37778.0
PAK,ARE,1990,37685.0
CHN,AUS,1990,37669.0
MYS,AUS,1990,37468.0
PSE,SAU,1990,37078.0
MAR,BEL,1990,36966.0
COD,COG,1990,36580.0
TUR,AUT,1990,36284.0
PHL,JPN,1990,35591.0
CAN,GBR,1990,35176.0
HRV,DEU,1990,35119.0
CZE,AUT,1990,34726.0
USA,DEU,1990,34650.0
GBR,ESP,1990,34391.0
AUT,CHE,1990,34380.0
BLR,LVA,1990,34334.0
CHN,RUS,1990,34329.0
SEN,GMB,1990,34269.0
MDA,ROU,1990,34227.0
GBR,FRA,1990,34140.0
TGO,GHA,1990,34105.0
GUY,CAN,1990,34093.0
ZAF,GBR,1990,34018.0
PAK,USA,1990,33927.0
MDG,FRA,1990,33770.0
RWA,TZA,1990,33591.0
BIH,SVN,1990,33513.0
LKA,ARE,1990,33077.0
GHA,NGA,1990,33066.0
POL,AUS,1990,32917.0
MKD,SRB,1990,32575.0
IDN,BGD,1990,32488.0
FRA,GBR,1990,32249.0
LKA,KWT,1990,32149.0
COD,RWA,1990,31829.0
EST,RUS,1990,31800.0
NOR,SWE,1990,31568.0
POL,GBR,1990,31517.0
LBN,AUS,1990,31219.0
ITA,BRA,1990,31203.0
SYR,SAU,1990,31089.0
TZA,KEN,1990,30682.0
GIN,SLE,1990,30371.0
JOR,PSE,1990,30251.0
FRA,PRT,1990,30176.0
ERI,ETH,1990,29808.0
TUR,CHE,1990,29695.0
MWI,ZWE,1990,29478.0
RUS,AZE,1990,29253.0
EGY,USA,1990,29008.0
TUR,USA,1990,28876.0
CHN,PHL,1990,28828.0
SEN,FRA,1990,28637.0
SLV,CRI,1990,28459.0
USA,ITA,1990,28341.0
THA,MYS,1990,28124.0
IND,OMN,1990,28095.0
KHM,FRA,1990,28002.0
ESP,BRA,1990,27678.0
TZA,UGA,1990,27334.0
LAO,BGD,1990,27012.0
PHL,KWT,1990,26996.0
ARG,ESP,1990,26938.0
HUN,CAN,1990,26938.0
ALB,ITA,1990,26762.0
SRB,AUS,1990,26547.0
ALB,MKD,1990,26242.0
FRA,CAN,1990,26202.0
UKR,GEO,1990,26194.0
IDN,KWT,1990,25973.0
MNG,KAZ,1990,25950.0
KOR,CHN,1990,25947.0
TTO,CAN,1990,25938.0
AUS,NZL,1990,25908.0
MKD,HUN,1990,25576.0
MLT,AUS,1990,25514.0
HRV,AUS,1990,25503.0
ARG,PRY,1990,25381.0
BEL,NLD,1990,25366.0
GBR,ITA,1990,25267.0
GTM,MEX,1990,25204.0
TUR,BEL,1990,25022.0
POL,SWE,1990,24975.0
BDI,UGA,1990,24889.0
PHL,ARE,1990,24847.0
IRL,AUS,1990,24807.0
RUS,ARM,1990,24474.0
IRN,ISR,1990,24460.0
IND,AUS,1990,24176.0
COD,UGA,1990,24002.0
IDN,ARE,1990,23749.0
BGD,OMN,1990,23692.0
MYS,GBR,1990,23685.0
MAR,ITA,1990,23619.0
HRV,SVN,1990,23480.0
LBN,CAN,1990,23352.0
MKD,AUS,1990,23306.0
ZAF,AUS,1990,23301.0
BEL,ITA,1990,23104.0
ETH,LBN,1990,23024.0
COL,ECU,1990,23014.0
NGA,NER,1990,22835.0
GRC,ALB,1990,22823.0
UKR,LVA,1990,22798.0
USA,AUS,1990,22652.0
DZA,ISR,1990,22619.0
KAZ,KGZ,1990,22287.0
BRA,ARG,1990,22262.0
NGA,GBR,1990,22064.0
FRA,POL,1990,22027.0
COD,BEL,1990,22005.0
LSO,ZAF,1990,21921.0
BIH,SWE,1990,21754.0
HTI,CAN,1990,21732.0
LAO,FRA,1990,21700.0
WSM,NZL,1990,21689.0
CYP,GRC,1990,21588.0
NGA,USA,1990,21559.0
ESP,GBR,1990,21558.0
USA,ISR,1990,21525.0
PRT,ESP,1990,21474.0
SRB,HRV,1990,21447.0
MLI,BFA,1990,21430.0
KGZ,UKR,1990,21319.0
NZL,GBR,1990,21245.0
RUS,HUN,1990,21162.0
LKA,AUS,1990,21150.0
ALB,GRC,1990,20993.0
MOZ,ZMB,1990,20764.0
DNK,SWE,1990,20732.0
ESP,BEL,1990,20645.0
NAM,ZAF,1990,20605.0
IDN,AUS,1990,20593.0
LBY,ITA,1990,20587.0
TGO,NGA,1990,20582.0
USA,GRC,1990,20536.0
UKR,LTU,1990,20452.0
DEU,SWE,1990,20449.0
ARG,ITA,1990,20425.0
MOZ,SWZ,1990,20308.0
MAR,DEU,1990,20194.0
GBR,GRC,1990,20108.0
ARM,UKR,1990,20083.0
UKR,EST,1990,20061.0
CHE,ESP,1990,19937.0
TJK,UKR,1990,19923.0
SRB,CHE,1990,19879.0
BLR,UZB,1990,19844.0
BIH,MNE,1990,19543.0
GBR,NLD,1990,19524.0
SVN,HRV,1990,19261.0
KEN,TZA,1990,19211.0
USA,FRA,1990,19162.0
BFA,GHA,1990,18937.0
BRA,JPN,1990,18897.0
IDN,QAT,1990,18767.0
POL,LVA,1990,18693.0
COD,BDI,1990,18691.0
GEO,KAZ,1990,18608.0
MOZ,ZAF,1990,18553.0
VNM,BGD,1990,18440.0
EGY,AUS,1990,18336.0
MYS,BRN,1990,18315.0
BIH,CHE,1990,18299.0
ROU,ITA,1990,18233.0
IRN,SWE,1990,18129.0
SVN,ITA,1990,18116.0
BGR,DEU,1990,18020.0
ZWE,ZMB,1990,17995.0
ZAF,USA,1990,17955.0
TKM,GRC,1990,17934.0
POL,GRC,1990,17916.0
TUN,ISR,1990,17882.0
ESP,URY,1990,17867.0
TKM,UKR,1990,17831.0
FJI,AUS,1990,17780.0
ETH,ISR,1990,17723.0
BLR,KGZ,1990,17721.0
TJK,AFG,1990,17658.0
RUS,LBY,1990,17335.0
BGD,SAU,1990,17270.0
KAZ,UZB,1990,17258.0
YEM,ISR,1990,17209.0
IND,LKA,1990,17182.0
TUR,ISR,1990,17167.0
LKA,GBR,1990,17154.0
TUR,GRC,1990,17140.0
KAZ,TKM,1990,17071.0
HRV,AUT,1990,17038.0
IRQ,USA,1990,17020.0
PSE,DZA,1990,16984.0
BGD,ARE,1990,16842.0
CHN,MYS,1990,16831.0
ZWE,MOZ,1990,16816.0
RUS,CAN,1990,16798.0
DEU,ISR,1990,16615.0
BGD,KWT,1990,16612.0
POL,CZE,1990,16571.0
PER,ARG,1990,16496.0
VNM,RUS,1990,16425.0
UGA,RWA,1990,16424.0
BIH,DEU,1990,16325.0
GEO,GRC,1990,16076.0
UKR,CAN,1990,16023.0
GHA,BFA,1990,16008.0
POL,RUS,1990,15958.0
BLR,ISR,1990,15910.0
GHA,GBR,1990,15892.0
GIN,SEN,1990,15818.0
KOR,CAN,1990,15804.0
SOM,YEM,1990,15729.0
ROU,CAN,1990,15582.0
NER,NGA,1990,15558.0
USA,JPN,1990,15396.0
PHL,GBR,1990,15382.0
AZE,KAZ,1990,15322.0
POL,ARG,1990,15307.0
LBN,FRA,1990,15192.0
USA,CHN,1990,15092.0
IND,BHR,1990,15059.0
MUS,FRA,1990,15030.0
UZB,AZE,1990,15002.0
IRL,CAN,1990,14989.0
DEU,GRC,1990,14891.0
FRA,ISR,1990,14858.0
LBN,SAU,1990,14851.0
ARG,CHL,1990,14745.0
UZB,ISR,1990,14687.0
AFG,USA,1990,14650.0
ESP,CHE,1990,14505.0
LTU,UKR,1990,14448.0
CZE,SVK,1990,14334.0
CPV,PRT,1990,14314.0
ETH,USA,1990,14275.0
BGR,ROU,1990,14262.0
MEX,USA,1995,3176773.0
RUS,UKR,1995,2525437.0
BGD,IND,1995,1878054.0
UKR,RUS,1995,1790184.0
DEU,USA,1995,1368804.0
KAZ,RUS,1995,1296891.0
AFG,IRN,1995,1188750.0
IND,PAK,1995,1081631.0
PAK,IND,1995,738581.0
RUS,KAZ,1995,684865.0
PHL,USA,1995,675171.0
RUS,UZB,1995,663391.0
TUR,DEU,1995,646744.0
AFG,PAK,1995,631234.0
DZA,FRA,1995,621938.0
POL,DEU,1995,616651.0
CAN,USA,1995,602654.0
PSE,JOR,1995,597451.0
GBR,AUS,1995,571452.0
RWA,COD,1995,570688.0
KOR,USA,1995,511320.0
GBR,USA,1995,503259.0
BLR,RUS,1995,469619.0
UZB,RUS,1995,460514.0
AZE,RUS,1995,423965.0
RUS,BLR,1995,416651.0
CUB,USA,1995,416388.0
SLV,USA,1995,387858.0
IND,NPL,1995,383358.0
JPN,USA,1995,366488.0
GBR,CAN,1995,357793.0
ITA,USA,1995,350695.0
KOR,JPN,1995,332249.0
CHN,USA,1995,323637.0
VNM,USA,1995,323179.0
IRL,GBR,1995,322617.0
MAR,FRA,1995,316052.0
GEO,RUS,1995,315290.0
DOM,USA,1995,314673.0
JAM,USA,1995,305770.0
RWA,TZA,1995,305662.0
POL,USA,1995,304131.0
NPL,IND,1995,303513.0
IND,USA,1995,297733.0
HRV,SRB,1995,287198.0
PRT,FRA,1995,285367.0
BIH,SRB,1995,266360.0
BIH,HRV,1995,265425.0
IDN,MYS,1995,254639.0
BGR,TUR,1995,244728.0
ARM,RUS,1995,241177.0
ROU,DEU,1995,239112.0
KGZ,RUS,1995,232512.0
UKR,POL,1995,230888.0
ITA,FRA,1995,229597.0
LBR,GIN,1995,229283.0
CZE,DEU,1995,226837.0
IND,GBR,1995,223397.0
PHL,SAU,1995,219286.0
AZE,ARM,1995,217582.0
IDN,SAU,1995,209076.0
RUS,LVA,1995,202539.0
ESP,FRA,1995,202417.0
COL,USA,1995,200183.0
BLR,UKR,1995,197047.0
TJK,RUS,1995,191940.0
HTI,USA,1995,188253.0
PRY,ARG,1995,179981.0
EGY,SAU,1995,178877.0
RUS,USA,1995,178369.0
ARM,AZE,1995,176257.0
RUS,TJK,1995,168141.0
RUS,KGZ,1995,166787.0
KAZ,UKR,1995,163623.0
SOM,ETH,1995,161177.0
TUN,FRA,1995,161167.0
BIH,DEU,1995,160189.0
IND,ARE,1995,159801.0
ITA,CAN,1995,158794.0
BDI,TZA,1995,155746.0
RUS,DEU,1995,152602.0
SVK,CZE,1995,151859.0
ITA,DEU,1995,149401.0
NZL,AUS,1995,148649.0
UZB,KAZ,1995,147571.0
GTM,USA,1995,147396.0
ITA,ARG,1995,145365.0
PSE,SYR,1995,143635.0
LKA,IND,1995,142575.0
NIC,USA,1995,141158.0
FRA,USA,1995,140678.0
USA,CAN,1995,140035.0
DEU,GBR,1995,139902.0
USA,MEX,1995,139576.0
RUS,EST,1995,139527.0
SLE,GIN,1995,139293.0
AGO,COD,1995,139247.0
MDA,RUS,1995,139108.0
PER,USA,1995,134904.0
UKR,USA,1995,131605.0
PAK,GBR,1995,130133.0
DEU,CHE,1995,129740.0
UKR,BLR,1995,128693.0
PSE,LBN,1995,128076.0
IRQ,IRN,1995,127283.0
DEU,FRA,1995,124051.0
FIN,SWE,1995,119006.0
KAZ,DEU,1995,118176.0
LAO,USA,1995,117876.0
CHN,CAN,1995,116933.0
ITA,AUS,1995,116809.0
ECU,USA,1995,115082.0
IRL,USA,1995,114396.0
MOZ,ZWE,1995,114387.0
IND,CAN,1995,113181.0
DEU,TUR,1995,112851.0
GRC,DEU,1995,112815.0
AUT,DEU,1995,112294.0
CHN,JPN,1995,111615.0
PRT,BRA,1995,110952.0
PHL,MYS,1995,109941.0
CHL,ARG,1995,109379.0
GBR,NZL,1995,109324.0
PHL,CAN,1995,107227.0
ITA,CHE,1995,106255.0
RUS,ISR,1995,105696.0
DEU,ITA,1995,105648.0
ESP,ARG,1995,104525.0
CHE,ITA,1995,104316.0
HND,USA,1995,103824.0
IND,KWT,1995,102946.0
UKR,ISR,1995,101096.0
UZB,UKR,1995,100537.0
POL,CAN,1995,99439.0
THA,USA,1995,98430.0
GBR,IRL,1995,97348.0
MDA,UKR,1995,97280.0
IDN,NLD,1995,97207.0
SUR,NLD,1995,96668.0
IRN,USA,1995,95847.0
DEU,CAN,1995,95102.0
UKR,MDA,1995,94753.0
BOL,ARG,1995,93591.0
ROU,HUN,1995,93483.0
RWA,UGA,1995,92629.0
ALB,GRC,1995,91476.0
RUS,MDA,1995,91023.0
MAR,ISR,1995,90406.0
TKM,RUS,1995,87903.0
UKR,UZB,1995,86007.0
FRA,BEL,1995,85966.0
YEM,SAU,1995,84772.0
UKR,DEU,1995,83231.0
ISR,USA,1995,83196.0
GUY,USA,1995,82971.0
HRV,DEU,1995,82306.0
RWA,BDI,1995,82134.0
AGO,PRT,1995,81771.0
CHN,THA,1995,81333.0
SOM,KEN,1995,80916.0
TUR,FRA,1995,80889.0
IND,SAU,1995,80878.0
FRA,ITA,1995,80208.0
DEU,NLD,1995,80025.0
TGO,GHA,1995,79378.0
PRT,CAN,1995,79377.0
TUR,NLD,1995,78818.0
ROU,ISR,1995,78645.0
MOZ,ZAF,1995,77478.0
USA,GBR,1995,77024.0
FRA,ESP,1995,76563.0
POL,FRA,1995,76281.0
JAM,GBR,1995,76212.0
DEU,RUS,1995,75322.0
MKD,TUR,1995,74924.0
VNM,AUS,1995,74617.0
PAN,USA,1995,74165.0
BLR,POL,1995,73919.0
PSE,LBY,1995,73835.0
MAR,ESP,1995,73604.0
HTI,DOM,1995,73279.0
BEL,FRA,1995,73088.0
GRC,USA,1995,71936.0
UGA,KEN,1995,71682.0
HRV,ITA,1995,70799.0
PRT,USA,1995,70636.0
LTU,POL,1995,70488.0
AGO,ZMB,1995,70443.0
SLV,GTM,1995,70239.0
EGY,ARE,1995,69873.0
BRA,JPN,1995,69456.0
VNM,CAN,1995,68134.0
GRC,AUS,1995,67382.0
ITA,BEL,1995,67038.0
JAM,CAN,1995,66454.0
GBR,ZAF,1995,65442.0
RUS,LTU,1995,65154.0
BDI,COD,1995,64715.0
NIC,CRI,1995,64634.0
DEU,AUT,1995,64343.0
PHL,AUS,1995,64241.0
MAR,NLD,1995,62113.0
BRA,USA,1995,61871.0
TTO,USA,1995,61785.0
DEU,AUS,1995,61739.0
NLD,CAN,1995,61095.0
DEU,POL,1995,60921.0
CHN,BGD,1995,60456.0
SLE,LBR,1995,60159.0
URY,ARG,1995,60127.0
VNM,FRA,1995,59053.0
BGD,GBR,1995,58909.0
KEN,GBR,1995,58641.0
POL,ISR,1995,58086.0
MYS,BGD,1995,58080.0
COD,COG,1995,58067.0
FRA,CHE,1995,57882.0
SRB,AUT,1995,57612.0
CHN,IND,1995,57464.0
BIH,AUT,1995,56881.0
KHM,USA,1995,56629.0
PHL,JPN,1995,56560.0
CHN,AUS,1995,56444.0
DEU,ESP,1995,55685.0
FRA,DEU,1995,55454.0
ISR,PSE,1995,54649.0
JOR,SAU,1995,54176.0
BTN,NPL,1995,53134.0
PAK,ARE,1995,52745.0
RUS,TKM,1995,52244.0
BEN,NGA,1995,52026.0
PAK,SAU,1995,51852.0
LVA,RUS,1995,51425.0
RUS,GEO,1995,51100.0
PRT,CHE,1995,50429.0
RUS,POL,1995,49402.0
ZAF,GBR,1995,49243.0
EGY,KWT,1995,49033.0
ITA,GBR,1995,48892.0
GEO,ARM,1995,48415.0
CHN,KAZ,1995,48126.0
AUS,GBR,1995,47823.0
ROU,USA,1995,47746.0
UKR,KAZ,1995,47693.0
MRT,SEN,1995,47395.0
COD,RWA,1995,45732.0
BRA,PRY,1995,45708.0
NLD,AUS,1995,45552.0
NLD,BEL,1995,45521.0
ESP,DEU,1995,45520.0
TCD,CMR,1995,45134.0
UZB,TKM,1995,44797.0
TUR,AUT,1995,44598.0
SEN,GMB,1995,43965.0
AZE,UKR,1995,43917.0
GRC,TUR,1995,43771.0
IRN,DEU,1995,43679.0
USA,DEU,1995,43666.0
DEU,BEL,1995,43457.0
LTU,RUS,1995,43231.0
GEO,AZE,1995,43152.0
LKA,SAU,1995,43100.0
MYS,AUS,1995,42889.0
MAR,BEL,1995,42850.0
PAK,USA,1995,42843.0
GBR,ESP,1995,42639.0
FRA,GBR,1995,42154.0
SYR,SAU,1995,42132.0
HUN,DEU,1995,41928.0
IRQ,ISR,1995,41928.0
MLI,BFA,1995,41822.0
EGY,USA,1995,41746.0
NGA,CMR,1995,41552.0
PSE,SAU,1995,41306.0
BLR,LVA,1995,41211.0
ALB,ITA,1995,41161.0
KGZ,KAZ,1995,40874.0
CHE,FRA,1995,40820.0
UKR,KGZ,1995,40777.0
MDG,FRA,1995,40757.0
BLR,LTU,1995,40433.0
GBR,FRA,1995,40207.0
KAZ,BLR,1995,40006.0
MNE,SRB,1995,39670.0
FRA,PRT,1995,39628.0
ESP,USA,1995,39564.0
GUY,CAN,1995,38785.0
MOZ,PRT,1995,38698.0
IND,OMN,1995,38664.0
IDN,BGD,1995,38663.0
ARG,USA,1995,38656.0
GRC,CAN,1995,38559.0
GEO,UKR,1995,38536.0
SOM,DJI,1995,38421.0
NGA,USA,1995,38398.0
IDN,ARE,1995,37682.0
CAN,GBR,1995,37380.0
JPN,BRA,1995,37284.0
BGD,USA,1995,36708.0
ZWE,ZAF,1995,36571.0
POL,AUS,1995,36344.0
ARG,ESP,1995,36326.0
IND,AUS,1995,36093.0
GHA,NGA,1995,35970.0
LBN,AUS,1995,35965.0
MAR,ITA,1995,35937.0
NIC,HND,1995,35454.0
PAK,KWT,1995,34570.0
TZA,KEN,1995,34282.0
DEU,GRC,1995,33877.0
CZE,AUT,1995,33846.0
ALB,MKD,1995,33827.0
EST,RUS,1995,33811.0
AUT,CHE,1995,33673.0
BGD,OMN,1995,33416.0
MKD,SRB,1995,33162.0
SEN,FRA,1995,33157.0
THA,MYS,1995,33142.0
MLI,NER,1995,32289.0
PHL,ARE,1995,31900.0
POL,GBR,1995,31877.0
BIH,SVN,1995,31789.0
SLV,HND,1995,31519.0
BGD,ARE,1995,31338.0
LBN,USA,1995,31310.0
PSE,IRQ,1995,31109.0
BLR,KAZ,1995,30699.0
NGA,GBR,1995,30690.0
GIN,SLE,1995,30449.0
FRA,CAN,1995,30407.0
SRB,HRV,1995,30390.0
TUR,GRC,1995,30376.0
KOR,CHN,1995,30365.0
CHN,RUS,1995,30308.0
MAR,DEU,1995,30226.0
TUR,CHE,1995,30151.0
ROU,ITA,1995,30147.0
ZAF,AUS,1995,30009.0
BGR,DEU,1995,29946.0
JOR,PSE,1995,29710.0
TTO,CAN,1995,29627.0
IDN,QAT,1995,29435.0
COD,UGA,1995,29412.0
MDA,ROU,1995,29256.0
MWI,ZWE,1995,29183.0
USA,ITA,1995,29172.0
MOZ,MWI,1995,28953.0
VNM,DEU,1995,28825.0
AUS,NZL,1995,28726.0
TUR,BEL,1995,28681.0
ARG,PRY,1995,28615.0
MNG,KAZ,1995,28167.0
MOZ,TZA,1995,28094.0
ZMB,MWI,1995,28002.0
KHM,FRA,1995,27919.0
GBR,ITA,1995,27806.0
PER,ARG,1995,27720.0
LAO,BGD,1995,27395.0
UZB,AZE,1995,27278.0
ITA,BRA,1995,27187.0
HRV,AUS,1995,27089.0
IRN,ISR,1995,27033.0
NOR,SWE,1995,26885.0
LSO,ZAF,1995,26870.0
BDI,UGA,1995,26798.0
RUS,GRC,1995,26741.0
USA,ISR,1995,26716.0
GEO,GRC,1995,26703.0
POL,SWE,1995,26686.0
LKA,ARE,1995,26484.0
RUS,AZE,1995,26453.0
MLT,AUS,1995,26420.0
LBN,CAN,1995,26330.0
ESP,GBR,1995,26135.0
GTM,MEX,1995,26068.0
SOM,YEM,1995,26036.0
HUN,CAN,1995,25942.0
USA,AUS,1995,25877.0
MYS,GBR,1995,25771.0
LKA,AUS,1995,25667.0
IRL,AUS,1995,25645.0
COL,ESP,1995,25584.0
HTI,CAN,1995,25219.0
NZL,GBR,1995,25182.0
CHN,GBR,1995,25157.0
UKR,LVA,1995,25060.0
TZA,UGA,1995,25052.0
CHN,PHL,1995,25035.0
BEL,NLD,1995,25024.0
TUR,USA,1995,24942.0
DZA,ISR,1995,24839.0
BGD,SAU,1995,24827.0
COL,ECU,1995,24796.0
PRT,ESP,1995,24563.0
GRC,ALB,1995,24520.0
SRB,AUS,1995,24229.0
BEL,ITA,1995,23990.0
HRV,SVN,1995,23904.0
ARG,ITA,1995,23865.0
MKD,AUS,1995,23857.0
IDN,KWT,1995,23771.0
IDN,AUS,1995,23658.0
KOR,CAN,1995,23596.0
UGA,RWA,1995,23541.0
VNM,KHM,1995,23212.0
TGO,NGA,1995,23209.0
COD,BEL,1995,23142.0
ZWE,MWI,1995,23115.0
ESP,BRA,1995,23080.0
ETH,LBN,1995,23024.0
ZWE,MOZ,1995,23024.0
BIH,SWE,1995,22955.0
ERI,ETH,1995,22847.0
CHE,ESP,1995,22803.0
WSM,NZL,1995,22349.0
IRN,SWE,1995,22241.0
LKA,GBR,1995,22233.0
RUS,ARM,1995,22178.0
CZE,SVK,1995,22127.0
ETH,ISR,1995,22084.0
TUN,ISR,1995,21948.0
BRA,ARG,1995,21624.0
PHL,KWT,1995,21379.0
ARM,UKR,1995,21328.0
PHL,GBR,1995,21305.0
COD,BDI,1995,21295.0
LAO,FRA,1995,21203.0
SRB,CHE,1995,21179.0
GHA,GBR,1995,21142.0
YEM,ISR,1995,21125.0
ROU,CAN,1995,21092.0
USA,FRA,1995,20903.0
FRA,POL,1995,20856.0
FJI,AUS,1995,20830.0
RUS,CAN,1995,20666.0
GBR,NLD,1995,20571.0
UKR,CAN,1995,20427.0
LBY,ITA,1995,20305.0
ESP,BEL,1995,20172.0
GHA,BFA,1995,19874.0
DEU,SWE,1995,19871.0
PAK,CAN,1995,19577.0
BIH,MNE,1995,19543.0
LKA,CAN,1995,19533.0
BLR,ISR,1995,19479.0
BIH,CHE,1995,19467.0
HRV,AUT,1995,19423.0
IRN,IRQ,1995,19330.0
IND,BHR,1995,19324.0
DNK,SWE,1995,19266.0
MYS,BRN,1995,19257.0
BGD,KWT,1995,19219.0
PRT,LUX,1995,19186.0
THA,KHM,1995,19169.0
LKA,KWT,1995,19038.0
BRA,PRT,1995,19013.0
KGZ,UKR,1995,18835.0
PHL,ITA,1995,18791.0
EGY,AUS,1995,18779.0
KAZ,KGZ,1995,18694.0
IRN,CAN,1995,18632.0
ARG,CHL,1995,18496.0
MLI,MRT,1995,18426.0
TJK,UKR,1995,18331.0
GNQ,GAB,1995,18288.0
CUB,ESP,1995,18251.0
KEN,TZA,1995,18133.0
TUR,ISR,1995,18034.0
SEN,MRT,1995,17994.0
BLR,UZB,1995,17822.0
UZB,ISR,1995,17809.0
CPV,PRT,1995,17800.0
USA,CHN,1995,17799.0
FRA,ISR,1995,17752.0
MUS,FRA,1995,17718.0
BRA,ITA,1995,17713.0
NAM,ZAF,1995,17694.0
NER,NGA,1995,17639.0
SVN,HRV,1995,17465.0
POL,AUT,1995,17419.0
MLI,NGA,1995,17371.0
TUN,ITA,1995,17272.0
BFA,GHA,1995,17063.0
POL,CZE,1995,17020.0
USA,JPN,1995,16997.0
CHN,MYS,1995,16957.0
CYP,GRC,1995,16922.0
POL,RUS,1995,16850.0
LBR,ISR,1995,16822.0
MDA,ISR,1995,16809.0
DEU,ISR,1995,16698.0
GIN,SEN,1995,16652.0
IND,LKA,1995,16645.0
BDI,RWA,1995,16599.0
JPN,CHN,1995,16597.0
SVN,ITA,1995,16505.0
ESP,CHE,1995,16482.0
USA,GRC,1995,16388.0
UKR,EST,1995,16217.0
ZWE,GBR,1995,16127.0
MEX,USA,2000,4130098.0
RUS,UKR,2000,2213844.0
UKR,RUS,2000,1833145.0
BGD,IND,2000,1775400.0
KAZ,RUS,2000,1349590.0
AFG,IRN,2000,999992.0
IND,PAK,2000,963773.0
AFG,PAK,2000,963267.0
DEU,USA,2000,889653.0
PHL,USA,2000,845304.0
PSE,JOR,2000,732862.0
TUR,DEU,2000,714537.0
POL,DEU,2000,673403.0
PAK,IND,2000,637364.0
DZA,FRA,2000,621761.0
RUS,UZB,2000,613078.0
GBR,AUS,2000,559354.0
CHN,USA,2000,548968.0
KOR,USA,2000,546493.0
CAN,USA,2000,531749.0
BLR,RUS,2000,509837.0
IND,USA,2000,506195.0
VNM,USA,2000,502516.0
GBR,USA,2000,481122.0
CUB,USA,2000,470460.0
UZB,RUS,2000,450223.0
RUS,KAZ,2000,437852.0
RUS,BLR,2000,391378.0
IND,NPL,2000,391353.0
IDN,MYS,2000,385407.0
SLV,USA,2000,385126.0
DOM,USA,2000,372527.0
AZE,RUS,2000,355269.0
MAR,FRA,2000,349690.0
HRV,SRB,2000,347676.0
JPN,USA,2000,345976.0
NPL,IND,2000,335228.0
GBR,CAN,2000,328027.0
KOR,JPN,2000,321236.0
JAM,USA,2000,313275.0
BIH,SRB,2000,311918.0
BDI,TZA,2000,308640.0
IRL,GBR,2000,302785.0
COL,USA,2000,302637.0
ITA,USA,2000,298936.0
GEO,RUS,2000,284484.0
PRT,FRA,2000,284178.0
POL,USA,2000,252761.0
BGR,TUR,2000,252009.0
PHL,SAU,2000,248758.0
IND,GBR,2000,239675.0
IDN,SAU,2000,237755.0
RUS,DEU,2000,236050.0
CZE,DEU,2000,235761.0
KGZ,RUS,2000,235666.0
HTI,USA,2000,231184.0
AZE,ARM,2000,227669.0
BIH,HRV,2000,224706.0
IND,ARE,2000,220042.0
UZB,KAZ,2000,216027.0
ROU,DEU,2000,215008.0
RUS,USA,2000,208402.0
ITA,FRA,2000,206973.0
GTM,USA,2000,206448.0
EGY,SAU,2000,204164.0
ARM,RUS,2000,200912.0
UKR,POL,2000,199008.0
CHN,CAN,2000,195056.0
PSE,SYR,2000,188747.0
SLE,GIN,2000,188401.0
PRY,ARG,2000,185666.0
ESP,FRA,2000,184660.0
KAZ,DEU,2000,180093.0
CHN,JPN,2000,180022.0
NZL,AUS,2000,179218.0
USA,MEX,2000,174687.0
ARM,AZE,2000,167741.0
AGO,COD,2000,165974.0
BLR,UKR,2000,165929.0
ALB,GRC,2000,165118.0
ITA,DEU,2000,161470.0
TUN,FRA,2000,160797.0
TJK,RUS,2000,160539.0
PER,USA,2000,155453.0
PAK,GBR,2000,153269.0
DEU,GBR,2000,153253.0
ITA,CAN,2000,153172.0
SVK,CZE,2000,153007.0
IND,CAN,2000,149333.0
UKR,USA,2000,146331.0
RUS,TJK,2000,143429.0
RUS,LVA,2000,143385.0
KAZ,UKR,2000,140107.0
PSE,LBN,2000,139481.0
DEU,TUR,2000,138997.0
ECU,USA,2000,138385.0
USA,CAN,2000,137135.0
UGA,KEN,2000,136880.0
DEU,CHE,2000,134993.0
PHL,CAN,2000,134460.0
HND,USA,2000,132683.0
BRA,USA,2000,130336.0
IND,KWT,2000,130117.0
IRN,USA,2000,127142.0
UZB,UKR,2000,126867.0
DEU,FRA,2000,126125.0
LKA,IND,2000,125696.0
RUS,KGZ,2000,125361.0
MDA,RUS,2000,123997.0
ITA,ARG,2000,122433.0
GBR,IRL,2000,122061.0
UKR,BLR,2000,120887.0
GUY,USA,2000,118285.0
AGO,ZMB,2000,117525.0
NIC,USA,2000,116633.0
RUS,EST,2000,116580.0
GRC,DEU,2000,115737.0
TTO,USA,2000,115189.0
NIC,CRI,2000,115185.0
FIN,SWE,2000,114461.0
PHL,MYS,2000,113255.0
AUT,DEU,2000,112824.0
PHL,JPN,2000,111951.0
BOL,ARG,2000,110731.0
CHL,ARG,2000,110521.0
BRA,JPN,2000,110514.0
ITA,AUS,2000,110218.0
MAR,ESP,2000,109914.0
GBR,NZL,2000,109215.0
FRA,USA,2000,108474.0
DEU,ITA,2000,108345.0
UKR,DEU,2000,105121.0
CHE,ITA,2000,103843.0
ITA,CHE,2000,103753.0
THA,USA,2000,101844.0
SUR,NLD,2000,99602.0
PRT,BRA,2000,99231.0
POL,CAN,2000,96449.0
YEM,SAU,2000,96385.0
LAO,USA,2000,95966.0
COD,COG,2000,95242.0
IRQ,IRN,2000,95121.0
IND,SAU,2000,93115.0
MDA,UKR,2000,92861.0
PRT,USA,2000,92147.0
DEU,CAN,2000,91516.0
AGO,PRT,2000,91378.0
HRV,DEU,2000,91301.0
UKR,ISR,2000,91272.0
IDN,NLD,2000,91061.0
RUS,ISR,2000,89662.0
TUR,FRA,2000,89084.0
SOM,ETH,2000,88979.0
PAN,USA,2000,88783.0
MAR,ISR,2000,88670.0
TKM,RUS,2000,88084.0
PAK,USA,2000,87256.0
FRA,BEL,2000,86580.0
TUR,NLD,2000,85534.0
MOZ,ZWE,2000,85019.0
GRC,USA,2000,84104.0
IRL,USA,2000,83826.0
COD,RWA,2000,83820.0
VNM,AUS,2000,83175.0
USA,GBR,2000,82346.0
FRA,ESP,2000,82148.0
HTI,DOM,2000,82141.0
ESP,ARG,2000,82016.0
EGY,ARE,2000,80931.0
FRA,ITA,2000,79292.0
DEU,AUT,2000,79219.0
BIH,DEU,2000,79093.0
ROU,HUN,2000,79089.0
JAM,GBR,2000,78688.0
PRT,CAN,2000,77796.0
SOM,KEN,2000,76974.0
CHN,AUS,2000,75790.0
MKD,TUR,2000,74924.0
COL,ESP,2000,74691.0
VNM,CAN,2000,74653.0
DEU,NLD,2000,74428.0
DEU,RUS,2000,74092.0
UKR,UZB,2000,73860.0
MYS,BGD,2000,73596.0
BEL,FRA,2000,73431.0
PHL,AUS,2000,73143.0
BGD,GBR,2000,73122.0
KHM,USA,2000,72922.0
PSE,LBY,2000,72785.0
LBR,GIN,2000,71142.0
MOZ,ZAF,2000,70796.0
ROU,ISR,2000,70477.0
PAK,ARE,2000,70470.0
ARG,USA,2000,70393.0
ECU,ESP,2000,70377.0
ZAF,GBR,2000,70310.0
TLS,IDN,2000,70294.0
CHN,THA,2000,69867.0
JAM,CAN,2000,69186.0
MAR,NLD,2000,69084.0
POL,FRA,2000,68611.0
BIH,AUT,2000,67032.0
DEU,ESP,2000,66547.0
UKR,MDA,2000,66523.0
ROU,USA,2000,66349.0
CHN,GBR,2000,65887.0
BLR,POL,2000,65467.0
ITA,BEL,2000,64386.0
GRC,AUS,2000,64357.0
RUS,MDA,2000,64258.0
BEN,NGA,2000,63894.0
KEN,GBR,2000,63687.0
SRB,AUT,2000,63642.0
ISR,USA,2000,62370.0
FRA,DEU,2000,62316.0
UKR,KAZ,2000,61944.0
ALB,ITA,2000,61906.0
JOR,SAU,2000,61434.0
VNM,FRA,2000,61229.0
DEU,AUS,2000,60975.0
ESP,USA,2000,60872.0
URY,ARG,2000,60862.0
FRA,CHE,2000,60449.0
DEU,POL,2000,59805.0
PAK,SAU,2000,59641.0
AUS,GBR,2000,57800.0
PRT,CHE,2000,57601.0
NLD,CAN,2000,57430.0
IRN,DEU,2000,56562.0
SEN,GMB,2000,56483.0
CHN,BGD,2000,56437.0
NGA,USA,2000,55839.0
CHN,KAZ,2000,55773.0
COD,TZA,2000,55150.0
TKM,KAZ,2000,54787.0
BTN,NPL,2000,54567.0
FRA,GBR,2000,54388.0
DEU,GRC,2000,54033.0
GBR,ZAF,2000,53801.0
IDN,ARE,2000,53678.0
ISR,PSE,2000,53655.0
MAR,ITA,2000,53471.0
CHN,IND,2000,53355.0
LTU,POL,2000,53333.0
HRV,ITA,2000,53070.0
TUR,AUT,2000,53049.0
RWA,UGA,2000,52690.0
ITA,GBR,2000,52683.0
LVA,RUS,2000,52213.0
GBR,ESP,2000,51959.0
RUS,LTU,2000,51140.0
FRA,PRT,2000,50536.0
ZWE,ZAF,2000,50371.0
GBR,FRA,2000,50212.0
MDG,FRA,2000,49821.0
MAR,BEL,2000,49609.0
LBN,USA,2000,49107.0
LKA,SAU,2000,49012.0
NLD,BEL,2000,48789.0
ROU,ITA,2000,48745.0
USA,DEU,2000,48253.0
ARG,ESP,2000,48196.0
BLR,LVA,2000,48083.0
LSO,ZAF,2000,47906.0
SYR,SAU,2000,47804.0
HUN,DEU,2000,47670.0
POL,ISR,2000,47520.0
EGY,USA,2000,47273.0
BGD,ARE,2000,47104.0
PSE,SAU,2000,46838.0
DEU,BEL,2000,46792.0
EGY,KWT,2000,46407.0
ESP,DEU,2000,45844.0
PER,ARG,2000,45679.0
IND,OMN,2000,45600.0
MYS,AUS,2000,44991.0
IDN,BGD,2000,44838.0
GUY,CAN,2000,44755.0
TUR,GRC,2000,44661.0
IDN,QAT,2000,44390.0
NLD,AUS,2000,44372.0
RWA,COD,2000,43788.0
IND,AUS,2000,43531.0
RUS,TKM,2000,43133.0
CHE,FRA,2000,43063.0
LTU,RUS,2000,42665.0
IRQ,USA,2000,42527.0
NGA,GBR,2000,42216.0
PAK,KWT,2000,41919.0
TCD,CMR,2000,41891.0
AZE,UKR,2000,41804.0
GEO,ARM,2000,41791.0
RUS,GRC,2000,41759.0
TUR,USA,2000,41373.0
ZAF,AUS,2000,40801.0
PHL,ARE,2000,40618.0
ALB,MKD,2000,40450.0
GHA,NGA,2000,40367.0
MWI,ZWE,2000,39958.0
MOZ,PRT,2000,39917.0
CAN,GBR,2000,39733.0
TGO,GHA,2000,39689.0
BGD,OMN,2000,39654.0
BRA,PRY,2000,39542.0
IRQ,ISR,2000,39492.0
MNE,SRB,2000,39175.0
SEN,FRA,2000,38679.0
SOM,DJI,2000,38656.0
NGA,CMR,2000,38566.0
LKA,CAN,2000,38269.0
GEO,GRC,2000,38251.0
RUS,POL,2000,38193.0
UGA,RWA,2000,38178.0
THA,MYS,2000,38159.0
LBN,AUS,2000,37776.0
VNM,KHM,2000,37677.0
KAZ,BLR,2000,37579.0
VNM,DEU,2000,37485.0
UZB,TKM,2000,37418.0
GRC,CAN,2000,37110.0
BGD,USA,2000,37086.0
GEO,AZE,2000,37072.0
ZAF,USA,2000,36676.0
KOR,CHN,2000,35876.0
CZE,SVK,2000,35798.0
KGZ,KAZ,2000,35779.0
POL,AUS,2000,35021.0
MAR,DEU,2000,34725.0
BIH,SVN,2000,34589.0
EST,RUS,2000,34585.0
KOR,CAN,2000,34558.0
RWA,BDI,2000,34127.0
PAK,CAN,2000,34073.0
TTO,CAN,2000,33842.0
GEO,UKR,2000,33759.0
SLE,LBR,2000,33513.0
JPN,BRA,2000,33483.0
AUT,CHE,2000,33447.0
FRA,CAN,2000,33412.0
GRC,TUR,2000,32914.0
TUR,BEL,2000,32852.0
MKD,SRB,2000,32567.0
POL,GBR,2000,32134.0
CZE,AUT,2000,32107.0
ARG,PRY,2000,31921.0
BLR,LTU,2000,31736.0
COD,UGA,2000,31699.0
USA,ISR,2000,31341.0
THA,KHM,2000,31139.0
ESP,GBR,2000,31097.0
TUR,CHE,2000,30962.0
ETH,USA,2000,30948.0
UKR,KGZ,2000,30902.0
GIN,SLE,2000,30725.0
IRN,CAN,2000,30617.0
LBN,CAN,2000,30426.0
AUS,NZL,2000,29929.0
GBR,ITA,2000,29923.0
HRV,SVN,2000,29875.0
BGD,KWT,2000,29814.0
SOM,YEM,2000,29814.0
NZL,GBR,2000,29807.0
PSE,IRQ,2000,29602.0
IDN,AUS,2000,29388.0
HTI,CAN,2000,29375.0
USA,ITA,2000,29363.0
MNG,KAZ,2000,29328.0
IDN,KWT,2000,29287.0
MLI,NGA,2000,29220.0
JOR,PSE,2000,29170.0
USA,AUS,2000,28952.0
PHL,GBR,2000,28932.0
BDI,UGA,2000,28767.0
LKA,AUS,2000,28744.0
ROU,CAN,2000,28670.0
BGD,SAU,2000,28624.0
LKA,GBR,2000,28510.0
KHM,FRA,2000,28279.0
COD,ZMB,2000,28266.0
PHL,ITA,2000,28014.0
MOZ,MWI,2000,27951.0
PRT,ESP,2000,27876.0
GHA,USA,2000,27865.0
GHA,GBR,2000,27840.0
LAO,BGD,2000,27778.0
MYS,GBR,2000,27755.0
ETH,ISR,2000,27689.0
HRV,AUS,2000,27670.0
ZWE,MOZ,2000,27651.0
IRQ,DEU,2000,27558.0
UKR,LVA,2000,27320.0
ARG,ITA,2000,27270.0
MRT,SEN,2000,27084.0
COL,ECU,2000,27069.0
ZMB,MWI,2000,27033.0
IRN,ISR,2000,26996.0
BGR,DEU,2000,26899.0
TGO,NGA,2000,26811.0
UKR,CAN,2000,26456.0
SRB,HRV,2000,26330.0
POL,SWE,2000,26247.0
GRC,ALB,2000,26217.0
CHE,ESP,2000,26065.0
BEL,NLD,2000,26031.0
CUB,ESP,2000,25990.0
BDI,RWA,2000,25967.0
PER,ESP,2000,25827.0
BIH,SWE,2000,25755.0
IRL,AUS,2000,25743.0
SOM,LBY,2000,25699.0
TZA,KEN,2000,25615.0
HTI,FRA,2000,25559.0
BRA,PRT,2000,25260.0
CHN,RUS,2000,25177.0
RUS,CAN,2000,25128.0
MLT,AUS,2000,25127.0
BRA,ITA,2000,25037.0
ZWE,GBR,2000,24997.0
SRB,AUS,2000,24974.0
NOR,SWE,2000,24949.0
CHN,KOR,2000,24926.0
RUS,AZE,2000,24829.0
DZA,ISR,2000,24764.0
FJI,AUS,2000,24734.0
MDA,ROU,2000,24729.0
DOM,ESP,2000,24447.0
WSM,NZL,2000,24404.0
PRT,LUX,2000,24395.0
BEL,ITA,2000,24359.0
IND,BHR,2000,24315.0
COD,BEL,2000,24311.0
MLI,BFA,2000,24231.0
ITA,BRA,2000,24075.0
HUN,CAN,2000,24044.0
MKD,AUS,2000,23986.0
RWA,TZA,2000,23858.0
BGR,GRC,2000,23581.0
CHN,FRA,2000,23393.0
IRN,SWE,2000,23298.0
PHL,KWT,2000,23263.0
TUN,ISR,2000,23192.0
USA,FRA,2000,22974.0
AFG,USA,2000,22955.0
MOZ,TZA,2000,22865.0
ARM,UKR,2000,22835.0
IRN,IRQ,2000,22823.0
SRB,CHE,2000,22819.0
TZA,UGA,2000,22770.0
TUR,GBR,2000,22769.0
GNQ,GAB,2000,22711.0
POL,ITA,2000,22548.0
ARG,CHL,2000,22440.0
ZWE,MWI,2000,22315.0
ETH,LBN,2000,22251.0
POL,AUT,2000,22217.0
CMR,FRA,2000,22211.0
COG,FRA,2000,22124.0
CPV,PRT,2000,21941.0
MLI,NER,2000,21918.0
NAM,ZAF,2000,21899.0
LKA,ARE,2000,21790.0
TUN,ITA,2000,21550.0
GTM,MEX,2000,21403.0
CHN,PHL,2000,21243.0
HRV,AUT,2000,21202.0
DEU,SWE,2000,21056.0
USA,CHN,2000,21030.0
SOM,GBR,2000,21015.0
BIH,CHE,2000,20943.0
BFA,GHA,2000,20838.0
LAO,FRA,2000,20833.0
MKD,DEU,2000,20622.0
MUS,FRA,2000,20622.0
BRA,ARG,2000,20501.0
NER,NGA,2000,20464.0
RUS,GEO,2000,20440.0
PER,JPN,2000,20377.0
IRQ,SWE,2000,20317.0
AGO,NAM,2000,20302.0
GBR,NLD,2000,20213.0
ROU,AUT,2000,20205.0
MYS,BRN,2000,20199.0
THA,JPN,2000,20077.0
RUS,ARM,2000,19964.0
YEM,ARE,2000,19824.0
ESP,BEL,2000,19768.0
FRA,POL,2000,19740.0
YEM,ISR,2000,19680.0
UZB,AZE,2000,19632.0
JPN,CHN,2000,19609.0
ESP,BRA,2000,19606.0
LBY,ITA,2000,19585.0
IRQ,LBY,2000,19558.0
BIH,MNE,2000,19543.0
COD,BDI,2000,19500.0
KOR,AUS,2000,19317.0
FRA,ISR,2000,19298.0
TGO,BEN,2000,19220.0
CHN,NZL,2000,19060.0
ESP,CHE,2000,18938.0
MEX,USA,2005,4959003.0
RUS,UKR,2005,2020067.0
UKR,RUS,2005,1736026.0
BGD,IND,2005,1562917.0
KAZ,RUS,2005,1364090.0
AFG,IRN,2005,1071112.0
PHL,USA,2005,977473.0
IND,PAK,2005,917324.0
PSE,JOR,2005,838322.0
POL,DEU,2005,728184.0
DEU,USA,2005,673691.0
DZA,FRA,2005,666857.0
CHN,USA,2005,660341.0
TUR,DEU,2005,650629.0
IND,USA,2005,646944.0
KOR,USA,2005,582087.0
GBR,AUS,2005,552474.0
VNM,USA,2005,552353.0
RUS,UZB,2005,551109.0
AFG,PAK,2005,542604.0
PAK,IND,2005,540730.0
CAN,USA,2005,529500.0
IDN,MYS,2005,520179.0
UZB,RUS,2005,497620.0
BLR,RUS,2005,473157.0
CUB,USA,2005,472187.0
SLV,USA,2005,469961.0
GBR,USA,2005,451164.0
DOM,USA,2005,408986.0
RUS,KAZ,2005,408532.0
MAR,FRA,2005,405201.0
NPL,IND,2005,398645.0
RUS,BLR,2005,386035.0
RUS,DEU,2005,381145.0
IND,NPL,2005,362498.0
AZE,RUS,2005,348414.0
JAM,USA,2005,328310.0
KAZ,DEU,2005,316466.0
COL,USA,2005,315360.0
JPN,USA,2005,310447.0
GBR,CAN,2005,308845.0
KOR,JPN,2005,305312.0
IND,ARE,2005,303867.0
CHN,JPN,2005,289842.0
PRT,FRA,2005,289441.0
PHL,SAU,2005,288230.0
IND,GBR,2005,284631.0
IRL,GBR,2005,281943.0
GTM,USA,2005,275011.0
KGZ,RUS,2005,269148.0
HTI,USA,2005,253830.0
USA,MEX,2005,252278.0
HRV,SRB,2005,251426.0
IDN,SAU,2005,248648.0
CZE,DEU,2005,247975.0
GEO,RUS,2005,246947.0
CHN,CAN,2005,245626.0
POL,USA,2005,244928.0
BIH,SRB,2005,239590.0
BGR,TUR,2005,236645.0
ECU,ESP,2005,236393.0
EGY,SAU,2005,232281.0
PRY,ARG,2005,228676.0
RUS,USA,2005,227126.0
UZB,KAZ,2005,222515.0
ITA,USA,2005,221406.0
BIH,HRV,2005,218340.0
PSE,SYR,2005,216877.0
ARM,RUS,2005,215716.0
ROU,ITA,2005,212487.0
IND,CAN,2005,209634.0
NZL,AUS,2005,206976.0
ROU,DEU,2005,201152.0
MAR,ESP,2005,195904.0
ITA,FRA,2005,193208.0
PER,USA,2005,192553.0
HND,USA,2005,192126.0
PAK,GBR,2005,188303.0
ALB,GRC,2005,187560.0
AZE,ARM,2005,181326.0
TJK,RUS,2005,175453.0
UKR,POL,2005,175263.0
UKR,USA,2005,173864.0
BRA,USA,2005,173007.0
ESP,FRA,2005,171873.0
PHL,CAN,2005,170346.0
TUN,FRA,2005,166733.0
IRQ,SYR,2005,164991.0
ECU,USA,2005,163753.0
ROU,ESP,2005,162770.0
DEU,GBR,2005,162283.0
COL,ESP,2005,159265.0
BDI,TZA,2005,156976.0
DEU,CHE,2005,154207.0
SVK,CZE,2005,152536.0
BLR,UKR,2005,151405.0
IND,KWT,2005,151292.0
PSE,LBN,2005,148699.0
UGA,KEN,2005,147181.0
ITA,CAN,2005,145771.0
IRN,USA,2005,145331.0
PHL,JPN,2005,144363.0
GBR,IRL,2005,142400.0
USA,CAN,2005,141278.0
DEU,TUR,2005,139130.0
ITA,DEU,2005,138642.0
RUS,TJK,2005,137686.0
NIC,CRI,2005,136889.0
BOL,ARG,2005,136635.0
AGO,COD,2005,136073.0
GUY,USA,2005,132157.0
PSE,SAU,2005,131920.0
MDA,RUS,2005,130920.0
BRA,JPN,2005,130147.0
DEU,FRA,2005,129588.0
KAZ,UKR,2005,127843.0
UKR,DEU,2005,125410.0
RUS,LVA,2005,124009.0
CHN,AUS,2005,122821.0
NIC,USA,2005,122494.0
YEM,SAU,2005,122036.0
LKA,IND,2005,121430.0
GBR,NZL,2005,119690.0
UKR,BLR,2005,119237.0
BEN,NGA,2005,118911.0
ARG,ESP,2005,118759.0
TTO,USA,2005,118335.0
PAK,USA,2005,117256.0
GBR,ESP,2005,116581.0
UZB,UKR,2005,115762.0
ALB,ITA,2005,114766.0
EGY,ARE,2005,112105.0
THA,USA,2005,111601.0
DEU,ITA,2005,111589.0
PHL,MYS,2005,111365.0
ITA,CHE,2005,110390.0
AUT,DEU,2005,109792.0
IND,SAU,2005,109006.0
FIN,SWE,2005,108819.0
TUR,FRA,2005,108487.0
COD,COG,2005,107545.0
CHL,ARG,2005,107246.0
ZWE,ZAF,2005,107204.0
RUS,EST,2005,107100.0
FRA,USA,2005,106082.0
ITA,AUS,2005,105464.0
CHN,GBR,2005,103890.0
CHE,ITA,2005,103601.0
SUR,NLD,2005,103210.0
LAO,USA,2005,102752.0
COD,RWA,2005,102386.0
ITA,ARG,2005,101442.0
RUS,KGZ,2005,101430.0
HTI,DOM,2005,100592.0
SOM,KEN,2005,98561.0
FRA,ESP,2005,97807.0
ROU,HUN,2005,95536.0
GRC,DEU,2005,94890.0
HRV,DEU,2005,94873.0
ARG,USA,2005,94063.0
TUR,NLD,2005,94059.0
MAR,ITA,2005,93013.0
TKM,RUS,2005,92429.0
USA,GBR,2005,92230.0
MOZ,ZAF,2005,92139.0
POL,CAN,2005,92011.0
DEU,ESP,2005,91794.0
ROU,USA,2005,91734.0
DEU,AUT,2005,90919.0
VNM,AUS,2005,90590.0
DEU,CAN,2005,89828.0
AGO,PRT,2005,89825.0
PAN,USA,2005,89618.0
FRA,BEL,2005,87672.0
MYS,BGD,2005,87600.0
PRT,USA,2005,87267.0
PAK,ARE,2005,87219.0
PHL,AUS,2005,86416.0
ZAF,GBR,2005,85898.0
POL,GBR,2005,85745.0
BGD,GBR,2005,85575.0
IDN,NLD,2005,85131.0
MAR,ISR,2005,84938.0
MDA,UKR,2005,84732.0
PRT,BRA,2005,83654.0
JAM,GBR,2005,83391.0
VNM,CAN,2005,82918.0
BIH,DEU,2005,80590.0
UKR,KAZ,2005,79929.0
UKR,ISR,2005,79425.0
KHM,USA,2005,79264.0
MAR,NLD,2005,78324.0
FRA,ITA,2005,77924.0
BEL,FRA,2005,77826.0
TKM,KAZ,2005,76841.0
PRT,CAN,2005,76375.0
IDN,ARE,2005,76300.0
GHA,NGA,2005,75126.0
ARM,AZE,2005,74291.0
GBR,FRA,2005,74133.0
GRC,USA,2005,74035.0
IRL,USA,2005,73636.0
UKR,UZB,2005,73270.0
LAO,THA,2005,73132.0
DEU,RUS,2005,72962.0
RUS,ISR,2005,72606.0
PAK,SAU,2005,72419.0
PRT,CHE,2005,71696.0
NGA,USA,2005,71206.0
JAM,CAN,2005,71144.0
JOR,SAU,2005,69859.0
CHN,THA,2005,69609.0
DEU,NLD,2005,69381.0
FRA,CHE,2005,68755.0
TUR,AUT,2005,68579.0
SRB,AUT,2005,67591.0
KEN,GBR,2005,67590.0
KHM,THA,2005,67419.0
ISR,USA,2005,67291.0
MAR,BEL,2005,66999.0
CHN,BGD,2005,66886.0
IND,AUS,2005,66776.0
ESP,ARG,2005,66312.0
PSE,LBY,2005,65926.0
POL,FRA,2005,65090.0
BOL,ESP,2005,64798.0
GRC,AUS,2005,64466.0
FRA,GBR,2005,64290.0
PER,ARG,2005,64265.0
VNM,FRA,2005,64191.0
UKR,ITA,2005,64112.0
DEU,AUS,2005,63589.0
BIH,AUT,2005,63549.0
LSO,ZAF,2005,63067.0
AUS,GBR,2005,62542.0
MOZ,ZWE,2005,62449.0
MDG,FRA,2005,61972.0
PER,ESP,2005,61899.0
NGA,GBR,2005,61892.0
PAK,CAN,2005,61238.0
ROU,ISR,2005,61233.0
URY,ARG,2005,61082.0
ITA,BEL,2005,60977.0
CHN,KAZ,2005,60031.0
BLR,POL,2005,59953.0
ESP,USA,2005,59373.0
SYR,SAU,2005,59364.0
FRA,DEU,2005,59236.0
ITA,GBR,2005,58665.0
DEU,GRC,2005,58586.0
MKD,TUR,2005,57980.0
SYR,JOR,2005,57587.0
ZAF,AUS,2005,57275.0
BGD,ARE,2005,57211.0
IDN,BGD,2005,56756.0
IRQ,IRN,2005,56684.0
ETH,USA,2005,56528.0
LBR,GIN,2005,56185.0
NLD,BEL,2005,55612.0
BGD,USA,2005,55577.0
SEN,GMB,2005,55243.0
NLD,CAN,2005,55014.0
MYS,AUS,2005,54443.0
MLI,NGA,2005,54379.0
IRN,DEU,2005,54358.0
EGY,USA,2005,54253.0
HUN,DEU,2005,53705.0
NPL,MYS,2005,53661.0
PHL,ARE,2005,53569.0
BTN,NPL,2005,53264.0
LKA,SAU,2005,52268.0
EGY,KWT,2005,52245.0
DEU,POL,2005,52028.0
DOM,ESP,2005,51642.0
LKA,CAN,2005,51424.0
IND,OMN,2005,50920.0
TGO,BEN,2005,50906.0
FRA,PRT,2005,50763.0
IND,MYS,2005,50740.0
BRA,PRT,2005,50407.0
LVA,RUS,2005,49971.0
TGO,NGA,2005,49896.0
AGO,ZMB,2005,49293.0
COD,BDI,2005,49131.0
PAK,KWT,2005,48822.0
CHN,IND,2005,48409.0
KOR,CAN,2005,48278.0
LBN,USA,2005,48184.0
RUS,LTU,2005,48045.0
COD,TZA,2005,47859.0
GUY,CAN,2005,47764.0
PHL,GBR,2005,47524.0
TGO,GHA,2005,47474.0
RWA,UGA,2005,47407.0
PSE,EGY,2005,46999.0
UKR,MDA,2005,46839.0
CHE,FRA,2005,46720.0
SEN,FRA,2005,46601.0
DEU,BEL,2005,46588.0
ISR,PSE,2005,45860.0
TUR,USA,2005,45042.0
UGA,RWA,2005,45025.0
RUS,MDA,2005,44928.0
BRA,ESP,2005,44900.0
POL,ITA,2005,44800.0
NGA,CMR,2005,44594.0
BGD,OMN,2005,44486.0
USA,DEU,2005,44431.0
NLD,AUS,2005,44352.0
MWI,ZWE,2005,44086.0
GEO,GRC,2005,44078.0
VNM,DEU,2005,43802.0
PHL,ITA,2005,43718.0
LTU,POL,2005,43709.0
ZAF,USA,2005,43609.0
CHN,ESP,2005,43344.0
GBR,ZAF,2005,43306.0
THA,MYS,2005,43177.0
CHN,NZL,2005,43133.0
IRQ,USA,2005,42700.0
IRN,CAN,2005,42674.0
KOR,CHN,2005,42388.0
BGR,ESP,2005,42339.0
CAN,GBR,2005,42223.0
COD,UGA,2005,42108.0
RUS,TKM,2005,42100.0
BLR,LVA,2005,42036.0
RWA,COD,2005,41800.0
ROU,CAN,2005,41611.0
ZWE,MOZ,2005,41362.0
LBR,SLE,2005,40993.0
CHN,FRA,2005,40992.0
CUB,ESP,2005,40798.0
HRV,ITA,2005,40750.0
ALB,MKD,2005,40705.0
LBN,AUS,2005,40347.0
LTU,RUS,2005,40251.0
COL,ECU,2005,40020.0
TUR,BEL,2005,39966.0
LKA,GBR,2005,39882.0
CHN,ITA,2005,39744.0
ZWE,GBR,2005,39668.0
MOZ,PRT,2005,39560.0
CZE,SVK,2005,39395.0
MNE,SRB,2005,38942.0
IDN,KWT,2005,38740.0
RUS,GRC,2005,38604.0
CHN,KOR,2005,38401.0
KGZ,KAZ,2005,38210.0
AZE,UKR,2005,38144.0
BRA,ITA,2005,38100.0
NER,NGA,2005,38084.0
FRA,CAN,2005,38011.0
ESP,GBR,2005,37912.0
PRT,ESP,2005,37775.0
IND,BHR,2005,37751.0
BRA,PRY,2005,37666.0
POL,ISR,2005,37547.0
ESP,DEU,2005,37521.0
CMR,FRA,2005,37454.0
MAR,DEU,2005,37266.0
BGD,SAU,2005,37107.0
KAZ,BLR,2005,37066.0
MDA,ITA,2005,36996.0
UZB,TKM,2005,36457.0
GHA,GBR,2005,36443.0
HTI,FRA,2005,36425.0
AUT,CHE,2005,36324.0
IRQ,ISR,2005,36281.0
GEO,ARM,2005,36220.0
BGD,KWT,2005,36073.0
GHA,USA,2005,36015.0
COD,ZMB,2005,35947.0
USA,ISR,2005,35873.0
TTO,CAN,2005,35776.0
SOM,YEM,2005,35655.0
GRC,CAN,2005,35616.0
BGR,GRC,2005,35392.0
IRQ,DEU,2005,35033.0
LBN,CAN,2005,35014.0
PER,ITA,2005,35013.0
HTI,CAN,2005,34850.0
USA,AUS,2005,34751.0
CAF,TCD,2005,34705.0
TUR,CHE,2005,34647.0
LKA,AUS,2005,34587.0
SOM,GBR,2005,34436.0
POL,AUS,2005,34165.0
COD,BEL,2005,33990.0
RUS,CAN,2005,33881.0
BIH,SVN,2005,33844.0
ETH,ISR,2005,33820.0
HRV,AUS,2005,33613.0
JOR,PSE,2005,33607.0
URY,ESP,2005,33395.0
TCD,CMR,2005,33351.0
PER,CHL,2005,33182.0
SOM,DJI,2005,33127.0
CHN,DEU,2005,33090.0
LAO,BGD,2005,33063.0
EST,RUS,2005,33059.0
CZE,AUT,2005,33049.0
AUS,NZL,2005,32888.0
RUS,POL,2005,32485.0
IDN,AUS,2005,32461.0
IRQ,SWE,2005,32378.0
MYS,GBR,2005,32313.0
RWA,BDI,2005,32291.0
BDI,RWA,2005,32088.0
UKR,CZE,2005,31944.0
UKR,CAN,2005,31906.0
TUR,GRC,2005,31889.0
KEN,USA,2005,31813.0
GBR,ITA,2005,31608.0
UKR,ESP,2005,31338.0
ARG,ITA,2005,31284.0
GEO,AZE,2005,30825.0
NZL,GBR,2005,30807.0
GEO,UKR,2005,30804.0
MKD,SRB,2005,30776.0
TUR,GBR,2005,30468.0
ARG,PRY,2005,30406.0
KHM,FRA,2005,30169.0
BLR,LTU,2005,29998.0
CHE,ESP,2005,29971.0
COG,FRA,2005,29723.0
MNG,KAZ,2005,29505.0
IND,QAT,2005,29323.0
BGR,DEU,2005,29144.0
POL,SWE,2005,28969.0
FJI,AUS,2005,28967.0
JPN,BRA,2005,28832.0
VNM,KHM,2005,28603.0
USA,ITA,2005,28575.0
AFG,USA,2005,28516.0
HRV,SVN,2005,28274.0
PRT,GBR,2005,27637.0
BIH,SWE,2005,27618.0
KOR,AUS,2005,27583.0
PRT,LUX,2005,27169.0
THA,JPN,2005,27037.0
TUN,ITA,2005,26977.0
CPV,PRT,2005,26943.0
EGY,JOR,2005,26885.0
POL,AUT,2005,26873.0
SRB,CHE,2005,26793.0
PHL,KWT,2005,26785.0
MOZ,MWI,2005,26714.0
IRL,AUS,2005,26672.0
BEL,NLD,2005,26646.0
GRC,TUR,2005,26421.0
ROU,AUT,2005,26371.0
RUS,ITA,2005,26349.0
IRN,ISR,2005,26298.0
ARG,CHL,2005,26297.0
WSM,NZL,2005,26147.0
COD,FRA,2005,26140.0
USA,FRA,2005,26129.0
MEX,CAN,2005,26118.0
MKD,DEU,2005,25866.0
PER,JPN,2005,25842.0
ZMB,MWI,2005,25837.0
NER,BEN,2005,25798.0
NOR,SWE,2005,25603.0
MWI,MOZ,2005,25461.0
IRN,SWE,2005,25235.0
GIN,SLE,2005,25191.0
CHN,NLD,2005,25133.0
BDI,UGA,2005,25042.0
RUS,ESP,2005,25025.0
MKD,AUS,2005,24994.0
YEM,ARE,2005,24985.0
CHN,RUS,2005,24914.0
USA,CHN,2005,24846.0
MLT,AUS,2005,24835.0
UKR,KGZ,2005,24834.0
MRT,SEN,2005,24816.0
BEL,ITA,2005,24637.0
BIH,CHE,2005,24554.0
UKR,LVA,2005,24498.0
GNQ,GAB,2005,24492.0
BEN,TGO,2005,24372.0
IRQ,JOR,2005,24308.0
ROU,FRA,2005,24139.0
DZA,ISR,2005,24111.0
BRA,FRA,2005,24048.0
TJK,UZB,2005,24018.0
TUN,ISR,2005,23776.0
RUS,AZE,2005,23737.0
ESP,CHE,2005,23711.0
IRN,GBR,2005,23664.0
THA,KHM,2005,23639.0
MUS,FRA,2005,23483.0
IND,ITA,2005,23309.0
ECU,ITA,2005,23307.0
SOM,LBY,2005,23277.0
LBR,GHA,2005,23254.0
JPN,CHN,2005,23168.0
NGA,BEN,2005,23117.0
MDA,ROU,2005,23010.0
MEX,USA,2010,5536043.0
RUS,UKR,2010,1924799.0
UKR,RUS,2010,1590208.0
BGD,IND,2010,1373496.0
KAZ,RUS,2010,1331439.0
AFG,IRN,2010,1160829.0
PHL,USA,2010,1119730.0
AFG,PAK,2010,973633.0
PSE,JOR,2010,912999.0
IND,PAK,2010,890146.0
CHN,USA,2010,889468.0
IND,USA,2010,860122.0
POL,DEU,2010,848112.0
DEU,USA,2010,684433.0
DZA,FRA,2010,682060.0
TUR,DEU,2010,654879.0
VNM,USA,2010,654461.0
KOR,USA,2010,654257.0
IDN,MYS,2010,649129.0
IND,ARE,2010,616528.0
SLV,USA,2010,602152.0
GBR,AUS,2010,582555.0
CUB,USA,2010,549805.0
IRQ,SYR,2010,544212.0
UZB,RUS,2010,523040.0
NPL,IND,2010,513774.0
DOM,USA,2010,502899.0
RUS,UZB,2010,501449.0
CAN,USA,2010,501271.0
RUS,DEU,2010,478346.0
PAK,IND,2010,457529.0
ROU,ITA,2010,448379.0
GBR,USA,2010,446519.0
MAR,FRA,2010,438280.0
BLR,RUS,2010,423645.0
KAZ,DEU,2010,417327.0
CHN,JPN,2010,401715.0
RUS,KAZ,2010,393233.0
JAM,USA,2010,383055.0
RUS,BLR,2010,380692.0
COL,USA,2010,374911.0
PHL,SAU,2010,362733.0
USA,MEX,2010,359830.0
ROU,ESP,2010,347055.0
IND,GBR,2010,344471.0
GTM,USA,2010,336322.0
CHN,CAN,2010,336300.0
SYR,JOR,2010,335594.0
AZE,RUS,2010,330363.0
HTI,USA,2010,328601.0
IND,NPL,2010,328092.0
JPN,USA,2010,302574.0
MAR,ESP,2010,301759.0
PRY,ARG,2010,301386.0
PRT,FRA,2010,301160.0
KOR,JPN,2010,293789.0
GBR,CAN,2010,292192.0
KGZ,RUS,2010,289820.0
POL,GBR,2010,282221.0
PHL,CAN,2010,274236.0
IND,CAN,2010,273969.0
IRL,GBR,2010,262317.0
EGY,SAU,2010,261479.0
IRQ,JOR,2010,261054.0
POL,USA,2010,259710.0
ECU,ESP,2010,254100.0
CZE,DEU,2010,253763.0
NZL,AUS,2010,252814.0
PSE,SYR,2010,243742.0
UZB,KAZ,2010,242894.0
PER,USA,2010,240375.0
IND,KWT,2010,240115.0
HND,USA,2010,239949.0
ROU,DEU,2010,237591.0
YEM,SAU,2010,235312.0
ZWE,ZAF,2010,235294.0
RUS,USA,2010,235118.0
PAK,GBR,2010,233343.0
ITA,USA,2010,224191.0
ARM,RUS,2010,221797.0
ECU,USA,2010,220490.0
BGR,TUR,2010,219806.0
ALB,GRC,2010,218109.0
COL,ESP,2010,212992.0
BIH,HRV,2010,211973.0
EGY,ARE,2010,209369.0
GEO,RUS,2010,204118.0
CHN,AUS,2010,202032.0
BIH,SRB,2010,200823.0
BRA,USA,2010,197802.0
SOM,KEN,2010,190369.0
IDN,SAU,2010,187918.0
HRV,SRB,2010,187736.0
UKR,USA,2010,186529.0
ALB,ITA,2010,183647.0
TJK,RUS,2010,183304.0
IRN,USA,2010,176712.0
ITA,FRA,2010,176378.0
UGA,KEN,2010,173022.0
PAK,ARE,2010,171661.0
BOL,ARG,2010,171435.0
TUN,FRA,2010,170358.0
DEU,GBR,2010,170308.0
USA,CAN,2010,167290.0
DEU,CHE,2010,164014.0
PHL,JPN,2010,161955.0
ESP,FRA,2010,159385.0
GBR,ESP,2010,158606.0
SVK,CZE,2010,152797.0
UKR,POL,2010,152339.0
NIC,CRI,2010,151788.0
PSE,LBN,2010,151619.0
CHN,GBR,2010,151599.0
MAR,ITA,2010,149546.0
CHN,KOR,2010,148235.0
GBR,IRL,2010,145823.0
BLR,UKR,2010,144263.0
GUY,USA,2010,143374.0
PAK,USA,2010,141269.0
THA,USA,2010,139330.0
DEU,TUR,2010,137567.0
RUS,TJK,2010,136807.0
IND,SAU,2010,136290.0
IND,AUS,2010,135966.0
UKR,ITA,2010,135462.0
ARG,ESP,2010,135432.0
LKA,IND,2010,134962.0
AGO,COD,2010,134154.0
NIC,USA,2010,133460.0
BGD,ARE,2010,133153.0
MDA,RUS,2010,132582.0
ITA,CAN,2010,131107.0
ITA,DEU,2010,130582.0
IDN,ARE,2010,129443.0
TTO,USA,2010,128310.0
COL,ECU,2010,127751.0
LAO,THA,2010,127618.0
UKR,DEU,2010,127038.0
DEU,FRA,2010,124961.0
GBR,NZL,2010,124897.0
COD,COG,2010,123384.0
KHM,THA,2010,122486.0
KAZ,UKR,2010,121812.0
BEN,NGA,2010,121478.0
BOL,ESP,2010,121125.0
TUR,FRA,2010,119975.0
PHL,MYS,2010,119909.0
HTI,DOM,2010,119172.0
MOZ,ZAF,2010,118139.0
UKR,BLR,2010,117586.0
DEU,ITA,2010,116638.0
PHL,AUS,2010,115057.0
ROU,HUN,2010,112580.0
FRA,USA,2010,111055.0
BRA,JPN,2010,110395.0
UZB,UKR,2010,110301.0
AUT,DEU,2010,109907.0
PAK,SAU,2010,108644.0
VNM,AUS,2010,108298.0
ITA,CHE,2010,108257.0
FRA,ESP,2010,107502.0
COD,RWA,2010,107077.0
DEU,ESP,2010,106947.0
PHL,ARE,2010,105226.0
PER,ESP,2010,105159.0
SYR,SAU,2010,104955.0
DEU,AUT,2010,104746.0
USA,GBR,2010,104314.0
NGA,USA,2010,103982.0
CHE,ITA,2010,103785.0
RUS,LVA,2010,103306.0
SUR,NLD,2010,102597.0
CHL,ARG,2010,102434.0
ZAF,GBR,2010,102210.0
FIN,SWE,2010,101659.0
ITA,AUS,2010,99133.0
BGD,GBR,2010,99056.0
RUS,EST,2010,97155.0
FRA,BEL,2010,96269.0
LAO,USA,2010,95538.0
TUR,NLD,2010,95225.0
TKM,KAZ,2010,94685.0
MYS,BGD,2010,94243.0
TKM,RUS,2010,93115.0
HRV,DEU,2010,92656.0
NGA,GBR,2010,92019.0
PRT,USA,2010,90385.0
PAN,USA,2010,89217.0
DEU,CAN,2010,89162.0
ROU,USA,2010,88601.0
KHM,USA,2010,88526.0
JAM,GBR,2010,88446.0
ARG,USA,2010,87953.0
VNM,CAN,2010,87937.0
MAR,BEL,2010,87931.0
SOM,YEM,2010,87747.0
IND,QAT,2010,87377.0
POL,CAN,2010,85710.0
GBR,FRA,2010,85613.0
PER,ARG,2010,85210.0
DOM,ESP,2010,85059.0
ETH,USA,2010,84348.0
MDA,ITA,2010,83499.0
ITA,ARG,2010,83440.0
BIH,DEU,2010,82810.0
COD,UGA,2010,82362.0
PRT,CHE,2010,82261.0
MAR,ISR,2010,81750.0
GRC,DEU,2010,80959.0
BEL,FRA,2010,80768.0
MDA,UKR,2010,80735.0
JOR,SAU,2010,80406.0
CHN,ESP,2010,80132.0
BRA,ESP,2010,79924.0
MAR,NLD,2010,79455.0
ZAF,AUS,2010,78258.0
PAK,KWT,2010,78186.0
LSO,ZAF,2010,78159.0
IRQ,USA,2010,78147.0
FRA,ITA,2010,77892.0
PHL,GBR,2010,77615.0
IDN,NLD,2010,77432.0
BGD,USA,2010,77178.0
GHA,NGA,2010,76748.0
EGY,KWT,2010,76220.0
RUS,KGZ,2010,76212.0
UKR,KAZ,2010,76142.0
BGD,SAU,2010,76107.0
PAK,CAN,2010,75873.0
FRA,GBR,2010,74997.0
SRB,AUT,2010,74685.0
TUR,AUT,2010,74349.0
BIH,AUT,2010,74259.0
JAM,CAN,2010,74239.0
POL,ITA,2010,74083.0
CHN,BGD,2010,73715.0
AGO,PRT,2010,73156.0
PER,CHL,2010,72609.0
COD,BDI,2010,72512.0
PRT,CAN,2010,72154.0
FRA,CHE,2010,72045.0
PSE,LBY,2010,71746.0
GRC,USA,2010,71694.0
ARM,AZE,2010,71590.0
KEN,GBR,2010,71488.0
DEU,NLD,2010,71370.0
DEU,RUS,2010,70331.0
CHN,ITA,2010,70227.0
NPL,MYS,2010,70145.0
UKR,UZB,2010,69778.0
MYS,AUS,2010,69567.0
CHN,THA,2010,69351.0
UKR,ISR,2010,69118.0
ISR,USA,2010,68423.0
EGY,JOR,2010,68008.0
MDG,FRA,2010,67789.0
CHN,KAZ,2010,67739.0
KOR,CAN,2010,67370.0
BRA,PRT,2010,67071.0
BGR,ESP,2010,66934.0
AUS,GBR,2010,66414.0
BGD,KWT,2010,66404.0
PRT,BRA,2010,66349.0
IDN,BGD,2010,66077.0
HUN,DEU,2010,66069.0
DEU,AUS,2010,65830.0
ITA,GBR,2010,65604.0
DEU,GRC,2010,65577.0
ESP,USA,2010,65483.0
LKA,CAN,2010,65427.0
VNM,FRA,2010,65404.0
IRL,USA,2010,65345.0
EGY,USA,2010,64883.0
RWA,COD,2010,64244.0
POL,FRA,2010,64020.0
FRA,DEU,2010,63917.0
ZWE,GBR,2010,63556.0
NLD,BEL,2010,63225.0
PHL,ITA,2010,62835.0
GRC,AUS,2010,62135.0
IND,OMN,2010,61066.0
URY,ARG,2010,61051.0
GHA,USA,2010,60145.0
IND,BHR,2010,60135.0
ITA,BEL,2010,58502.0
UKR,CZE,2010,58095.0
CUB,ESP,2010,58037.0
IRN,CAN,2010,58001.0
RUS,ISR,2010,57959.0
SEN,GMB,2010,57819.0
PSE,SAU,2010,57798.0
IDN,KWT,2010,57402.0
LKA,GBR,2010,56871.0
TGO,BEN,2010,56501.0
PER,ITA,2010,56060.0
CHN,FRA,2010,55984.0
MLI,NGA,2010,55554.0
BRA,ITA,2010,55269.0
CHN,IND,2010,55002.0
IRQ,SWE,2010,54840.0
PRY,ESP,2010,54719.0
SOM,GBR,2010,54542.0
BLR,POL,2010,54479.0
BDI,TZA,2010,54271.0
ESP,ARG,2010,54094.0
LBN,USA,2010,54041.0
SEN,FRA,2010,53909.0
ROU,ISR,2010,53208.0
TUR,USA,2010,53164.0
BGD,OMN,2010,53062.0
PRT,ESP,2010,52891.0
CAF,CMR,2010,52284.0
IRN,DEU,2010,52155.0
GEO,GRC,2010,51832.0
TGO,NGA,2010,50974.0
FRA,CAN,2010,50911.0
MOZ,ZWE,2010,50665.0
NLD,CAN,2010,50250.0
POL,IRL,2010,50066.0
CHE,FRA,2010,49659.0
GUY,CAN,2010,49152.0
BGR,GRC,2010,49025.0
KOR,CHN,2010,48975.0
ETH,SAU,2010,48862.0
USA,DEU,2010,48629.0
VNM,DEU,2010,48557.0
THA,MYS,2010,48205.0
CMR,FRA,2010,47969.0
CHN,NZL,2010,47827.0
GHA,GBR,2010,47673.0
ZWE,MOZ,2010,47285.0
PSE,EGY,2010,46787.0
AZE,ARM,2010,46501.0
LKA,AUS,2010,46472.0
DEU,BEL,2010,46305.0
HTI,CAN,2010,46263.0
LVA,RUS,2010,46062.0
TUR,BEL,2010,45976.0
IRQ,IRN,2010,45875.0
YEM,ARE,2010,45599.0
ESP,GBR,2010,45387.0
RUS,ITA,2010,45183.0
CAN,GBR,2010,44932.0
ZAF,USA,2010,44872.0
UGA,RWA,2010,44731.0
KOR,AUS,2010,44392.0
MWI,ZWE,2010,44367.0
RWA,UGA,2010,44079.0
KEN,USA,2010,43918.0
CHN,DEU,2010,43829.0
UKR,ESP,2010,43686.0
CZE,SVK,2010,43565.0
LKA,SAU,2010,43516.0
ROU,CAN,2010,43457.0
SOM,ETH,2010,43296.0
NLD,AUS,2010,43239.0
PRT,GBR,2010,43235.0
LTU,GBR,2010,43145.0
DEU,POL,2010,43070.0
KGZ,KAZ,2010,42731.0
ECU,ITA,2010,42574.0
LBN,AUS,2010,42515.0
FRA,PRT,2010,42448.0
HTI,FRA,2010,42413.0
USA,AUS,2010,42397.0
RUS,TKM,2010,42257.0
COD,BEL,2010,42075.0
ALB,MKD,2010,41980.0
PHL,KWT,2010,41892.0
CAF,TCD,2010,41530.0
MEX,CAN,2010,40990.0
JOR,ARE,2010,40824.0
RUS,LTU,2010,40803.0
URY,ESP,2010,40799.0
USA,ISR,2010,40716.0
ETH,ISR,2010,40689.0
RUS,CAN,2010,40347.0
TUR,GBR,2010,40201.0
MKD,TUR,2010,39932.0
MAR,DEU,2010,39908.0
BGR,DEU,2010,39766.0
ROU,FRA,2010,39662.0
IDN,AUS,2010,39660.0
POL,SWE,2010,39599.0
IND,ITA,2010,39556.0
SOM,DJI,2010,39512.0
RUS,ESP,2010,39250.0
NER,NGA,2010,38906.0
BIH,SVN,2010,38761.0
LAO,BGD,2010,38279.0
MYS,GBR,2010,38232.0
LBN,CAN,2010,38126.0
ESP,DEU,2010,38109.0
MNE,SRB,2010,37689.0
JOR,PSE,2010,37666.0
SRB,FRA,2010,37620.0
TTO,CAN,2010,37531.0
ISR,PSE,2010,36969.0
BTN,NPL,2010,36863.0
RUS,GRC,2010,36818.0
LTU,POL,2010,36773.0
LTU,RUS,2010,36718.0
UZB,TKM,2010,36623.0
KAZ,BLR,2010,36553.0
AUT,CHE,2010,36505.0
UKR,CAN,2010,36471.0
AZE,UKR,2010,36344.0
ARG,ITA,2010,36237.0
IRQ,DEU,2010,36169.0
BRA,PRY,2010,35963.0
POL,ESP,2010,35861.0
IND,MYS,2010,35762.0
TUR,CHE,2010,35739.0
LKA,ARE,2010,35622.0
BLR,LVA,2010,35540.0
POL,NLD,2010,35378.0
GBR,ZAF,2010,35364.0
COD,FRA,2010,35135.0
ROU,AUT,2010,35043.0
COG,FRA,2010,34984.0
BEN,TGO,2010,34923.0
AFG,DEU,2010,34779.0
ROU,GBR,2010,34707.0
GBR,ITA,2010,34524.0
TUN,ITA,2010,34416.0
TGO,GHA,2010,34279.0
RUS,FRA,2010,34248.0
FJI,AUS,2010,33927.0
UKR,MDA,2010,33872.0
ITA,ESP,2010,33702.0
THA,AUS,2010,33698.0
NGA,BEN,2010,33624.0
HRV,AUS,2010,33582.0
AUS,NZL,2010,33464.0
IRQ,ISR,2010,33452.0
NGA,CMR,2010,33254.0
GRC,CAN,2010,33118.0
IRL,AUS,2010,32914.0
POL,AUS,2010,32792.0
MOZ,PRT,2010,32546.0
IRN,GBR,2010,32527.0
CHL,ESP,2010,32509.0
RUS,MDA,2010,32378.0
COD,TZA,2010,31912.0
CHE,ESP,2010,31887.0
BRA,FRA,2010,31865.0
POL,AUT,2010,31641.0
COL,CAN,2010,31634.0
AFG,USA,2010,31553.0
KHM,FRA,2010,31533.0
POL,BEL,2010,31375.0
THA,JPN,2010,31298.0
GEO,ARM,2010,31139.0
MNG,KAZ,2010,31117.0
NZL,GBR,2010,31070.0
NER,BEN,2010,30667.0
EST,RUS,2010,30428.0
MKD,ITA,2010,30201.0
MLI,GIN,2010,30173.0
PRT,LUX,2010,30165.0
EGY,QAT,2010,30143.0
CHN,NLD,2010,30072.0
RWA,BDI,2010,30008.0
BDI,RWA,2010,30008.0
JPN,THA,2010,29913.0
HRV,ITA,2010,29848.0
GEO,UKR,2010,29351.0
POL,ISR,2010,29146.0
MWI,MOZ,2010,29108.0
SRB,HRV,2010,29042.0
ARG,PRY,2010,29031.0
SRB,CHE,2010,28999.0
USA,CHN,2010,28950.0
IRN,SWE,2010,28917.0
ARG,CHL,2010,28876.0
USA,ITA,2010,28577.0
USA,FRA,2010,28553.0
HRV,SVN,2010,28543.0
RUS,POL,2010,28533.0
BIH,SWE,2010,28459.0
BGR,ITA,2010,28432.0
MKD,DEU,2010,28184.0
NER,TGO,2010,28105.0
NPL,USA,2010,28103.0
MKD,SRB,2010,28085.0
GNQ,GAB,2010,27851.0
ROU,GRC,2010,27831.0
BEL,NLD,2010,27759.0
MLI,FRA,2010,27724.0
CZE,AUT,2010,27589.0
CPV,PRT,2010,27411.0
ESP,CHE,2010,27363.0
VNM,KOR,2010,26917.0
JPN,CHN,2010,26822.0
BIH,CHE,2010,26536.0
JPN,AUS,2010,26475.0
IND,NZL,2010,26354.0
WSM,NZL,2010,26313.0
IRQ,GBR,2010,26304.0
MOZ,MWI,2010,26281.0
MEX,USA,2015,5713555.0
RUS,UKR,2015,1928582.0
BGD,IND,2015,1301775.0
PHL,USA,2015,1250464.0
UKR,RUS,2015,1248683.0
AFG,IRN,2015,1191658.0
CHN,USA,2015,1179901.0
IND,USA,2015,1131614.0
KAZ,RUS,2015,1089741.0
PSE,JOR,2015,991092.0
POL,DEU,2015,946609.0
AFG,PAK,2015,899713.0
SYR,TUR,2015,882298.0
IND,ARE,2015,803937.0
IDN,MYS,2015,777848.0
VNM,USA,2015,720981.0
IND,PAK,2015,720271.0
DZA,FRA,2015,702173.0
SLV,USA,2015,672323.0
DEU,USA,2015,659210.0
KOR,USA,2015,643112.0
TUR,DEU,2015,632665.0
CUB,USA,2015,628803.0
SYR,JOR,2015,613600.0
DOM,USA,2015,612850.0
GBR,AUS,2015,592338.0
SYR,LBN,2015,576871.0
ROU,ITA,2015,565165.0
RUS,DEU,2015,535790.0
NPL,IND,2015,532707.0
CAN,USA,2015,507259.0
MAR,FRA,2015,479555.0
RUS,UZB,2015,474188.0
UZB,RUS,2015,468441.0
YEM,SAU,2015,459903.0
PHL,SAU,2015,458829.0
KAZ,DEU,2015,441324.0
CHN,JPN,2015,438026.0
GBR,USA,2015,428687.0
PAK,IND,2015,428499.0
JAM,USA,2015,423412.0
COL,USA,2015,415134.0
GTM,USA,2015,403457.0
CHN,CAN,2015,402791.0
IND,GBR,2015,398152.0
RUS,KAZ,2015,387057.0
USA,MEX,2015,378208.0
RUS,BLR,2015,377195.0
HTI,USA,2015,368922.0
POL,GBR,2015,358682.0
PHL,CAN,2015,354674.0
ZWE,ZAF,2015,354619.0
IND,CAN,2015,342457.0
ROU,DEU,2015,341490.0
JPN,USA,2015,326354.0
ROU,ESP,2015,320896.0
IND,KWT,2015,320742.0
IND,NPL,2015,318615.0
CHN,KOR,2015,317687.0
PRT,FRA,2015,317408.0
MAR,ESP,2015,314868.0
BLR,RUS,2015,305505.0
HND,USA,2015,302097.0
EGY,SAU,2015,295184.0
PRY,ARG,2015,294396.0
KOR,JPN,2015,284289.0
CHN,AUS,2015,282992.0
PSE,SYR,2015,281901.0
NZL,AUS,2015,281804.0
UZB,KAZ,2015,275155.0
EGY,ARE,2015,273089.0
GBR,CAN,2015,272215.0
PAK,GBR,2015,268904.0
AZE,RUS,2015,251401.0
POL,USA,2015,246649.0
KGZ,RUS,2015,246097.0
PER,USA,2015,242272.0
RUS,USA,2015,240235.0
SOM,KEN,2015,238175.0
PSE,LBN,2015,237748.0
CZE,DEU,2015,227233.0
PAK,ARE,2015,223834.0
IRL,GBR,2015,222678.0
ECU,USA,2015,222354.0
ECU,ESP,2015,217953.0
BIH,HRV,2015,213933.0
ALB,GRC,2015,213844.0
ITA,USA,2015,212652.0
BRA,USA,2015,204877.0
IND,AUS,2015,204594.0
ALB,ITA,2015,204402.0
BGR,TUR,2015,203974.0
COL,ESP,2015,201794.0
ARM,RUS,2015,195431.0
IRN,USA,2015,195337.0
SYR,SAU,2015,187745.0
UKR,USA,2015,187177.0
BIH,SRB,2015,181846.0
TUN,FRA,2015,181600.0
PAK,USA,2015,181046.0
PHL,JPN,2015,180459.0
MAR,ITA,2015,180043.0
USA,CAN,2015,179233.0
TJK,RUS,2015,179001.0
UGA,KEN,2015,175993.0
DEU,CHE,2015,175906.0
BGD,ARE,2015,173534.0
BOL,ARG,2015,173503.0
IND,SAU,2015,171196.0
IDN,ARE,2015,168903.0
UKR,ITA,2015,168452.0
THA,USA,2015,166097.0
ITA,FRA,2015,166019.0
HTI,DOM,2015,164618.0
PAK,SAU,2015,164325.0
DEU,GBR,2015,163984.0
EGY,KWT,2015,159653.0
BEN,NGA,2015,158870.0
ESP,FRA,2015,158848.0
BGD,SAU,2015,158368.0
NGA,USA,2015,155703.0
HRV,SRB,2015,155019.0
NIC,CRI,2015,154943.0
ITA,DEU,2015,154258.0
GUY,USA,2015,153842.0
COD,UGA,2015,152989.0
NIC,USA,2015,147114.0
PHL,AUS,2015,146438.0
GBR,ESP,2015,146097.0
UKR,DEU,2015,145649.0
BLR,UKR,2015,144545.0
LAO,THA,2015,143791.0
GEO,RUS,2015,143421.0
SVK,CZE,2015,142626.0
IDN,SAU,2015,141739.0
GBR,IRL,2015,141454.0
NPL,MYS,2015,140224.0
KHM,THA,2015,139746.0
RWA,COD,2015,138208.0
DEU,TUR,2015,137513.0
PHL,ARE,2015,137220.0
CHN,GBR,2015,135568.0
RUS,TJK,2015,135466.0
IND,QAT,2015,134754.0
CAF,CMR,2015,134302.0
TTO,USA,2015,134017.0
SOM,ETH,2015,133027.0
MOZ,ZAF,2015,132859.0
UKR,POL,2015,131363.0
PAK,AFG,2015,130434.0
SOM,YEM,2015,130423.0
VNM,AUS,2015,128650.0
PHL,MYS,2015,128313.0
GBR,NZL,2015,127553.0
LKA,IND,2015,126518.0
TUR,FRA,2015,122838.0
ARG,ESP,2015,122152.0
KAZ,UKR,2015,122050.0
ITA,CAN,2015,121992.0
COD,RWA,2015,121566.0
ETH,USA,2015,121218.0
FRA,USA,2015,120896.0
CAF,COD,2015,120531.0
DEU,FRA,2015,118679.0
UKR,BLR,2015,116506.0
DEU,AUT,2015,116006.0
BGD,GBR,2015,115217.0
DEU,ITA,2015,114472.0
ITA,CHE,2015,114319.0
COL,ECU,2015,113641.0
NGA,GBR,2015,113266.0
ETH,SAU,2015,112229.0
MDA,RUS,2015,112082.0
SYR,IRQ,2015,111875.0
AUT,DEU,2015,111529.0
BGD,USA,2015,110741.0
UZB,UKR,2015,110516.0
EGY,JOR,2015,109132.0
USA,GBR,2015,109107.0
ZAF,GBR,2015,108480.0
MDA,ITA,2015,108025.0
HRV,DEU,2015,105279.0
GRC,DEU,2015,103951.0
FRA,ESP,2015,102743.0
PER,ESP,2015,102144.0
CHE,ITA,2015,101937.0
MAR,BEL,2015,101651.0
ROU,HUN,2015,100798.0
PRT,CHE,2015,100612.0
GHA,NGA,2015,100371.0
FRA,BEL,2015,99858.0
SUR,NLD,2015,99811.0
IRQ,USA,2015,99135.0
ARG,USA,2015,98247.0
TKM,KAZ,2015,97666.0
PAK,CAN,2015,97665.0
LSO,ZAF,2015,97580.0
LAO,USA,2015,97431.0
CHN,ITA,2015,97365.0
DOM,ESP,2015,95815.0
ITA,AUS,2015,95809.0
DEU,ESP,2015,95757.0
IRQ,SYR,2015,95643.0
IND,OMN,2015,95589.0
BOL,ESP,2015,94862.0
FIN,SWE,2015,94689.0
BIH,DEU,2015,94320.0
KHM,USA,2015,94238.0
VNM,CAN,2015,93867.0
MYS,BGD,2015,93638.0
CHL,ARG,2015,93589.0
TUR,NLD,2015,93569.0
PER,CHL,2015,93033.0
JOR,SAU,2015,92863.0
ROU,GBR,2015,91126.0
PAK,KWT,2015,91089.0
PHL,GBR,2015,90056.0
ITA,GBR,2015,89822.0
BGR,DEU,2015,89498.0
ZAF,AUS,2015,89135.0
AGO,COD,2015,89043.0
PAN,USA,2015,87900.0
MAR,ISR,2015,87835.0
ROU,USA,2015,87684.0
BDI,TZA,2015,87662.0
IRQ,JOR,2015,87580.0
DEU,CAN,2015,87463.0
SRB,DEU,2015,87250.0
AGO,PRT,2015,87201.0
RUS,LVA,2015,86507.0
CHN,ESP,2015,86490.0
EGY,USA,2015,86474.0
JAM,GBR,2015,86379.0
COD,BDI,2015,86279.0
BEL,FRA,2015,83509.0
GBR,FRA,2015,83487.0
COD,COG,2015,83368.0
SYR,DEU,2015,82827.0
PER,ARG,2015,82742.0
POL,ITA,2015,82353.0
POL,CAN,2015,82015.0
RUS,EST,2015,81782.0
MAR,NLD,2015,81262.0
PSE,LBY,2015,81118.0
MDA,UKR,2015,80893.0
FRA,GBR,2015,80801.0
BGD,OMN,2015,80534.0
BRA,JPN,2015,80453.0
BIH,AUT,2015,80362.0
FRA,CHE,2015,80162.0
BRA,PRT,2015,79947.0
JAM,CAN,2015,79806.0
MDG,FRA,2015,79586.0
PHL,ITA,2015,79542.0
PRT,USA,2015,79312.0
KOR,CAN,2015,79160.0
CHN,KAZ,2015,78789.0
HUN,DEU,2015,78024.0
KEN,USA,2015,77555.0
GHA,USA,2015,77098.0
MYS,AUS,2015,76695.0
IRN,CAN,2015,76041.0
FRA,ITA,2015,76033.0
TUR,AUT,2015,75781.0
IDN,KWT,2015,75152.0
CHN,BGD,2015,74875.0
TKM,RUS,2015,74613.0
UKR,ISR,2015,74056.0
FRA,DEU,2015,73806.0
ISR,USA,2015,73492.0
IRQ,TUR,2015,72853.0
PRT,CAN,2015,72750.0
MLI,NGA,2015,72653.0
NGA,CMR,2015,72460.0
LTU,GBR,2015,72345.0
UKR,KAZ,2015,72248.0
KEN,GBR,2015,71783.0
CUB,ESP,2015,71426.0
SRB,AUT,2015,71256.0
GRC,USA,2015,71118.0
ERI,ETH,2015,70907.0
IND,BHR,2015,70675.0
IDN,BGD,2015,70316.0
IDN,NLD,2015,70066.0
DEU,NLD,2015,69157.0
ARM,AZE,2015,68828.0
ZWE,GBR,2015,68763.0
IRL,USA,2015,68336.0
LKA,CAN,2015,68216.0
RUS,KGZ,2015,67502.0
TGO,BEN,2015,67338.0
UKR,CZE,2015,67121.0
BGD,KWT,2015,66850.0
BRA,ESP,2015,66850.0
TGO,NGA,2015,66664.0
PER,ITA,2015,66164.0
BDI,RWA,2015,66123.0
UKR,UZB,2015,66049.0
TUR,USA,2015,65944.0
VNM,FRA,2015,65801.0
ESP,USA,2015,65605.0
CHN,FRA,2015,65556.0
NLD,BEL,2015,64991.0
LKA,GBR,2015,64331.0
DEU,GRC,2015,64264.0
AUS,GBR,2015,63917.0
BRA,ITA,2015,63731.0
FRA,CAN,2015,63691.0
PSE,SAU,2015,63486.0
SEN,FRA,2015,63347.0
CHN,NZL,2015,63100.0
CHN,DEU,2015,62793.0
DEU,AUS,2015,62532.0
RUS,ISR,2015,62350.0
ESP,GBR,2015,62310.0
ROU,FRA,2015,62253.0
ITA,ARG,2015,61799.0
POL,NLD,2015,61560.0
POL,FRA,2015,61407.0
SYR,EGY,2015,61185.0
BGR,ESP,2015,61122.0
VNM,KOR,2015,60768.0
LBN,USA,2015,60728.0
IRQ,SWE,2015,60620.0
SOM,GBR,2015,60493.0
SEN,GMB,2015,59984.0
YEM,ARE,2015,59474.0
CHN,THA,2015,59420.0
GRC,AUS,2015,59379.0
CHN,IND,2015,58929.0
COM,FRA,2015,58670.0
ESP,DEU,2015,58367.0
ITA,BEL,2015,58325.0
PRT,GBR,2015,58206.0
PHL,KWT,2015,57950.0
GHA,GBR,2015,57938.0
CMR,FRA,2015,57876.0
LKA,AUS,2015,57861.0
POL,IRL,2015,56973.0
RUS,ITA,2015,56956.0
ROU,ISR,2015,56909.0
USA,DEU,2015,56620.0
URY,ARG,2015,56613.0
KOR,AUS,2015,56461.0
DEU,RUS,2015,53655.0
HTI,CAN,2015,53343.0
JOR,ARE,2015,53250.0
THA,MYS,2015,53212.0
NPL,USA,2015,52631.0
IND,MYS,2015,52546.0
CHE,FRA,2015,52433.0
VNM,JPN,2015,52259.0
ZAF,USA,2015,52242.0
MOZ,ZWE,2015,51767.0
ROU,AUT,2015,51724.0
RUS,ESP,2015,51575.0
IND,ITA,2015,51542.0
USA,AUS,2015,51440.0
VNM,DEU,2015,51436.0
HTI,FRA,2015,50966.0
THA,JPN,2015,50895.0
NER,NGA,2015,50882.0
GEO,GRC,2015,50794.0
FRA,PRT,2015,50598.0
PRT,BRA,2015,50188.0
UKR,ESP,2015,49437.0
GUY,CAN,2015,49263.0
ZWE,MOZ,2015,49022.0
KGZ,KAZ,2015,48985.0
MAR,DEU,2015,48952.0
MLI,NER,2015,48847.0
MEX,CAN,2015,48781.0
TUR,GBR,2015,48626.0
ECU,ITA,2015,48184.0
CZE,SVK,2015,48134.0
BGR,GRC,2015,48043.0
PRY,ESP,2015,47838.0
BLR,POL,2015,47836.0
NGA,NER,2015,47521.0
ROU,CAN,2015,47497.0
TUR,BEL,2015,47347.0
LKA,ARE,2015,46471.0
CAF,TCD,2015,46440.0
POL,SWE,2015,46202.0
COD,FRA,2015,46057.0
PRT,ESP,2015,46043.0
RUS,FRA,2015,46013.0
RUS,CAN,2015,45853.0
DEU,POL,2015,45839.0
EGY,QAT,2015,45726.0
NLD,CAN,2015,45577.0
IRQ,DEU,2015,45568.0
PRT,LUX,2015,45347.0
COD,BEL,2015,45333.0
MWI,ZWE,2015,45332.0
THA,AUS,2015,44784.0
MLI,MRT,2015,44733.0
LBN,AUS,2015,44632.0
DEU,BEL,2015,44442.0
UGA,RWA,2015,44440.0
USA,ISR,2015,44024.0
ETH,ISR,2015,43888.0
IDN,AUS,2015,43517.0
AFG,DEU,2015,43256.0
CAN,GBR,2015,43218.0
RWA,UGA,2015,42884.0
AFG,TUR,2015,42713.0
TGO,GHA,2015,42196.0
POL,BEL,2015,42154.0
LBN,CAN,2015,42139.0
IRL,AUS,2015,42126.0
IRN,DEU,2015,41773.0
RUS,TKM,2015,41619.0
SRB,FRA,2015,41153.0
UKR,CAN,2015,41131.0
ESP,ARG,2015,41125.0
COG,FRA,2015,40860.0
SOM,DJI,2015,40794.0
AFG,USA,2015,40632.0
LAO,BGD,2015,40551.0
ITA,ESP,2015,40441.0
NGA,BEN,2015,40356.0
MKD,DEU,2015,40236.0
NPL,QAT,2015,40206.0
ALB,MKD,2015,39884.0
NLD,AUS,2015,39639.0
BIH,SVN,2015,39496.0
COL,CAN,2015,39228.0
COD,AGO,2015,39082.0
IND,NZL,2015,38874.0
MOZ,PRT,2015,38794.0
IRN,GBR,2015,38758.0
FJI,AUS,2015,38615.0
KOR,CHN,2015,38213.0
BRA,FRA,2015,38212.0
MYS,GBR,2015,38032.0
JOR,PSE,2015,37482.0
BEN,TGO,2015,37391.0
POL,AUT,2015,37287.0
TUN,ITA,2015,37216.0
TUR,CHE,2015,37094.0
AUS,NZL,2015,36606.0
TTO,CAN,2015,36567.0
ISR,PSE,2015,36544.0
MNE,SRB,2015,36473.0
AZE,UKR,2015,36415.0
AFG,SAU,2015,36363.0
AUT,CHE,2015,36303.0
BGR,ITA,2015,36242.0
KAZ,BLR,2015,36218.0
LKA,SAU,2015,36217.0
URY,ESP,2015,36207.0
ARG,ITA,2015,36203.0
LKA,ITA,2015,36181.0
UZB,TKM,2015,36160.0
IRQ,ISR,2015,36117.0
RUS,GRC,2015,36080.0
CHN,NLD,2015,35746.0
LVA,RUS,2015,35645.0
RWA,BDI,2015,35223.0
GBR,ITA,2015,35214.0
BRA,PRY,2015,35146.0
HUN,AUT,2015,35121.0
SYR,SWE,2015,34703.0
RUS,LTU,2015,34598.0
AZE,ARM,2015,34393.0
IRQ,AUS,2015,34176.0
MNG,KAZ,2015,33835.0
JPN,THA,2015,33715.0
PAK,OMN,2015,33557.0
MAR,CAN,2015,33553.0
GNQ,GAB,2015,33495.0
PSE,EGY,2015,33474.0
HND,ESP,2015,33412.0
MLI,FRA,2015,33210.0
ESP,CHE,2015,33203.0
IRN,SWE,2015,32944.0
IRQ,CAN,2015,32811.0
ROU,BEL,2015,32764.0
CPV,PRT,2015,32674.0
PHL,QAT,2015,32658.0
NER,BEN,2015,32414.0
ARG,CHL,2015,32377.0
SRB,CHE,2015,32365.0
GRC,CAN,2015,32359.0
JPN,AUS,2015,32197.0
IRQ,GBR,2015,32031.0
ZAF,NZL,2015,31965.0
POL,ESP,2015,31954.0
BLR,LVA,2015,31843.0
PHL,OMN,2015,31799.0
IND,DEU,2015,31799.0
GBR,ZAF,2015,31727.0
MKD,ITA,2015,31720.0
POL,NOR,2015,31600.0
POL,ISR,2015,31213.0
KHM,FRA,2015,31133.0
COD,TZA,2015,31093.0
POL,AUS,2015,30835.0
EGY,ITA,2015,30814.0
MEX,USA,2020,5415408.0
RUS,UKR,2020,1960865.0
SYR,TUR,2020,1761534.0
IND,USA,2020,1305141.0
PHL,USA,2020,1295739.0
CHN,USA,2020,1261658.0
AFG,IRN,2020,1239126.0
BGD,IND,2020,1236456.0
PSE,JOR,2020,1065014.0
UKR,RUS,2020,969367.0
POL,DEU,2020,957813.0
KAZ,RUS,2020,878820.0
IND,ARE,2020,842771.0
AFG,PAK,2020,792861.0
VNM,USA,2020,753428.0
SLV,USA,2020,728077.0
SYR,JOR,2020,725706.0
DZA,FRA,2020,719717.0
DOM,USA,2020,712101.0
CUB,USA,2020,676382.0
TUR,DEU,2020,645008.0
DEU,USA,2020,637679.0
IND,PAK,2020,634727.0
KOR,USA,2020,626103.0
RUS,DEU,2020,589717.0
GBR,AUS,2020,575246.0
ROU,ITA,2020,571162.0
NPL,IND,2020,540600.0
MAR,FRA,2020,520886.0
CHN,JPN,2020,502976.0
CAN,USA,2020,495003.0
GTM,USA,2020,489262.0
COL,USA,2020,485243.0
YEM,SAU,2020,473289.0
RUS,UZB,2020,469260.0
JAM,USA,2020,469138.0
SYR,LBN,2020,460993.0
KAZ,DEU,2020,458569.0
IND,GBR,2020,457069.0
PHL,SAU,2020,456026.0
ZWE,ZAF,2020,440539.0
IDN,MYS,2020,439307.0
GBR,USA,2020,431518.0
IND,CAN,2020,430927.0
ROU,DEU,2020,422953.0
UZB,RUS,2020,413122.0
PHL,CAN,2020,404820.0
PAK,IND,2020,402929.0
CHN,CAN,2020,400503.0
POL,GBR,2020,396230.0
USA,MEX,2020,393859.0
MAR,ESP,2020,390382.0
RUS,KAZ,2020,388184.0
HND,USA,2020,386061.0
HTI,USA,2020,382619.0
RUS,BLR,2020,371772.0
CHN,KOR,2020,365129.0
CHN,AUS,2020,351111.0
IND,KWT,2020,335587.0
IND,AUS,2020,324359.0
UZB,KAZ,2020,323067.0
JPN,USA,2020,320430.0
PRT,FRA,2020,307872.0
BRA,USA,2020,307833.0
IND,NPL,2020,307369.0
PAK,GBR,2020,306509.0
PSE,SYR,2020,301137.0
COL,ESP,2020,297965.0
ROU,ESP,2020,297545.0
EGY,SAU,2020,292758.0
PRY,ARG,2020,288885.0
NZL,AUS,2020,287047.0
EGY,ARE,2020,286258.0
SYR,DEU,2020,276981.0
COD,UGA,2020,272236.0
RUS,USA,2020,253098.0
PSE,LBN,2020,248057.0
PER,USA,2020,246351.0
ALB,ITA,2020,243829.0
KOR,JPN,2020,242335.0
GBR,CAN,2020,239630.0
POL,USA,2020,235320.0
PAK,ARE,2020,234643.0
ROU,GBR,2020,234299.0
ECU,USA,2020,226453.0
ECU,ESP,2020,222429.0
IRQ,TUR,2020,221086.0
BLR,RUS,2020,216855.0
PHL,JPN,2020,211918.0
UKR,USA,2020,211325.0
NGA,USA,2020,211021.0
MAR,ITA,2020,207481.0
CZE,DEU,2020,206674.0
SOM,KEN,2020,205263.0
ALB,GRC,2020,204531.0
KGZ,RUS,2020,204202.0
IRN,USA,2020,203926.0
BIH,HRV,2020,201047.0
TUN,FRA,2020,198685.0
BGR,TUR,2020,197502.0
PAK,USA,2020,195721.0
SYR,SAU,2020,193757.0
VNM,JPN,2020,190655.0
UKR,ITA,2020,189738.0
AZE,RUS,2020,187944.0
PHL,AUS,2020,185703.0
IRL,GBR,2020,184870.0
ITA,USA,2020,184333.0
BGD,ARE,2020,181934.0
DEU,CHE,2020,180206.0
ITA,DEU,2020,179293.0
BOL,ARG,2020,177906.0
IDN,ARE,2020,177032.0
NIC,CRI,2020,176779.0
UKR,DEU,2020,175819.0
THA,USA,2020,175583.0
EGY,KWT,2020,174337.0
TJK,RUS,2020,173621.0
IND,SAU,2020,172908.0
HTI,DOM,2020,172316.0
BEN,NGA,2020,171468.0
ARM,RUS,2020,169515.0
BIH,SRB,2020,169189.0
PAK,SAU,2020,168158.0
BGD,SAU,2020,166325.0
ITA,FRA,2020,162544.0
DEU,TUR,2020,160686.0
CAF,COD,2020,158149.0
LAO,THA,2020,157255.0
KHM,THA,2020,154335.0
ESP,FRA,2020,153731.0
VNM,AUS,2020,153223.0
UGA,KEN,2020,151658.0
DEU,GBR,2020,151632.0
CAF,CMR,2020,150156.0
GUY,USA,2020,149559.0
BLR,UKR,2020,146962.0
BGR,DEU,2020,146815.0
ARG,ESP,2020,146675.0
USA,CAN,2020,146662.0
ETH,USA,2020,145571.0
GBR,IRL,2020,144077.0
PHL,ARE,2020,143844.0
GBR,ESP,2020,141567.0
MOZ,ZAF,2020,141216.0
NPL,MYS,2020,140224.0
NIC,USA,2020,139328.0
MYS,BGD,2020,137962.0
PER,ESP,2020,137274.0
RUS,TJK,2020,135842.0
NGA,GBR,2020,135515.0
IDN,SAU,2020,135332.0
BGD,USA,2020,134274.0
BGD,GBR,2020,134099.0
MDA,ITA,2020,134094.0
HRV,DEU,2020,134051.0
HRV,SRB,2020,133475.0
IND,QAT,2020,132665.0
SVK,CZE,2020,131837.0
TTO,USA,2020,128875.0
EGY,JOR,2020,127451.0
ITA,GBR,2020,127300.0
GBR,NZL,2020,127300.0
LKA,IND,2020,126955.0
DEU,AUT,2020,126391.0
PHL,MYS,2020,126134.0
RWA,COD,2020,126071.0
BIH,DEU,2020,124211.0
KAZ,UKR,2020,124091.0
CHN,ITA,2020,122714.0
TUR,FRA,2020,122220.0
SYR,IRQ,2020,121410.0
LSO,ZAF,2020,120714.0
FRA,USA,2020,120073.0
PER,CHL,2020,120049.0
COD,RWA,2020,119532.0
AFG,TUR,2020,118368.0
SOM,YEM,2020,118223.0
ITA,CHE,2020,117817.0
IRQ,USA,2020,116798.0
GRC,DEU,2020,116218.0
ETH,SAU,2020,116218.0
UKR,BLR,2020,114804.0
SRB,DEU,2020,114102.0
DEU,ITA,2020,113888.0
IND,OMN,2020,113555.0
AUT,DEU,2020,113399.0
PAK,CAN,2020,113365.0
ZAF,GBR,2020,113077.0
MAR,BEL,2020,112700.0
USA,GBR,2020,112517.0
UZB,UKR,2020,112364.0
CHN,GBR,2020,111419.0
UKR,POL,2020,111212.0
COL,ECU,2020,110367.0
CHN,BGD,2020,110317.0
DOM,ESP,2020,110083.0
BDI,TZA,2020,108812.0
GHA,NGA,2020,108326.0
DEU,FRA,2020,108254.0
ROU,HUN,2020,108116.0
FRA,ESP,2020,107451.0
IRQ,JOR,2020,106775.0
ITA,CAN,2020,105426.0
BOL,ESP,2020,104833.0
EGY,USA,2020,104619.0
ARG,USA,2020,104275.0
IDN,BGD,2020,103601.0
SOM,ETH,2020,103519.0
IRQ,SYR,2020,102165.0
CHN,ESP,2020,102163.0
FRA,BEL,2020,101845.0
IRQ,DEU,2020,101765.0
CHE,ITA,2020,101425.0
AFG,DEU,2020,101396.0
TKM,KAZ,2020,101144.0
ZAF,AUS,2020,100632.0
PHL,GBR,2020,100049.0
GEO,RUS,2020,99765.0
SUR,NLD,2020,99447.0
VNM,CAN,2020,98467.0
ROU,USA,2020,97942.0
COD,BDI,2020,97828.0
PRT,CHE,2020,97536.0
BGD,OMN,2020,97490.0
TUR,NLD,2020,97479.0
GHA,USA,2020,97104.0
BRA,JPN,2020,97077.0
AGO,PRT,2020,97065.0
VNM,KOR,2020,96340.0
HND,ESP,2020,95024.0
MAR,ISR,2020,94885.0
BRA,ESP,2020,94874.0
PAK,KWT,2020,94733.0
CHN,KAZ,2020,94272.0
MYS,AUS,2020,93853.0
HUN,DEU,2020,93553.0
NGA,CMR,2020,93383.0
MDA,RUS,2020,93023.0
JOR,SAU,2020,91595.0
LAO,USA,2020,91502.0
LTU,GBR,2020,90747.0
MDG,FRA,2020,90456.0
KHM,USA,2020,90154.0
BEL,FRA,2020,89865.0
CUB,ESP,2020,89775.0
BRA,PRT,2020,88899.0
IRN,CAN,2020,88487.0
AGO,COD,2020,88073.0
KEN,USA,2020,87933.0
FRA,CHE,2020,87681.0
THA,KOR,2020,87557.0
PAN,USA,2020,87258.0
CHL,ARG,2020,87186.0
PHL,ITA,2020,87168.0
ESP,GBR,2020,86918.0
FIN,SWE,2020,86601.0
FRA,GBR,2020,86562.0
BIH,AUT,2020,86551.0
IDN,KWT,2020,86385.0
ERI,ETH,2020,86375.0
DEU,ESP,2020,86324.0
ITA,AUS,2020,85213.0
MAR,NLD,2020,84965.0
SYR,SWE,2020,84770.0
NPL,USA,2020,84736.0
COL,CHL,2020,84649.0
BRA,ITA,2020,84553.0
COM,FRA,2020,83889.0
POL,NLD,2020,83650.0
GBR,FRA,2020,83477.0
PSE,LBY,2020,83331.0
COD,COG,2020,83294.0
JAM,GBR,2020,83187.0
CHN,DEU,2020,83130.0
MDA,UKR,2020,82244.0
FRA,DEU,2020,81974.0
JAM,CAN,2020,81713.0
UKR,ISR,2020,80876.0
PER,ARG,2020,80834.0
IRN,DEU,2020,80793.0
NGA,NER,2020,80183.0
CHN,NZL,2020,79255.0
POL,ITA,2020,78780.0
MLI,NGA,2020,78411.0
ESP,USA,2020,76982.0
PRT,GBR,2020,76603.0
KOR,CAN,2020,76170.0
TUR,AUT,2020,75865.0
SRB,AUT,2020,75459.0
POL,CAN,2020,75396.0
SEN,FRA,2020,75331.0
RUS,EST,2020,74749.0
FRA,ITA,2020,74470.0
ROU,FRA,2020,74269.0
RUS,LVA,2020,73684.0
PRT,USA,2020,73067.0
UKR,CZE,2020,72639.0
IND,BHR,2020,72432.0
TGO,BEN,2020,72344.0
ESP,DEU,2020,72165.0
TGO,NGA,2020,71948.0
PRY,ESP,2020,71881.0
KEN,GBR,2020,71531.0
DEU,NLD,2020,70989.0
PER,ITA,2020,70943.0
LKA,GBR,2020,70284.0
CHN,FRA,2020,70003.0
LKA,CAN,2020,69619.0
ZWE,GBR,2020,69499.0
DEU,CAN,2020,69046.0
RUS,ISR,2020,69015.0
GHA,GBR,2020,69010.0
UKR,KAZ,2020,68811.0
ISR,USA,2020,68729.0
ROU,AUT,2020,68611.0
IND,ITA,2020,68245.0
VNM,FRA,2020,67762.0
IRQ,SWE,2020,67585.0
LKA,AUS,2020,67269.0
CMR,FRA,2020,67231.0
SEN,GMB,2020,67137.0
PRT,CAN,2020,66966.0
AFG,USA,2020,66805.0
LBN,USA,2020,66733.0
TUR,USA,2020,66400.0
NLD,BEL,2020,66152.0
ARM,AZE,2020,66073.0
RUS,KGZ,2020,65756.0
UKR,UZB,2020,65360.0
USA,DEU,2020,65237.0
BDI,RWA,2020,65016.0
BOL,CHL,2020,64991.0
HTI,CHL,2020,64830.0
GRC,USA,2020,64799.0
UKR,ESP,2020,64330.0
ZAF,USA,2020,63878.0
SYR,EGY,2020,63625.0
IRL,USA,2020,63462.0
BGD,KWT,2020,63238.0
IDN,NLD,2020,62873.0
SOM,GBR,2020,62827.0
VNM,DEU,2020,62481.0
RUS,ITA,2020,62467.0
PSE,SAU,2020,62465.0
YEM,ARE,2020,62341.0
RUS,ESP,2020,62088.0
THA,AUS,2020,61584.0
ROU,ISR,2020,61479.0
DEU,GRC,2020,61383.0
PHL,KWT,2020,61167.0
HTI,FRA,2020,61043.0
AUS,GBR,2020,60469.0
KOR,AUS,2020,60355.0
NPL,QAT,2020,60083.0
IRN,TUR,2020,59906.0
ITA,ESP,2020,59746.0
LAO,BGD,2020,59746.0
USA,AUS,2020,59656.0
FRA,CAN,2020,58830.0
NPL,AUS,2020,58713.0
DEU,AUS,2020,58535.0
TKM,RUS,2020,58521.0
MAR,DEU,2020,58065.0
TUR,GBR,2020,58055.0
BGR,ESP,2020,57978.0
IND,DEU,2020,57976.0
ITA,BEL,2020,57619.0
KGZ,KAZ,2020,57214.0
COD,FRA,2020,57159.0
MLI,NER,2020,57055.0
THA,MYS,2020,56290.0
FRA,PRT,2020,56263.0
POL,FRA,2020,56060.0
THA,JPN,2020,55929.0
JOR,ARE,2020,55816.0
TKM,TUR,2020,55293.0
HTI,CAN,2020,55088.0
NER,NGA,2020,54915.0
POL,IRL,2020,54809.0
CAF,TCD,2020,54503.0
GBR,POL,2020,54151.0
GRC,AUS,2020,53994.0
IDN,AUS,2020,53973.0
AZE,TUR,2020,53954.0
IND,NZL,2020,53710.0
URY,ARG,2020,53490.0
MOZ,ZWE,2020,53086.0
IND,MYS,2020,52546.0
PAK,AFG,2020,52512.0
CHE,FRA,2020,52229.0
MWI,ZAF,2020,52178.0
DEU,POL,2020,51063.0
ZWE,MOZ,2020,51002.0
MKD,DEU,2020,50309.0
RUS,FRA,2020,49862.0
LKA,QAT,2020,49552.0
CZE,SVK,2020,49528.0
POL,SWE,2020,49381.0
TUR,BEL,2020,48984.0
CHN,IND,2020,48937.0
MLI,MRT,2020,48824.0
CHN,THA,2020,48803.0
LKA,ARE,2020,48710.0
MEX,CAN,2020,48674.0
ECU,ITA,2020,48667.0
IRQ,AUS,2020,48613.0
GEO,GRC,2020,48516.0
TGO,GHA,2020,48385.0
UZB,TUR,2020,48332.0
AZE,ARM,2020,47968.0
GUY,CAN,2020,47876.0
COG,FRA,2020,47651.0
USA,ISR,2020,47509.0
ETH,ISR,2020,47481.0
COD,BEL,2020,46945.0
RUS,CAN,2020,46695.0
MWI,ZWE,2020,46661.0
NIC,ESP,2020,46566.0
ITA,ARG,2020,46310.0
ROU,CAN,2020,46230.0
SRB,FRA,2020,46098.0
EGY,QAT,2020,45945.0
ROU,BEL,2020,45922.0
BGR,GRC,2020,45889.0
LBN,AUS,2020,45505.0
IRN,GBR,2020,45200.0
BIH,SVN,2020,45179.0
HUN,AUT,2020,45049.0
PSE,EGY,2020,44758.0
LBN,CAN,2020,44585.0
PHL,QAT,2020,44323.0
MYS,IDN,2020,44246.0
SOM,DJI,2020,44100.0
POL,BEL,2020,44091.0
PAK,QAT,2020,43984.0
SYR,CAN,2020,43857.0
UKR,CAN,2020,43825.0
UGA,RWA,2020,43695.0
PRT,ESP,2020,43422.0
LKA,ITA,2020,43382.0
NGA,BEN,2020,43352.0
COL,CAN,2020,43257.0
MOZ,PRT,2020,43136.0
DEU,BEL,2020,43096.0
PHL,NZL,2020,42937.0
AUS,NZL,2020,42490.0
ZAF,NZL,2020,42087.0
EGY,ITA,2020,41889.0
RWA,BDI,2020,41839.0
NPL,JPN,2020,41773.0
RWA,UGA,2020,41770.0
TUN,ITA,2020,41426.0
CHN,NLD,2020,41315.0
URY,ESP,2020,41189.0
BLR,POL,2020,41144.0
NGA,ITA,2020,41115.0
BRA,FRA,2020,41084.0
IRL,AUS,2020,40975.0
SYR,NLD,2020,40885.0
CAN,GBR,2020,40766.0
RUS,TKM,2020,40717.0
DEU,RUS,2020,40667.0
RUS,TUR,2020,40651.0
FJI,AUS,2020,40469.0
IRQ,CAN,2020,40185.0
ALB,MKD,2020,40073.0
PAK,OMN,2020,39816.0
MAR,CAN,2020,39775.0
TLS,IDN,2020,39480.0
POL,AUT,2020,39342.0
IRQ,ISR,2020,39312.0
TUR,CHE,2020,38950.0
MLI,FRA,2020,38943.0
ARG,ITA,2020,38385.0
IRN,SWE,2020,38146.0
PAK,AUS,2020,38087.0
GBR,ITA,2020,38039.0
AFG,SAU,2020,38031.0
NLD,CAN,2020,38028.0
BRA,PRY,2020,38004.0
MNG,KAZ,2020,37835.0
IRQ,GBR,2020,37662.0
BEN,TGO,2020,37481.0
JOR,PSE,2020,37379.0
ARG,CHL,2020,37351.0
DZA,CAN,2020,37236.0
COD,TZA,2020,37099.0
VNM,CHN,2020,37077.0
AZE,UKR,2020,37023.0
POL,NOR,2020,37013.0
GNQ,GAB,2020,36917.0
JPN,THA,2020,36880.0
NGA,CAN,2020,36698.0
ISR,PSE,2020,36594.0
COD,AGO,2020,36588.0
BGR,ITA,2020,36527.0
MYS,GBR,2020,36493.0
CPV,PRT,2020,36332.0
HND,MEX,2020,36277.0
RUS,EGY,2025,5642351.020833334
MEX,USA,2025,5132819.025364068
SYR,TUR,2025,3516954.6266182177
MYS,IDN,2025,2219624.1678004535
RUS,UKR,2025,1993688.392935846
IND,USA,2025,1505277.4443237712
CHN,USA,2025,1349080.0575336404
PHL,USA,2025,1342653.252009654
LBY,EGY,2025,1325192.0
AFG,IRN,2025,1288484.820205126
JOR,EGY,2025,1259284.5
BGD,IND,2025,1174414.5032252118
PSE,JOR,2025,1144449.577028167
POL,DEU,2025,969149.6097850328
SYR,DEU,2025,926249.5848093012
IND,ARE,2025,883480.8678304394
SYR,JOR,2025,858294.0000586701
DOM,USA,2025,827425.6901378805
SLV,USA,2025,788454.5343964136
VNM,USA,2025,787335.2434863055
UKR,RUS,2025,752530.7709714955
LBN,EGY,2025,750312.5
DZA,FRA,2025,737699.3420268224
CUB,USA,2025,727561.1120239566
KAZ,RUS,2025,708723.074932484
AFG,PAK,2025,698698.9910349188
VNM,JPN,2025,695561.1287051034
IRQ,TUR,2025,670926.6522449316
TUR,DEU,2025,657591.8061912702
RUS,DEU,2025,649071.7260288546
DEU,USA,2025,616851.2416999135
KOR,USA,2025,609543.8533396983
ROU,GBR,2025,602418.8640014924
GTM,USA,2025,593315.5321236216
HTI,BRA,2025,591052.1551724138
CHN,JPN,2025,577556.7125604417
ROU,ITA,2025,577222.634529739
COL,USA,2025,567192.2055264084
MAR,FRA,2025,565779.1598377663
IND,PAK,2025,559342.7536704935
GBR,AUS,2025,558647.1921706863
NPL,IND,2025,548609.9488086321
ZWE,ZAF,2025,547276.4023388481
IND,CAN,2025,542252.2516082311
IND,GBR,2025,524704.3108184814
ROU,DEU,2025,523849.1323581949
JAM,USA,2025,519802.13844671386
IND,AUS,2025,514231.897714498
HND,USA,2025,493361.7206427074
YEM,SAU,2025,487064.6147578946
COD,UGA,2025,484429.8589833256
MAR,ESP,2025,484006.3325711091
CAN,USA,2025,483043.1200018136
KAZ,DEU,2025,476487.8587183112
RUS,UZB,2025,464383.21425257495
BRA,USA,2025,462527.05715624493
PHL,CAN,2025,462055.95109875547
PHL,SAU,2025,453240.1236103211
MAR,EGY,2025,443682.0
COL,ESP,2025,439969.1825574596
POL,GBR,2025,437708.6469351682
CHN,AUS,2025,435626.9234501329
GBR,USA,2025,434367.695600753
HTI,CHL,2025,429967.15089514066
CHN,KOR,2025,419655.7827075077
USA,MEX,2025,410157.66953898384
CHN,CAN,2025,398227.99667569535
HTI,USA,2025,396824.529740704
RUS,KAZ,2025,389314.2815037578
UZB,KAZ,2025,379321.7876796715
PAK,IND,2025,378884.8493018654
SYR,LBN,2025,368391.7999847453
RUS,BLR,2025,366426.96744124393
UZB,RUS,2025,364335.71545616206
IND,KWT,2025,351119.0756714119
PAK,GBR,2025,349372.8880232351
AFG,TUR,2025,328026.20803970686
PSE,SYR,2025,321685.6015728926
JPN,USA,2025,314613.5328508307
EGY,ARE,2025,300062.040448352
PRT,FRA,2025,298622.49339651177
IND,NPL,2025,296519.94463851355
NZL,AUS,2025,292387.54669557564
ALB,ITA,2025,290861.0543977065
EGY,SAU,2025,290351.9383299908
NGA,USA,2025,285992.321541653
PRY,ARG,2025,283477.16417682305
ROU,ESP,2025,275893.20846941066
HND,ESP,2025,270249.02957021433
THA,KOR,2025,268990.464877193
RUS,USA,2025,266649.72882385994
PSE,LBN,2025,258813.00893803523
PER,USA,2025,250498.67587257296
PHL,JPN,2025,248861.17469342067
IDN,MYS,2025,248108.4225311372
PAK,ARE,2025,245973.96932101465
BGR,DEU,2025,240839.39557308544
MAR,ITA,2025,239100.46689401977
UKR,USA,2025,238588.37156808795
AFG,DEU,2025,237681.4503421491
PHL,AUS,2025,235496.27971564757
COL,CHL,2025,234188.0969049253
CHN,EGY,2025,232460.1666666667
ECU,USA,2025,230627.56329546575
IRQ,DEU,2025,227267.2758295295
ECU,ESP,2025,226996.9215427179
POL,USA,2025,224511.35986766615
TKM,TUR,2025,221576.73931004497
TUN,FRA,2025,217377.36357378852
UKR,ITA,2025,213713.75017215588
IRN,USA,2025,212892.65974188197
UKR,DEU,2025,212238.4689287259
PAK,USA,2025,211585.50777702904
GBR,CAN,2025,210945.52798339547
ITA,DEU,2025,208391.00629464924
CAF,COD,2025,207507.66359691697
SYR,SWE,2025,207070.07751491223
KOR,JPN,2025,206572.36905050845
MYS,BGD,2025,203266.9796877336
NIC,CRI,2025,201692.33099268764
SYR,SAU,2025,199961.5172121761
ALB,GRC,2025,195623.58523503115
BGR,TUR,2025,191235.35354505965
BGD,ARE,2025,190740.606198209
EGY,KWT,2025,190371.55311206175
BIH,HRV,2025,188937.17289525227
CZE,DEU,2025,187975.08405909353
DEU,TUR,2025,187763.99755659467
THA,USA,2025,185610.7569010879
IDN,ARE,2025,185552.2342646371
BEN,NGA,2025,185064.9903946623
DEU,CHE,2025,184611.1129580571
PER,ESP,2025,184486.1281719925
VNM,AUS,2025,182489.605355616
BOL,ARG,2025,182420.73529564333
ITA,GBR,2025,180415.5997417114
HTI,DOM,2025,180373.9800993816
SOM,KEN,2025,176898.91537315
ARG,ESP,2025,176121.1901974589
ETH,USA,2025,174816.57873418138
BGD,SAU,2025,174681.7894082138
IND,SAU,2025,174637.12040000933
PAK,SAU,2025,172080.4075095086
LAO,THA,2025,171979.71378598103
HRV,DEU,2025,170686.18243904292
KHM,THA,2025,170447.04123910525
AFG,GRC,2025,169533.36605042018
KGZ,RUS,2025,169439.11061085667
TJK,RUS,2025,168402.6996553092
CAF,CMR,2025,167881.52325356286
MDA,ITA,2025,166454.06929877345
BIH,DEU,2025,163574.77227523323
BGD,USA,2025,162807.87672135886
CHN,BGD,2025,162535.43224040067
NGA,GBR,2025,162134.40242438155
ITA,USA,2025,159785.25896300058
ITA,FRA,2025,159141.73640366463
BIH,SRB,2025,157412.96328211785
IRN,DEU,2025,156261.4331984775
BGD,GBR,2025,156075.421170487
NPL,AUS,2025,154945.00040453076
PER,CHL,2025,154910.2189653134
CHN,ITA,2025,154662.6179427926
BLR,RUS,2025,153929.03888643393
IRN,TUR,2025,153765.3213933759
IRL,GBR,2025,153481.33583021225
VNM,KOR,2025,152734.9196945761
IDN,BGD,2025,152641.89090676376
SYR,NLD,2025,152447.17054263566
PHL,ARE,2025,150787.75933537385
MOZ,ZAF,2025,150098.6659240247
GBR,POL,2025,149501.92724584482
BLR,UKR,2025,149419.41571137018
LSO,ZAF,2025,149332.54556261527
SRB,DEU,2025,149217.95305444126
EGY,JOR,2025,148845.04454238905
ESP,FRA,2025,148778.83486729453
BOL,CHL,2025,148225.36780600785
ARM,RUS,2025,147035.7068479412
GBR,IRL,2025,146748.63863163997
GUY,USA,2025,145395.23979797456
SOM,EGY,2025,142657.7656424581
AZE,RUS,2025,140504.40187588753
NPL,MYS,2025,140224.0
DEU,GBR,2025,140210.4072592448
DEU,AUT,2025,137705.6779907936
IRQ,USA,2025,137608.0375649367
GBR,ESP,2025,137177.46078974928
NPL,USA,2025,136425.1049001539
RUS,TJK,2025,136219.0436271832
NGA,NER,2025,135294.15393194588
BDI,TZA,2025,135064.80965526684
IND,OMN,2025,134897.71861825106
BRA,ESP,2025,134645.86201944653
NIC,USA,2025,131954.07360278425
SYR,IRQ,2025,131757.65899441342
PAK,CAN,2025,131588.83146470075
UGA,KEN,2025,130687.86238089016
IND,QAT,2025,130608.38435222702
IRQ,JOR,2025,130176.98818223338
GRC,DEU,2025,129932.5982818828
IDN,SAU,2025,129214.61435455308
LKA,IND,2025,127393.50942158428
GBR,NZL,2025,127047.50182277172
EGY,USA,2025,126571.3990447996
DOM,ESP,2025,126475.67592756874
KAZ,UKR,2025,126166.1309381401
MAR,BEL,2025,124949.97589792528
LKA,QAT,2025,124608.00324790664
PHL,MYS,2025,123992.00358498358
TTO,USA,2025,123930.28962743533
NIC,ESP,2025,123176.1165644172
GHA,USA,2025,122301.31541674232
SVK,CZE,2025,121864.13815854052
TUR,FRA,2025,121605.10916817273
ITA,CHE,2025,121422.03386138788
ESP,GBR,2025,121244.40256780614
CHN,ESP,2025,120676.1309862412
ETH,SAU,2025,120348.78261411937
NGA,CMR,2025,120347.56678167263
HND,MEX,2025,120031.07707041226
USA,CAN,2025,120009.94372688064
COM,FRA,2025,119948.25841145388
FRA,USA,2025,119255.6025757676
BGD,OMN,2025,118015.9944868006
ZAF,GBR,2025,117868.804655236
COD,RWA,2025,117532.03218005034
BRA,JPN,2025,117136.01641952444
GHA,NGA,2025,116911.48116487828
USA,GBR,2025,116033.57519682514
ROU,HUN,2025,115965.29153356218
BOL,ESP,2025,115852.0576100019
AUT,DEU,2025,115300.35417694051
RWA,COD,2025,114999.83388081731
HRV,SRB,2025,114925.10998651778
MYS,AUS,2025,114849.54180846208
UZB,UKR,2025,114242.9014441348
LTU,GBR,2025,113829.81559195522
POL,NLD,2025,113666.70727745288
ZAF,AUS,2025,113611.93048746284
DEU,ITA,2025,113306.97938360472
UKR,BLR,2025,113126.86398983744
CUB,ESP,2025,112837.77090975274
CHN,KAZ,2025,112797.59844648364
UZB,TUR,2025,112773.11113256734
FRA,ESP,2025,112374.7350281771
BRA,ITA,2025,112177.90100578996
HUN,DEU,2025,112172.713639393
PHL,GBR,2025,111150.86613884696
COD,BDI,2025,110922.90805410354
ARG,USA,2025,110672.85133388297
CHN,DEU,2025,110053.61903396876
AFG,USA,2025,109837.27173164008
ROU,USA,2025,109400.0657360522
IRQ,SYR,2025,109131.7422602804
AGO,PRT,2025,108044.79564454536
PRY,ESP,2025,108007.82141811948
COL,ECU,2025,107187.32402037997
SOM,YEM,2025,107164.20975594796
IND,DEU,2025,105701.9584263656
ERI,ETH,2025,105217.26522064111
TKM,KAZ,2025,104745.85563041386
NPL,JPN,2025,104678.07612477503
BIH,NLD,2025,104035.33090024332
FRA,BEL,2025,103871.53783372388
VNM,CAN,2025,103292.42533584753
AZE,TUR,2025,103217.17959082368
IRN,CAN,2025,102970.09730277088
MDG,FRA,2025,102810.6442841706
MAR,ISR,2025,102500.86212785335
TUR,NLD,2025,101552.38851542713
CHE,ITA,2025,100915.5716275739
PRT,GBR,2025,100814.68592584955
KEN,USA,2025,99699.72908258656
CHN,NZL,2025,99546.0384310618
IDN,KWT,2025,99297.00107781564
SUR,NLD,2025,99084.32746891624
BRA,PRT,2025,98853.39288528648
DEU,FRA,2025,98744.75278692944
PAK,KWT,2025,98522.77760212538
BEL,FRA,2025,96704.7650552635
FRA,CHE,2025,95905.26385319726
PHL,ITA,2025,95525.1341932564
PRT,CHE,2025,94554.04222160378
UKR,POL,2025,94152.15048377398
BIH,AUT,2025,93216.63971777709
FRA,GBR,2025,92733.75136446331
SYR,GRC,2025,92380.34444671712
CHN,GBR,2025,91571.70985040718
ITA,CAN,2025,91109.59305528233
FRA,DEU,2025,91045.9403842506
ROU,AUT,2025,91011.31623617664
DZA,EGY,2025,90738.0
IND,ITA,2025,90360.8712312289
JOR,SAU,2025,90344.31393558253
ESP,USA,2025,90331.96134440972
MWI,ZAF,2025,90308.942315985
NPL,QAT,2025,89786.77035765805
SEN,FRA,2025,89582.13587068053
ESP,DEU,2025,89224.85693970909
MAR,NLD,2025,88836.74072752331
ROU,FRA,2025,88604.3140250269
UKR,ISR,2025,88324.0706492384
ITA,ESP,2025,88266.47501298187
LAO,BGD,2025,88027.04041823876
SAU,TUR,2025,87973.43945343175
AGO,COD,2025,87113.56680480218
PAN,USA,2025,86620.6890102389
KHM,USA,2025,86246.98864576923
LAO,USA,2025,85933.79934517761
PSE,LBY,2025,85604.37339431445
THA,AUS,2025,84686.25080385852
MLI,NGA,2025,84625.34129354604
UKR,ESP,2025,83709.54750490523
JAM,CAN,2025,83665.56861639475
MDA,UKR,2025,83617.56315132335
GBR,FRA,2025,83467.00119779127
COD,COG,2025,83220.06568467518
GHA,GBR,2025,82197.8684110601
CHL,ARG,2025,81221.0686726004
SOM,ETH,2025,80556.45365978335
SYR,CAN,2025,80448.21820235059
JAM,GBR,2025,80112.95533636647
SRB,AUT,2025,79909.91188110475
FIN,SWE,2025,79203.84839844122
PER,ARG,2025,78969.99777622006
UKR,CZE,2025,78610.63334872841
LKA,AUS,2025,78206.70850832168
ZAF,USA,2025,78105.71731556985
CMR,FRA,2025,78098.12981201189
DEU,ESP,2025,77820.2426558894
TGO,BEN,2025,77722.15295969586
TGO,NGA,2025,77650.82659306371
MDA,RUS,2025,77204.89042843632
EGY,TUR,2025,77109.14932126696
LKA,GBR,2025,76787.87296948594
RUS,ISR,2025,76392.46551724139
PER,ITA,2025,76067.1853122544
YEM,EGY,2025,76036.99056603774
TUR,AUT,2025,75949.09311041026
VNM,DEU,2025,75897.72457033984
ITA,AUS,2025,75788.86502311891
POL,ITA,2025,75362.01959855742
IRQ,SWE,2025,75350.2511547344
USA,DEU,2025,75165.4215648181
SEN,GMB,2025,75142.9842791411
CHN,FRA,2025,74751.66283787906
RUS,ESP,2025,74743.96013572467
IND,BHR,2025,74232.67950477538
IND,NZL,2025,74208.05937130215
LBN,USA,2025,73331.79569556053
KOR,CAN,2025,73292.93708943912
RUS,TUR,2025,73200.61133997786
HTI,FRA,2025,73112.42493034572
FRA,ITA,2025,72939.1303775992
DEU,NLD,2025,72869.53050305827
PAK,QAT,2025,71925.94921366696
KEN,GBR,2025,71279.88466628589
LKA,CAN,2025,71050.8555324264
CHN,IDN,2025,71003.45524625268
COD,FRA,2025,70937.12749419197
KAZ,KOR,2025,70340.16584022039
ZWE,GBR,2025,70242.87772493929
VNM,FRA,2025,69781.44168021763
GEO,RUS,2025,69397.47474219256
TUR,GBR,2025,69312.36427014355
POL,CAN,2025,69311.18473449978
USA,AUS,2025,69184.26003110419
IRQ,AUS,2025,69148.63556296816
MAR,DEU,2025,68874.49389197581
RUS,ITA,2025,68511.23830676312
RUS,EST,2025,68320.8163287765
NLD,BEL,2025,67333.74011786247
PRT,USA,2025,67313.7291834779
IDN,AUS,2025,66941.30406507802
AZE,ARM,2025,66901.08522082982
TUR,USA,2025,66859.15322091471
KGZ,KAZ,2025,66825.39136470348
MLI,NER,2025,66642.23033144308
ROU,ISR,2025,66415.98764694511
SYR,EGY,2025,66162.30489499061
PHL,NZL,2025,65840.00460697833
UKR,KAZ,2025,65537.50582715092
YEM,ARE,2025,65346.20642633756
SOM,GBR,2025,65251.05266725076
UKR,UZB,2025,64678.18740631955
PHL,KWT,2025,64562.586522864534
KOR,AUS,2025,64517.56123696003
ROU,BEL,2025,64364.24380417531
ISR,USA,2025,64274.68895934251
RUS,KGZ,2025,64055.16186187076
SYR,AUT,2025,63996.514361467074
CAF,TCD,2025,63965.91319982774
BDI,RWA,2025,63927.532870559415
ARM,AZE,2025,63428.275251351195
TLS,IDN,2025,63098.95555015789
MKD,DEU,2025,62903.75487125957
RUS,LVA,2025,62761.7632792722
FRA,PRT,2025,62562.258765168575
PRT,CAN,2025,61641.85781443299
THA,JPN,2025,61460.91052166224
PSE,SAU,2025,61460.42001386132
PHL,QAT,2025,60154.58169514361
PSE,EGY,2025,59845.80761187788
BGD,KWT,2025,59821.16146596859
THA,MYS,2025,59546.04412538525
PAK,AUS,2025,59497.952052828026
VNM,CHN,2025,59482.6675176323
ESP,ROU,2025,59372.685293214614
NER,NGA,2025,59267.66292598562
GRC,USA,2025,59041.45787283107
IRL,USA,2025,58935.63339967221
DEU,GRC,2025,58631.15724200174
NGA,CAN,2025,58607.56360154924
JOR,ARE,2025,58505.64987793427
NGA,ITA,2025,58466.54532563207
HUN,AUT,2025,57783.44583013012
AUS,GBR,2025,57207.00222163118
EGY,ITA,2025,56944.51616148504
ITA,BEL,2025,56921.54583797685
HTI,CAN,2025,56890.08387229814
DEU,POL,2025,56882.34841510504
IDN,NLD,2025,56418.435889018925
COG,FRA,2025,55570.675501713165
TGO,GHA,2025,55481.7571570765
ZAF,NZL,2025,55414.220835288594
ITA,ROU,2025,55034.22997433029
BGR,ESP,2025,54995.72140963974
DEU,AUS,2025,54793.48533550822
DEU,CAN,2025,54507.0500211518
MOZ,ZWE,2025,54438.60752989356
FRA,CAN,2025,54339.99937196778
RUS,FRA,2025,54032.96989981091
MLI,MRT,2025,53289.137236492075
BGD,QAT,2025,53250.42466441421
BRA,AUS,2025,53107.59369611697
ZWE,MOZ,2025,53061.97225735384
PSE,GRC,2025,52975.10588235294
POL,SWE,2025,52778.736007099265
POL,IRL,2025,52727.19500465132
IRN,GBR,2025,52712.73027503999
IND,MYS,2025,52546.0
UKR,HUN,2025,52528.123500320544
CHE,FRA,2025,52025.79369862491
LKA,ITA,2025,52016.19424559852
GBR,ROU,2025,51903.73563218391
ERI,EGY,2025,51887.13021167415
BIH,SVN,2025,51679.71543953818
SRB,FRA,2025,51637.197871358105
MAR,TUR,2025,51400.61100984324
ETH,ISR,2025,51368.14985873132
USA,ISR,2025,51269.87736234781
POL,FRA,2025,51178.588760239065
LKA,ARE,2025,51056.87633147554
CZE,SVK,2025,50962.371379897784
TUR,BEL,2025,50677.59849620884
URY,ARG,2025,50539.27719781675
RUS,NLD,2025,50099.675151515155
BGD,ITA,2025,49871.788781838746
RWA,BDI,2025,49697.69528433126
BDI,COD,2025,49436.3653072176
AUS,NZL,2025,49319.786373818504
IRQ,CAN,2025,49216.2453140715
ECU,ITA,2025,49154.84162792628
GRC,AUS,2025,49097.35825796999
COD,BEL,2025,48614.32124500916
MEX,CAN,2025,48567.23470203563
MWI,ZWE,2025,48028.96234448072
COD,GRC,2025,48013.793103448275
MOZ,PRT,2025,47963.976284992525
CHN,NLD,2025,47751.61486599899
COL,CAN,2025,47699.80750994188
SOM,DJI,2025,47673.92263568171
RUS,CAN,2025,47552.46167099209
PAK,OMN,2025,47242.41904818666
LBN,CAN,2025,47172.98049312988
MAR,CAN,2025,47150.79501087831
IDN,JPN,2025,46961.43955029329
CMR,NGA,2025,46894.3947932114
URY,ESP,2025,46856.511751871185
UKR,CAN,2025,46695.451727407555
NGA,ISR,2025,46656.0
NGA,BEN,2025,46570.42085439588
GUY,CAN,2025,46528.05099161643
PAK,ITA,2025,46476.5314921591
LBN,AUS,2025,46395.07584244488
GEO,GRC,2025,46340.16332637713
KGZ,TUR,2025,46207.15774425713
EGY,QAT,2025,46165.04887809998
POL,BEL,2025,46117.00623902833
TUN,ITA,2025,46112.24946259674
MDA,ROU,2025,46081.324851752026
USA,BGD,2025,45938.30742333318
TKM,RUS,2025,45899.60785653975
MEX,ESP,2025,45795.31861748475
DZA,CAN,2025,45731.04970480557
MLI,FRA,2025,45665.68048780487
ROU,CAN,2025,44996.797692485845
SOM,TUR,2025,44946.173200285106
COD,ZMB,2025,44677.32442981785
