model,dependent,predictor,coefficient,std_error,t_stat,p_value,ci_lower_95,ci_upper_95,n_obs,r_squared,adj_r2,aic,bic,significant_95,year
year_1990,log_in_strength,const,-1.7123392644814448,2.3138619046740327,-0.7400352030613824,0.46031154414791586,-6.280331171026871,2.8556526420639816,176.0,0.5632084583335648,0.54500881076413,603.8104995647429,629.1743715250482,False,1990
year_1990,log_in_strength,log_population,0.7297497003245925,0.06150092008909747,11.865671265850839,5.6229191161838e-24,0.6083354946433458,0.8511639060058392,176.0,0.5632084583335648,0.54500881076413,603.8104995647429,629.1743715250482,True,1990
year_1990,log_in_strength,log_gdp_per_capita,0.4030504432870402,0.12511550776558966,3.221426747851081,0.001531844456049351,0.1560492606745241,0.6500516258995563,176.0,0.5632084583335648,0.54500881076413,603.8104995647429,629.1743715250482,True,1990
year_1990,log_in_strength,conflict_intensity,2.1491802764274435e-05,2.6935739782528238e-05,0.7978916836067376,0.42605971337379145,-3.168433582673467e-05,7.466794135528354e-05,176.0,0.5632084583335648,0.54500881076413,603.8104995647429,629.1743715250482,False,1990
year_1990,log_in_strength,unemployment,-0.013714629913423669,0.017400889729888007,-0.7881568199278473,0.43171566237999204,-0.04806720873079076,0.020637948903943423,176.0,0.5632084583335648,0.54500881076413,603.8104995647429,629.1743715250482,False,1990
year_1990,log_in_strength,education_index,0.004391446061185661,0.05413844773031457,0.08111510849112674,0.9354469632384231,-0.10248787571919032,0.11127076784156165,176.0,0.5632084583335648,0.54500881076413,603.8104995647429,629.1743715250482,False,1990
year_1990,log_in_strength,visa_openness_index,-0.006486872940607433,0.005635739954833605,-1.1510241765225233,0.2513578611248144,-0.017612867300543667,0.0046391214193288,176.0,0.5632084583335648,0.54500881076413,603.8104995647429,629.1743715250482,False,1990
year_1990,log_in_strength,climate_vulnerability,-2.4041643542242053,2.204869193638606,-1.0903886548737662,0.2771034372294895,-6.756984464701529,1.9486557562531184,176.0,0.5632084583335648,0.54500881076413,603.8104995647429,629.1743715250482,False,1990
year_1995,log_in_strength,const,0.39615562533246873,2.272364270812979,0.17433632029020457,0.8618110649194238,-4.089912266977207,4.882223517642144,176.0,0.5668694835385559,0.5488223786859957,595.5279046231931,620.8917765834983,False,1995
year_1995,log_in_strength,log_population,0.7141531624782536,0.05932167616956429,12.038654478287627,1.8254882771605347e-24,0.5970411878708264,0.8312651370856807,176.0,0.5668694835385559,0.5488223786859957,595.5279046231931,620.8917765834983,True,1995
year_1995,log_in_strength,log_gdp_per_capita,0.20077136824273878,0.12447905989491177,1.6128927099243424,0.10864470229679585,-0.044973348408553826,0.4465160848940314,176.0,0.5668694835385559,0.5488223786859957,595.5279046231931,620.8917765834983,False,1995
year_1995,log_in_strength,conflict_intensity,-0.00010016860115182643,0.00010841727720164115,-0.923917328836129,0.35685446983952174,-0.00031420438426679043,0.00011386718196313756,176.0,0.5668694835385559,0.5488223786859957,595.5279046231931,620.8917765834983,False,1995
year_1995,log_in_strength,unemployment,-0.002996182532693261,0.016257299142222372,-0.1842976810897067,0.8540022065057501,-0.03509110174716626,0.02909873668177974,176.0,0.5668694835385559,0.5488223786859957,595.5279046231931,620.8917765834983,False,1995
year_1995,log_in_strength,education_index,0.03016052950552528,0.05341396032210541,0.5646563056483067,0.5730607139734538,-0.07528851996239835,0.1356095789734489,176.0,0.5668694835385559,0.5488223786859957,595.5279046231931,620.8917765834983,False,1995
year_1995,log_in_strength,visa_openness_index,-0.003141047000490867,0.005412228231256059,-0.5803611500252455,0.5624487197090966,-0.01382578782569462,0.007543693824712885,176.0,0.5668694835385559,0.5488223786859957,595.5279046231931,620.8917765834983,False,1995
year_1995,log_in_strength,climate_vulnerability,-3.9786131055148513,2.1993605637003597,-1.8089862895517919,0.0722410237884007,-8.320558160344632,0.3633319493149285,176.0,0.5668694835385559,0.5488223786859957,595.5279046231931,620.8917765834983,False,1995
year_2000,log_in_strength,const,0.25085058947753147,2.4140174089933457,0.10391415925295133,0.9173614178021182,-4.514866830506023,5.016568009461086,176.0,0.5803824392116752,0.5628983741788283,595.425895448898,620.7897674092033,False,2000
year_2000,log_in_strength,log_population,0.7072819283605174,0.05935704691599223,11.915719617276958,4.061182588619004e-24,0.5901001253492927,0.8244637313717421,176.0,0.5803824392116752,0.5628983741788283,595.425895448898,620.7897674092033,True,2000
year_2000,log_in_strength,log_gdp_per_capita,0.22414120057391937,0.12708293912744947,1.763739508331104,0.07959356527672104,-0.026744055897760494,0.4750264570455992,176.0,0.5803824392116752,0.5628983741788283,595.425895448898,620.7897674092033,False,2000
year_2000,log_in_strength,conflict_intensity,-6.950421587572449e-06,1.859572490560688e-05,-0.37376448742134255,0.7090508018811905,-4.3661826314694296e-05,2.97609831395494e-05,176.0,0.5803824392116752,0.5628983741788283,595.425895448898,620.7897674092033,False,2000
year_2000,log_in_strength,unemployment,-0.010830285854610414,0.01689888413078636,-0.6408876332183269,0.522468956670973,-0.044191812652362765,0.02253124094314194,176.0,0.5803824392116752,0.5628983741788283,595.425895448898,620.7897674092033,False,2000
year_2000,log_in_strength,education_index,0.04980405403624327,0.05319919479807135,0.9361805986967464,0.3505239986146358,-0.055221008514565365,0.1548291165870519,176.0,0.5803824392116752,0.5628983741788283,595.425895448898,620.7897674092033,False,2000
year_2000,log_in_strength,visa_openness_index,-0.002430989059199298,0.004772497129740775,-0.5093746508615167,0.6111580563256633,-0.011852782217481289,0.006990804099082693,176.0,0.5803824392116752,0.5628983741788283,595.425895448898,620.7897674092033,False,2000
year_2000,log_in_strength,climate_vulnerability,-4.202612827940147,2.3213438133910955,-1.8104223957246692,0.07201716850074694,-8.785375407876245,0.38014975199595025,176.0,0.5803824392116752,0.5628983741788283,595.425895448898,620.7897674092033,False,2000
year_2005,log_in_strength,const,-1.633536953028437,2.4478819125837115,-0.6673266976772818,0.5054790616370426,-6.466109174505325,3.1990352684484513,176.0,0.6067956218844676,0.5904121061296537,583.8481470134395,609.2120189737448,False,2005
year_2005,log_in_strength,log_population,0.7341573270241821,0.06088615267383294,12.057870218160478,1.610931103966027e-24,0.6139567860701447,0.8543578679782196,176.0,0.6067956218844676,0.5904121061296537,583.8481470134395,609.2120189737448,True,2005
year_2005,log_in_strength,log_gdp_per_capita,0.3547596777959189,0.12775123601388078,2.7769569114569865,0.0061105198984553796,0.10255507950776283,0.606964276084075,176.0,0.6067956218844676,0.5904121061296537,583.8481470134395,609.2120189737448,True,2005
year_2005,log_in_strength,conflict_intensity,-0.00029037121669250995,0.000331202731251432,-0.8767174582025868,0.3818920361104743,-0.0009442267439934864,0.00036348431060846654,176.0,0.6067956218844676,0.5904121061296537,583.8481470134395,609.2120189737448,False,2005
year_2005,log_in_strength,unemployment,-0.008611711789147422,0.01648731980719492,-0.5223233302837583,0.602133285770893,-0.041160734394064896,0.023937310815770052,176.0,0.6067956218844676,0.5904121061296537,583.8481470134395,609.2120189737448,False,2005
year_2005,log_in_strength,education_index,0.020019179749051652,0.052494300040200344,0.3813591139175279,0.7034186638078412,-0.08361429000945736,0.12365264950756066,176.0,0.6067956218844676,0.5904121061296537,583.8481470134395,609.2120189737448,False,2005
year_2005,log_in_strength,visa_openness_index,-0.0011530067592159467,0.004107285456901859,-0.2807223338417934,0.7792687858179016,-0.009261548884007334,0.00695553536557544,176.0,0.6067956218844676,0.5904121061296537,583.8481470134395,609.2120189737448,False,2005
year_2005,log_in_strength,climate_vulnerability,-3.19931211309826,2.25416297999687,-1.4192905044970185,0.15766708056516246,-7.64944728661918,1.2508230604226598,176.0,0.6067956218844676,0.5904121061296537,583.8481470134395,609.2120189737448,False,2005
year_2010,log_in_strength,const,-3.3948381599869206,2.467515910148496,-1.3758120650912513,0.17071123713530797,-8.266171528699042,1.4764952087252006,176.0,0.6355404710339239,0.620354657327004,573.9148439274315,599.2787158877368,False,2010
year_2010,log_in_strength,log_population,0.7547575956078565,0.05788646761477254,13.038584434460178,2.703037138659951e-27,0.6404789884754936,0.8690362027402194,176.0,0.6355404710339239,0.620354657327004,573.9148439274315,599.2787158877368,True,2010
year_2010,log_in_strength,log_gdp_per_capita,0.4415134668504849,0.13856674125142723,3.186287437108487,0.0017184335897854279,0.16795705828769114,0.7150698754132787,176.0,0.6355404710339239,0.620354657327004,573.9148439274315,599.2787158877368,True,2010
year_2010,log_in_strength,conflict_intensity,1.0081013414099042e-05,0.0001354559812588221,0.07442280008910628,0.940762508587222,-0.0002573341788381097,0.0002774962056663078,176.0,0.6355404710339239,0.620354657327004,573.9148439274315,599.2787158877368,False,2010
year_2010,log_in_strength,unemployment,0.00823235007769644,0.01595616175615087,0.5159354864601438,0.6065778195017855,-0.023268068168696247,0.039732768324089125,176.0,0.6355404710339239,0.620354657327004,573.9148439274315,599.2787158877368,False,2010
year_2010,log_in_strength,education_index,0.002186103751874627,0.05200607943086427,0.04203554230194923,0.966520281021251,-0.10048352810967483,0.10485573561342408,176.0,0.6355404710339239,0.620354657327004,573.9148439274315,599.2787158877368,False,2010
year_2010,log_in_strength,visa_openness_index,0.0011689027638783012,0.0030929644551578733,0.3779231157762003,0.7059647721205836,-0.00493718186021003,0.007274987387966632,176.0,0.6355404710339239,0.620354657327004,573.9148439274315,599.2787158877368,False,2010
year_2010,log_in_strength,climate_vulnerability,-2.3212186609102794,2.2042003314590954,-1.0530887904248352,0.2938125650767283,-6.672718313577901,2.0302809917573423,176.0,0.6355404710339239,0.620354657327004,573.9148439274315,599.2787158877368,False,2010
year_2015,log_in_strength,const,-2.910313375139169,2.465779791176555,-1.1802811368449506,0.23955687373172765,-7.778219323486831,1.9575925732084931,176.0,0.6498253132944607,0.6352347013483965,574.6879801705709,600.0518521308761,False,2015
year_2015,log_in_strength,log_population,0.7806369507638811,0.05654099571007925,13.806565324153308,1.8205494107252996e-29,0.6690145543408555,0.8922593471869066,176.0,0.6498253132944607,0.6352347013483965,574.6879801705709,600.0518521308761,True,2015
year_2015,log_in_strength,log_gdp_per_capita,0.4141789521863184,0.14562306949298126,2.844185015659768,0.00500597273975223,0.12669204490524105,0.7016658594673957,176.0,0.6498253132944607,0.6352347013483965,574.6879801705709,600.0518521308761,True,2015
year_2015,log_in_strength,conflict_intensity,2.715467425262696e-05,2.2800313515121838e-05,1.1909781080254525,0.23534215715515316,-1.7857367042226076e-05,7.216671554747999e-05,176.0,0.6498253132944607,0.6352347013483965,574.6879801705709,600.0518521308761,False,2015
year_2015,log_in_strength,unemployment,0.010089150485523474,0.016314864979523884,0.6184023280723409,0.537147672116554,-0.022119414352465623,0.04229771532351257,176.0,0.6498253132944607,0.6352347013483965,574.6879801705709,600.0518521308761,False,2015
year_2015,log_in_strength,education_index,-0.03137349381314454,0.05648358136331315,-0.5554444859178502,0.5793295513955352,-0.14288254368302555,0.08013555605673646,176.0,0.6498253132944607,0.6352347013483965,574.6879801705709,600.0518521308761,False,2015
year_2015,log_in_strength,visa_openness_index,0.0028266983949409713,0.003040962422314804,0.9295407184904529,0.3539426274104088,-0.00317672458599951,0.008830121375881453,176.0,0.6498253132944607,0.6352347013483965,574.6879801705709,600.0518521308761,False,2015
year_2015,log_in_strength,climate_vulnerability,-3.600671608342326,2.2454656993852105,-1.6035299979546156,0.11069606388601504,-8.033636739276538,0.8322935225918853,176.0,0.6498253132944607,0.6352347013483965,574.6879801705709,600.0518521308761,False,2015
year_2020,log_in_strength,const,-4.406415181237305,2.377035661254739,-1.8537438260018952,0.06552926775762064,-9.099123782492908,0.28629342001829805,176.0,0.670672898139562,0.6569509355620438,569.706396335616,595.0702682959212,False,2020
year_2020,log_in_strength,log_population,0.8265742803664762,0.05609336945333981,14.735686025316168,4.4166875427348325e-32,0.7158355810706701,0.9373129796622822,176.0,0.670672898139562,0.6569509355620438,569.706396335616,595.0702682959212,True,2020
year_2020,log_in_strength,log_gdp_per_capita,0.48171542322155925,0.14824380402305665,3.2494809911019087,0.0013965858129783688,0.18905470064130353,0.774376145801815,176.0,0.670672898139562,0.6569509355620438,569.706396335616,595.0702682959212,True,2020
year_2020,log_in_strength,conflict_intensity,5.3962950980217706e-06,4.030022275760054e-05,0.13390236402611547,0.8936400514792107,-7.41638078695886e-05,8.495639806563214e-05,176.0,0.670672898139562,0.6569509355620438,569.706396335616,595.0702682959212,False,2020
year_2020,log_in_strength,unemployment,0.018938050271324086,0.016050489109144358,1.1799048703465749,0.23970609810109472,-0.012748587638467576,0.05062468818111575,176.0,0.670672898139562,0.6569509355620438,569.706396335616,595.0702682959212,False,2020
year_2020,log_in_strength,education_index,-0.016571850323900295,0.05936173367582865,-0.2791672226825165,0.7804598639687468,-0.13376290586698847,0.1006192052191879,176.0,0.670672898139562,0.6569509355620438,569.706396335616,595.0702682959212,False,2020
year_2020,log_in_strength,visa_openness_index,0.0013790045970448715,0.0029875889613963573,0.4615777521149844,0.644981246276347,-0.004519049287750639,0.007277058481840382,176.0,0.670672898139562,0.6569509355620438,569.706396335616,595.0702682959212,False,2020
year_2020,log_in_strength,climate_vulnerability,-3.2607292157963865,2.195538397074758,-1.4851615531483502,0.13937502926252462,-7.595128605875842,1.0736701742830688,176.0,0.670672898139562,0.6569509355620438,569.706396335616,595.0702682959212,False,2020
year_2025,log_in_strength,const,-7.00190086836567,2.9237456463765934,-2.394839262793994,0.017728112034060724,-12.773916226096016,-1.2298855106353246,176.0,0.6679477536352452,0.654112243370047,606.5534378538516,631.9173098141569,True,2025
year_2025,log_in_strength,log_population,0.9326217671980219,0.061724571174942844,15.109408610628318,3.9721818607288925e-33,0.8107660328551174,1.0544775015409265,176.0,0.6679477536352452,0.654112243370047,606.5534378538516,631.9173098141569,True,2025
year_2025,log_in_strength,log_gdp_per_capita,0.5627294337587492,0.1690391619415724,3.3289885449932246,0.0010712152336296115,0.22901482353134905,0.8964440439861493,176.0,0.6679477536352452,0.654112243370047,606.5534378538516,631.9173098141569,True,2025
year_2025,log_in_strength,conflict_intensity,2.2185635633886595e-05,1.5349436619426965e-05,1.4453713308153222,0.15021637383604577,-8.116994832494691e-06,5.248826610026788e-05,176.0,0.6679477536352452,0.654112243370047,606.5534378538516,631.9173098141569,False,2025
year_2025,log_in_strength,unemployment,0.03094697418826743,0.019451307294408877,1.5909971355582302,0.11349017030047713,-0.007453508620625639,0.0693474569971605,176.0,0.6679477536352452,0.654112243370047,606.5534378538516,631.9173098141569,False,2025
year_2025,log_in_strength,education_index,-1.0880362017827698,1.5216800561163433,-0.7150229756967924,0.4755873029691188,-4.0921144342174225,1.9160420306518828,176.0,0.6679477536352452,0.654112243370047,606.5534378538516,631.9173098141569,False,2025
year_2025,log_in_strength,visa_openness_index,0.003778268533131391,0.0034265641484263667,1.1026405371300412,0.2717603441107494,-0.0029864036651757186,0.0105429407314385,176.0,0.6679477536352452,0.654112243370047,606.5534378538516,631.9173098141569,False,2025
year_2025,log_in_strength,climate_vulnerability,-1.2723438161764093,2.116995993720136,-0.6010138044430383,0.5486408236328344,-5.451685956676797,2.906998324323978,176.0,0.6679477536352452,0.654112243370047,606.5534378538516,631.9173098141569,False,2025
