ISO3,Country_Name,1989,1990,1991,1992,1993,1994,1995,1996,1997,1998,1999,2000,2001,2002,2003,2004,2005,2006,2007,2008,2009,2010,2011,2012,2013,2014,2015,2016,2017,2018,2019,2020,2021,2022,2023,2024,2025
AFG,Afghanistan,5174.0,1478.0,3302.0,4276.0,3721.0,8937.0,5516.0,3177.0,6396.0,6256.0,4629.0,5235.0,3725.0,30.0,660.0,711.0,1628.0,4734.0,6848.0,5655.0,6390.0,7038.0,7423.0,7730.0,8048.0,12351.0,17285.0,17916.0,18974.0,25679.0,29903.0,20475.0,35593.0,870.0,223.0,194.0,335.0
AGO,Angola,2810.0,2558.0,516.0,2346.0,12054.0,3975.0,187.0,29.0,51.0,1066.0,2273.0,1000.0,1123.0,521.0,25.0,25.0,0.0,0.0,25.0,0.0,25.0,0.0,0.0,0.0,0.0,0.0,0.0,25.0,25.0,0.0,25.0,25.0,0.0,25.0,0.0,25.0,47.0
ARG,Argentina,0.0,0.0,0.0,0.0,0.0,0.0,0.0,0.0,0.0,0.0,0.0,0.0,0.0,0.0,0.0,0.0,0.0,0.0,0.0,0.0,0.0,0.0,0.0,0.0,0.0,0.0,0.0,0.0,0.0,0.0,0.0,0.0,0.0,0.0,0.0,0.0,114.0
ATG,Antigua & Barbuda,0.0,0.0,0.0,0.0,0.0,0.0,0.0,0.0,0.0,0.0,0.0,0.0,0.0,0.0,0.0,0.0,0.0,0.0,0.0,0.0,0.0,0.0,0.0,0.0,0.0,0.0,0.0,0.0,0.0,0.0,0.0,0.0,0.0,0.0,0.0,0.0,1.0
AUS,Australia,0.0,0.0,0.0,0.0,0.0,0.0,0.0,0.0,0.0,0.0,0.0,0.0,0.0,0.0,7927.0,0.0,0.0,0.0,0.0,0.0,0.0,0.0,0.0,0.0,0.0,0.0,0.0,0.0,0.0,0.0,0.0,0.0,0.0,0.0,0.0,0.0,0.0
AZE,Azerbaijan,0.0,0.0,35.0,2167.0,1231.0,1507.0,44.0,0.0,29.0,34.0,0.0,0.0,0.0,0.0,0.0,0.0,25.0,0.0,0.0,30.0,0.0,0.0,0.0,25.0,0.0,46.0,72.0,141.0,36.0,0.0,0.0,7646.0,40.0,308.0,462.0,0.0,4.0
BDI,Burundi,0.0,0.0,272.0,61.0,0.0,56.0,382.0,987.0,1159.0,843.0,781.0,1529.0,1246.0,1293.0,912.0,433.0,298.0,141.0,0.0,226.0,0.0,0.0,0.0,0.0,0.0,56.0,185.0,0.0,0.0,0.0,61.0,139.0,26.0,242.0,93.0,60.0,98.0
BEN,Benin,0.0,0.0,0.0,0.0,0.0,0.0,0.0,0.0,0.0,0.0,0.0,0.0,0.0,0.0,0.0,0.0,0.0,0.0,0.0,0.0,0.0,0.0,0.0,0.0,0.0,0.0,0.0,0.0,0.0,0.0,0.0,0.0,0.0,30.0,28.0,77.0,176.0
BFA,Burkina Faso,0.0,0.0,0.0,0.0,0.0,0.0,0.0,0.0,0.0,0.0,0.0,0.0,0.0,0.0,0.0,0.0,0.0,0.0,0.0,0.0,0.0,0.0,0.0,0.0,0.0,0.0,0.0,0.0,0.0,79.0,349.0,512.0,991.0,2093.0,4608.0,2199.0,4392.0
BGD,Bangladesh,26.0,45.0,25.0,0.0,0.0,0.0,0.0,0.0,0.0,0.0,0.0,0.0,0.0,0.0,0.0,0.0,62.0,57.0,0.0,0.0,0.0,0.0,0.0,0.0,0.0,0.0,0.0,41.0,47.0,0.0,0.0,0.0,0.0,0.0,0.0,0.0,49.0
BIH,Bosnia-Herzegovina,0.0,0.0,0.0,16882.0,13160.0,6936.0,8549.0,0.0,0.0,0.0,0.0,0.0,0.0,0.0,0.0,0.0,0.0,0.0,0.0,0.0,0.0,0.0,0.0,0.0,0.0,0.0,0.0,0.0,0.0,0.0,0.0,0.0,0.0,0.0,0.0,0.0,0.0
BLZ,Belize,0.0,0.0,0.0,0.0,0.0,0.0,0.0,0.0,0.0,0.0,0.0,0.0,0.0,0.0,0.0,0.0,0.0,0.0,0.0,0.0,0.0,0.0,0.0,0.0,0.0,0.0,0.0,0.0,0.0,0.0,0.0,0.0,0.0,0.0,0.0,0.0,13.0
BRA,Brazil,0.0,0.0,0.0,0.0,0.0,0.0,0.0,0.0,0.0,0.0,0.0,0.0,0.0,0.0,0.0,0.0,0.0,0.0,0.0,0.0,0.0,0.0,0.0,0.0,0.0,0.0,0.0,0.0,0.0,0.0,0.0,0.0,0.0,0.0,0.0,0.0,681.0
BRB,Barbados,0.0,0.0,0.0,0.0,0.0,0.0,0.0,0.0,0.0,0.0,0.0,0.0,0.0,0.0,0.0,0.0,0.0,0.0,0.0,0.0,0.0,0.0,0.0,0.0,0.0,0.0,0.0,0.0,0.0,0.0,0.0,0.0,0.0,0.0,0.0,0.0,3.0
CAF,Central African Republic,0.0,0.0,0.0,0.0,0.0,0.0,0.0,0.0,0.0,0.0,0.0,0.0,195.0,131.0,0.0,0.0,0.0,46.0,0.0,0.0,28.0,25.0,44.0,45.0,376.0,136.0,27.0,0.0,35.0,103.0,51.0,57.0,906.0,675.0,261.0,177.0,517.0
CHN,China,0.0,0.0,0.0,0.0,0.0,0.0,0.0,0.0,0.0,0.0,0.0,0.0,0.0,0.0,0.0,0.0,0.0,0.0,0.0,36.0,0.0,0.0,0.0,0.0,0.0,0.0,0.0,0.0,0.0,0.0,0.0,25.0,0.0,0.0,0.0,0.0,0.0
CIV,Ivory Coast,0.0,0.0,0.0,0.0,0.0,0.0,0.0,0.0,0.0,0.0,0.0,0.0,0.0,661.0,140.0,47.0,0.0,0.0,0.0,0.0,0.0,0.0,98.0,0.0,0.0,0.0,0.0,0.0,0.0,0.0,0.0,0.0,0.0,0.0,0.0,0.0,15.0
CMR,Cameroon,0.0,0.0,0.0,0.0,0.0,0.0,0.0,56.0,0.0,0.0,0.0,0.0,0.0,0.0,0.0,0.0,0.0,0.0,0.0,0.0,0.0,0.0,0.0,0.0,0.0,0.0,995.0,221.0,98.0,754.0,693.0,429.0,581.0,406.0,359.0,231.0,435.0
COD,DR Congo (Zaire),0.0,0.0,0.0,0.0,0.0,0.0,0.0,1288.0,4465.0,3343.0,2953.0,1294.0,454.0,0.0,0.0,0.0,34.0,182.0,632.0,736.0,0.0,0.0,82.0,734.0,1474.0,146.0,0.0,506.0,3491.0,817.0,514.0,986.0,1017.0,1458.0,550.0,1054.0,9382.0
COG,Congo,0.0,0.0,0.0,0.0,53.0,0.0,0.0,0.0,10033.0,3272.0,626.0,0.0,0.0,167.0,0.0,0.0,0.0,0.0,0.0,0.0,0.0,0.0,0.0,0.0,0.0,0.0,0.0,73.0,0.0,0.0,0.0,0.0,0.0,0.0,0.0,0.0,0.0
COL,Colombia,238.0,501.0,725.0,1479.0,182.0,1123.0,823.0,1192.0,560.0,939.0,1578.0,1879.0,1864.0,3387.0,2086.0,1360.0,1561.0,503.0,318.0,282.0,379.0,419.0,202.0,211.0,140.0,119.0,134.0,30.0,0.0,131.0,117.0,28.0,113.0,122.0,89.0,225.0,1151.0
COM,Comoros,29.0,0.0,0.0,0.0,0.0,0.0,0.0,0.0,56.0,0.0,0.0,0.0,0.0,0.0,0.0,0.0,0.0,0.0,0.0,0.0,0.0,0.0,0.0,0.0,0.0,0.0,0.0,0.0,0.0,0.0,0.0,0.0,0.0,0.0,0.0,0.0,0.0
CRI,Costa Rica,0.0,0.0,0.0,0.0,0.0,0.0,0.0,0.0,0.0,0.0,0.0,0.0,0.0,0.0,0.0,0.0,0.0,0.0,0.0,0.0,0.0,0.0,0.0,0.0,0.0,0.0,0.0,0.0,0.0,0.0,0.0,0.0,0.0,0.0,0.0,0.0,447.0
DJI,Djibouti,0.0,0.0,60.0,129.0,33.0,39.0,0.0,0.0,0.0,0.0,25.0,0.0,0.0,0.0,0.0,0.0,0.0,0.0,0.0,35.0,0.0,0.0,0.0,0.0,0.0,0.0,0.0,0.0,0.0,0.0,0.0,0.0,0.0,0.0,0.0,0.0,0.0
DOM,Dominican Republic,0.0,0.0,0.0,0.0,0.0,0.0,0.0,0.0,0.0,0.0,0.0,0.0,0.0,0.0,0.0,0.0,0.0,0.0,0.0,0.0,0.0,0.0,0.0,0.0,0.0,0.0,0.0,0.0,0.0,0.0,0.0,0.0,0.0,0.0,0.0,0.0,46.0
DZA,Algeria,0.0,0.0,34.0,257.0,800.0,1916.0,3008.0,1084.0,1403.0,3029.0,1031.0,947.0,642.0,539.0,670.0,451.0,229.0,255.0,472.0,339.0,505.0,236.0,267.0,256.0,147.0,107.0,110.0,86.0,60.0,33.0,0.0,26.0,0.0,0.0,0.0,0.0,40.0
ECU,Ecuador,0.0,0.0,0.0,0.0,0.0,0.0,99.0,0.0,0.0,0.0,0.0,0.0,0.0,0.0,0.0,0.0,0.0,0.0,0.0,0.0,0.0,0.0,0.0,0.0,0.0,0.0,0.0,0.0,0.0,0.0,0.0,0.0,0.0,0.0,0.0,0.0,520.0
EGY,Egypt,0.0,0.0,0.0,0.0,103.0,145.0,191.0,85.0,66.0,27.0,0.0,0.0,0.0,0.0,0.0,0.0,0.0,0.0,0.0,0.0,0.0,0.0,0.0,0.0,0.0,184.0,767.0,355.0,497.0,680.0,637.0,527.0,112.0,231.0,0.0,0.0,4.0
ERI,Eritrea,0.0,0.0,0.0,0.0,0.0,0.0,0.0,0.0,31.0,1000.0,47217.0,50000.0,0.0,0.0,57.0,0.0,0.0,0.0,0.0,35.0,0.0,0.0,0.0,0.0,0.0,0.0,0.0,25.0,0.0,0.0,0.0,0.0,0.0,0.0,0.0,0.0,0.0
ESP,Spain,0.0,0.0,45.0,0.0,0.0,0.0,0.0,0.0,0.0,0.0,0.0,0.0,0.0,0.0,0.0,0.0,0.0,0.0,0.0,0.0,0.0,0.0,0.0,0.0,0.0,0.0,0.0,0.0,0.0,0.0,0.0,0.0,0.0,0.0,0.0,0.0,0.0
ETH,Ethiopia,24358.0,49698.0,12225.0,165.0,36.0,75.0,25.0,236.0,0.0,1050.0,47925.0,50050.0,50.0,50.0,50.0,50.0,83.0,50.0,177.0,50.0,515.0,151.0,50.0,50.0,77.0,25.0,50.0,75.0,0.0,0.0,67.0,20916.0,124549.0,163219.0,1682.0,2824.0,4012.0
GBR,United Kingdom,38.0,44.0,26.0,0.0,0.0,0.0,0.0,0.0,0.0,29.0,0.0,0.0,1397.0,0.0,7927.0,0.0,0.0,0.0,0.0,0.0,0.0,0.0,0.0,0.0,0.0,0.0,0.0,0.0,0.0,0.0,0.0,0.0,0.0,0.0,0.0,117.0,0.0
GEO,Georgia,0.0,0.0,52.0,771.0,1763.0,0.0,0.0,0.0,0.0,0.0,0.0,0.0,0.0,0.0,0.0,27.0,0.0,0.0,0.0,621.0,0.0,0.0,0.0,0.0,0.0,0.0,0.0,0.0,0.0,0.0,0.0,0.0,0.0,0.0,0.0,0.0,0.0
GHA,Ghana,0.0,0.0,0.0,0.0,0.0,0.0,0.0,0.0,0.0,0.0,0.0,0.0,0.0,0.0,0.0,0.0,0.0,0.0,0.0,0.0,0.0,0.0,0.0,0.0,0.0,0.0,0.0,0.0,0.0,0.0,0.0,0.0,0.0,0.0,0.0,0.0,113.0
GIN,Guinea,0.0,0.0,0.0,0.0,0.0,0.0,0.0,0.0,0.0,0.0,0.0,217.0,432.0,0.0,0.0,0.0,0.0,0.0,0.0,0.0,0.0,0.0,0.0,0.0,0.0,0.0,0.0,0.0,0.0,0.0,0.0,0.0,0.0,0.0,0.0,0.0,1.0
GNB,Guinea-Bissau,0.0,0.0,0.0,0.0,0.0,0.0,0.0,0.0,0.0,505.0,199.0,0.0,0.0,0.0,0.0,0.0,0.0,0.0,0.0,0.0,0.0,0.0,0.0,0.0,0.0,0.0,0.0,0.0,0.0,0.0,0.0,0.0,0.0,0.0,0.0,0.0,0.0
GTM,Guatemala,82.0,83.0,72.0,67.0,58.0,37.0,27.0,0.0,0.0,0.0,0.0,0.0,0.0,0.0,0.0,0.0,0.0,0.0,0.0,0.0,0.0,0.0,0.0,0.0,0.0,0.0,0.0,0.0,0.0,0.0,0.0,0.0,0.0,0.0,0.0,0.0,26.0
HND,Honduras,0.0,0.0,0.0,0.0,0.0,0.0,0.0,0.0,0.0,0.0,0.0,0.0,0.0,0.0,0.0,0.0,0.0,0.0,0.0,0.0,0.0,0.0,0.0,0.0,0.0,0.0,0.0,0.0,0.0,0.0,0.0,0.0,0.0,0.0,0.0,0.0,11.0
HRV,Croatia,0.0,0.0,0.0,4034.0,418.0,86.0,1132.0,0.0,0.0,0.0,0.0,0.0,0.0,0.0,0.0,0.0,0.0,0.0,0.0,0.0,0.0,0.0,0.0,0.0,0.0,0.0,0.0,0.0,0.0,0.0,0.0,0.0,0.0,0.0,0.0,0.0,0.0
HTI,Haiti,48.0,0.0,160.0,0.0,0.0,0.0,0.0,0.0,0.0,0.0,0.0,0.0,0.0,0.0,0.0,207.0,0.0,0.0,0.0,0.0,0.0,0.0,0.0,0.0,0.0,0.0,0.0,0.0,0.0,0.0,0.0,0.0,0.0,0.0,0.0,193.0,1748.0
IDN,Indonesia,0.0,72.0,58.0,39.0,0.0,0.0,0.0,0.0,51.0,30.0,213.0,286.0,278.0,466.0,868.0,935.0,213.0,0.0,0.0,0.0,0.0,0.0,0.0,0.0,0.0,0.0,0.0,0.0,0.0,28.0,34.0,31.0,51.0,46.0,59.0,57.0,152.0
IND,India,1002.0,2396.0,3180.0,3078.0,1503.0,1214.0,836.0,838.0,999.0,933.0,2073.0,3015.0,1336.0,2033.0,1875.0,1667.0,1382.0,1373.0,1086.0,1083.0,1115.0,1028.0,439.0,416.0,420.0,491.0,535.0,697.0,757.0,851.0,647.0,651.0,431.0,310.0,215.0,437.0,675.0
IRN,Iran,0.0,31.0,45.0,0.0,186.0,0.0,0.0,27.0,38.0,0.0,28.0,40.0,119.0,0.0,0.0,0.0,28.0,57.0,86.0,121.0,133.0,74.0,242.0,0.0,0.0,0.0,0.0,30.0,27.0,183.0,169.0,496.0,196.0,56.0,194.0,662.0,1310.0
IRQ,Iraq,50.0,1152.0,23274.0,306.0,75.0,34.0,587.0,398.0,0.0,0.0,0.0,0.0,0.0,0.0,7927.0,4094.0,2608.0,3923.0,2212.0,2112.0,1036.0,989.0,864.0,565.0,1870.0,13797.0,10982.0,9775.0,10012.0,866.0,498.0,674.0,707.0,340.0,203.0,217.0,143.0
ISR,Israel,54.0,71.0,56.0,120.0,171.0,126.0,108.0,162.0,88.0,54.0,41.0,104.0,244.0,613.0,308.0,386.0,123.0,1649.0,276.0,668.0,696.0,27.0,78.0,235.0,0.0,2378.0,0.0,0.0,0.0,164.0,188.0,461.0,435.0,140.0,26995.0,26376.0,14522.0
JAM,Jamaica,0.0,0.0,0.0,0.0,0.0,0.0,0.0,0.0,0.0,0.0,0.0,0.0,0.0,0.0,0.0,0.0,0.0,0.0,0.0,0.0,0.0,0.0,0.0,0.0,0.0,0.0,0.0,0.0,0.0,0.0,0.0,0.0,0.0,0.0,0.0,0.0,9.0
JOR,Jordan,0.0,0.0,0.0,0.0,0.0,0.0,0.0,0.0,0.0,0.0,0.0,0.0,0.0,0.0,0.0,0.0,0.0,0.0,0.0,0.0,0.0,0.0,0.0,0.0,0.0,0.0,0.0,34.0,0.0,0.0,0.0,0.0,0.0,0.0,0.0,0.0,0.0
KEN,Kenya,0.0,0.0,0.0,0.0,0.0,0.0,0.0,0.0,0.0,0.0,0.0,0.0,0.0,0.0,0.0,0.0,0.0,0.0,0.0,0.0,0.0,0.0,0.0,0.0,0.0,0.0,42.0,49.0,85.0,69.0,61.0,94.0,78.0,72.0,196.0,52.0,89.0
KGZ,Kyrgyzstan,0.0,0.0,0.0,0.0,0.0,0.0,0.0,0.0,0.0,0.0,0.0,0.0,0.0,0.0,0.0,0.0,0.0,0.0,0.0,0.0,0.0,0.0,0.0,0.0,0.0,0.0,0.0,0.0,0.0,0.0,0.0,0.0,56.0,150.0,0.0,0.0,0.0
KHM,Cambodia (Kampuchea),818.0,274.0,220.0,118.0,274.0,464.0,694.0,788.0,415.0,246.0,0.0,0.0,0.0,0.0,0.0,0.0,0.0,0.0,0.0,0.0,0.0,0.0,29.0,0.0,0.0,0.0,0.0,0.0,0.0,0.0,0.0,0.0,0.0,0.0,0.0,0.0,23.0
KWT,Kuwait,0.0,1058.0,21790.0,0.0,0.0,0.0,0.0,0.0,0.0,0.0,0.0,0.0,0.0,0.0,0.0,0.0,0.0,0.0,0.0,0.0,0.0,0.0,0.0,0.0,0.0,0.0,0.0,0.0,0.0,0.0,0.0,0.0,0.0,0.0,0.0,0.0,0.0
LAO,Laos,30.0,249.0,0.0,0.0,0.0,0.0,0.0,0.0,0.0,0.0,0.0,0.0,0.0,0.0,0.0,0.0,0.0,0.0,0.0,0.0,0.0,0.0,0.0,0.0,0.0,0.0,0.0,0.0,0.0,0.0,0.0,0.0,0.0,0.0,0.0,0.0,0.0
LBN,Lebanon,711.0,700.0,0.0,0.0,0.0,0.0,0.0,0.0,0.0,0.0,0.0,0.0,0.0,0.0,0.0,0.0,0.0,0.0,0.0,0.0,0.0,0.0,0.0,0.0,0.0,126.0,76.0,0.0,70.0,0.0,0.0,0.0,0.0,0.0,0.0,0.0,349.0
LBR,Liberia,27.0,347.0,0.0,0.0,0.0,0.0,0.0,0.0,0.0,0.0,0.0,57.0,341.0,492.0,1787.0,0.0,0.0,0.0,0.0,0.0,0.0,0.0,0.0,0.0,0.0,0.0,0.0,0.0,0.0,0.0,0.0,0.0,0.0,0.0,0.0,0.0,4.0
LBY,Libya,0.0,0.0,0.0,0.0,0.0,0.0,0.0,0.0,0.0,0.0,0.0,0.0,0.0,0.0,0.0,0.0,0.0,0.0,0.0,0.0,0.0,0.0,3762.0,0.0,31.0,274.0,274.0,1678.0,404.0,44.0,1631.0,668.0,0.0,0.0,0.0,0.0,80.0
LKA,Sri Lanka,533.0,3622.0,6432.0,4091.0,2075.0,657.0,4755.0,3868.0,2880.0,3762.0,1882.0,2525.0,1144.0,0.0,29.0,0.0,88.0,1970.0,2494.0,8262.0,10165.0,0.0,0.0,0.0,0.0,0.0,0.0,0.0,0.0,0.0,0.0,0.0,0.0,0.0,0.0,0.0,0.0
LSO,Lesotho,0.0,0.0,0.0,0.0,0.0,0.0,0.0,0.0,0.0,78.0,0.0,0.0,0.0,0.0,0.0,0.0,0.0,0.0,0.0,0.0,0.0,0.0,0.0,0.0,0.0,0.0,0.0,0.0,0.0,0.0,0.0,0.0,0.0,0.0,0.0,0.0,0.0
MAR,Morocco,207.0,0.0,0.0,0.0,0.0,0.0,0.0,0.0,0.0,0.0,0.0,0.0,0.0,0.0,0.0,0.0,0.0,0.0,0.0,0.0,0.0,0.0,0.0,0.0,0.0,0.0,0.0,0.0,0.0,0.0,0.0,0.0,0.0,0.0,0.0,0.0,10.0
MDA,Moldova,0.0,0.0,0.0,585.0,0.0,0.0,0.0,0.0,0.0,0.0,0.0,0.0,0.0,0.0,0.0,0.0,0.0,0.0,0.0,0.0,0.0,0.0,0.0,0.0,0.0,0.0,0.0,0.0,0.0,0.0,0.0,0.0,0.0,0.0,0.0,0.0,0.0
MEX,Mexico,0.0,0.0,0.0,0.0,0.0,145.0,0.0,37.0,0.0,0.0,0.0,0.0,0.0,0.0,0.0,0.0,0.0,0.0,0.0,0.0,0.0,0.0,0.0,0.0,0.0,0.0,0.0,0.0,0.0,0.0,0.0,0.0,0.0,0.0,0.0,0.0,4590.0
MKD,North Macedonia,0.0,0.0,0.0,0.0,0.0,0.0,0.0,0.0,0.0,0.0,0.0,0.0,72.0,0.0,0.0,0.0,0.0,0.0,0.0,0.0,0.0,0.0,0.0,0.0,0.0,0.0,0.0,0.0,0.0,0.0,0.0,0.0,0.0,0.0,0.0,0.0,0.0
MLI,Mali,0.0,457.0,59.0,0.0,0.0,106.0,0.0,0.0,0.0,0.0,0.0,0.0,0.0,0.0,0.0,0.0,0.0,0.0,39.0,112.0,126.0,0.0,0.0,218.0,836.0,189.0,172.0,97.0,359.0,521.0,603.0,583.0,726.0,1440.0,1238.0,1011.0,2168.0
MLT,Malta,0.0,0.0,0.0,0.0,0.0,0.0,0.0,0.0,0.0,0.0,0.0,0.0,0.0,0.0,0.0,0.0,0.0,0.0,0.0,0.0,0.0,0.0,0.0,0.0,0.0,0.0,0.0,0.0,0.0,0.0,0.0,0.0,0.0,0.0,0.0,0.0,0.0
MMR,Myanmar (Burma),1498.0,555.0,777.0,1617.0,130.0,685.0,317.0,229.0,323.0,61.0,25.0,226.0,215.0,294.0,38.0,27.0,142.0,244.0,348.0,64.0,195.0,157.0,713.0,702.0,278.0,187.0,634.0,118.0,517.0,99.0,558.0,170.0,1031.0,2038.0,2442.0,2334.0,2319.0
MOZ,Mozambique,1149.0,1577.0,1326.0,309.0,0.0,0.0,0.0,0.0,0.0,0.0,0.0,0.0,0.0,0.0,0.0,0.0,0.0,0.0,0.0,0.0,0.0,0.0,0.0,0.0,42.0,30.0,0.0,55.0,0.0,51.0,291.0,939.0,867.0,378.0,176.0,151.0,605.0
MRT,Mauritania,0.0,0.0,0.0,0.0,0.0,0.0,0.0,0.0,0.0,0.0,0.0,0.0,0.0,0.0,0.0,0.0,0.0,0.0,0.0,0.0,0.0,29.0,0.0,0.0,0.0,0.0,0.0,0.0,0.0,0.0,0.0,0.0,0.0,0.0,0.0,0.0,0.0
MWI,Malawi,0.0,0.0,0.0,0.0,0.0,0.0,0.0,0.0,0.0,0.0,0.0,0.0,0.0,0.0,0.0,0.0,0.0,0.0,0.0,0.0,0.0,0.0,0.0,0.0,0.0,0.0,0.0,0.0,0.0,0.0,0.0,0.0,0.0,0.0,0.0,0.0,1.0
MYS,Malaysia,0.0,0.0,0.0,0.0,0.0,0.0,0.0,0.0,0.0,0.0,0.0,0.0,0.0,0.0,0.0,0.0,0.0,0.0,0.0,0.0,0.0,0.0,0.0,0.0,70.0,0.0,0.0,0.0,0.0,0.0,0.0,0.0,0.0,0.0,0.0,0.0,3.0
NER,Niger,0.0,0.0,40.0,29.0,0.0,50.0,34.0,0.0,62.0,0.0,0.0,0.0,0.0,0.0,0.0,0.0,0.0,0.0,81.0,47.0,0.0,0.0,0.0,0.0,0.0,0.0,171.0,274.0,229.0,74.0,283.0,512.0,456.0,488.0,295.0,925.0,1338.0
NGA,Nigeria,0.0,0.0,0.0,0.0,0.0,0.0,0.0,56.0,0.0,0.0,0.0,0.0,0.0,0.0,0.0,151.0,0.0,0.0,0.0,0.0,405.0,0.0,325.0,811.0,1629.0,4788.0,4766.0,2451.0,1879.0,1171.0,1341.0,2024.0,2002.0,1563.0,2125.0,1582.0,6463.0
NIC,Nicaragua,526.0,39.0,0.0,0.0,0.0,0.0,0.0,0.0,0.0,0.0,0.0,0.0,0.0,0.0,0.0,0.0,0.0,0.0,0.0,0.0,0.0,0.0,0.0,0.0,0.0,0.0,0.0,0.0,0.0,0.0,0.0,0.0,0.0,0.0,0.0,0.0,0.0
NPL,Nepal,0.0,0.0,0.0,0.0,0.0,0.0,0.0,44.0,40.0,250.0,156.0,268.0,429.0,3946.0,1341.0,1880.0,1104.0,457.0,0.0,0.0,0.0,0.0,0.0,0.0,0.0,0.0,0.0,0.0,0.0,0.0,0.0,0.0,0.0,0.0,0.0,0.0,0.0
PAK,Pakistan,25.0,98.0,99.0,25.0,0.0,80.0,52.0,77.0,127.0,147.0,934.0,225.0,48.0,212.0,237.0,43.0,0.0,200.0,668.0,3195.0,6384.0,5574.0,2640.0,2791.0,1805.0,3086.0,2124.0,788.0,737.0,327.0,378.0,468.0,414.0,677.0,1068.0,1665.0,3351.0
PAN,Panama,920.0,0.0,0.0,0.0,0.0,0.0,0.0,0.0,0.0,0.0,0.0,0.0,0.0,0.0,0.0,0.0,0.0,0.0,0.0,0.0,0.0,0.0,0.0,0.0,0.0,0.0,0.0,0.0,0.0,0.0,0.0,0.0,0.0,0.0,0.0,0.0,0.0
PER,Peru,1827.0,1099.0,1138.0,1042.0,672.0,253.0,277.0,80.0,93.0,25.0,75.0,0.0,0.0,0.0,0.0,0.0,0.0,0.0,32.0,40.0,50.0,28.0,0.0,0.0,0.0,0.0,0.0,0.0,0.0,0.0,0.0,0.0,0.0,0.0,0.0,0.0,21.0
PHL,Philippines,937.0,1316.0,1514.0,430.0,253.0,265.0,152.0,180.0,302.0,93.0,199.0,1567.0,1001.0,662.0,1051.0,339.0,470.0,360.0,439.0,481.0,894.0,332.0,350.0,295.0,514.0,470.0,572.0,550.0,1624.0,420.0,309.0,348.0,266.0,219.0,243.0,176.0,151.0
PNG,Papua New Guinea,0.0,55.0,0.0,35.0,34.0,26.0,29.0,78.0,0.0,0.0,0.0,0.0,0.0,0.0,0.0,0.0,0.0,0.0,0.0,0.0,0.0,0.0,0.0,0.0,0.0,0.0,0.0,0.0,0.0,0.0,0.0,0.0,0.0,0.0,0.0,0.0,78.0
PRY,Paraguay,150.0,0.0,0.0,0.0,0.0,0.0,0.0,0.0,0.0,0.0,0.0,0.0,0.0,0.0,0.0,0.0,0.0,0.0,0.0,0.0,0.0,0.0,0.0,0.0,0.0,0.0,0.0,0.0,0.0,0.0,0.0,0.0,0.0,0.0,0.0,0.0,0.0
QAT,Qatar,0.0,0.0,0.0,0.0,0.0,0.0,0.0,0.0,0.0,0.0,0.0,0.0,0.0,0.0,0.0,0.0,0.0,0.0,0.0,0.0,0.0,0.0,0.0,0.0,0.0,0.0,0.0,0.0,0.0,0.0,0.0,0.0,0.0,0.0,0.0,0.0,6.0
ROU,Romania,249.0,0.0,0.0,0.0,0.0,0.0,0.0,0.0,0.0,0.0,0.0,0.0,0.0,0.0,0.0,0.0,0.0,0.0,0.0,0.0,0.0,0.0,0.0,0.0,0.0,0.0,0.0,0.0,0.0,0.0,0.0,0.0,0.0,0.0,0.0,0.0,0.0
RUS,Russia (Soviet Union),0.0,192.0,220.0,0.0,145.0,229.0,1754.0,2721.0,0.0,0.0,5854.0,2907.0,791.0,1289.0,480.0,1151.0,682.0,259.0,176.0,404.0,697.0,418.0,359.0,516.0,321.0,173.0,85.0,69.0,53.0,30.0,26.0,30.0,0.0,91502.0,75277.0,75767.0,3468.0
RWA,Rwanda,0.0,1126.0,153.0,87.0,353.0,1882.0,0.0,124.0,1086.0,1096.0,315.0,155.0,2044.0,83.0,0.0,0.0,0.0,0.0,0.0,0.0,1807.0,208.0,116.0,83.0,0.0,0.0,0.0,136.0,0.0,0.0,226.0,134.0,0.0,25.0,132.0,44.0,6.0
SAU,Saudi Arabia,0.0,0.0,0.0,0.0,0.0,0.0,0.0,0.0,0.0,0.0,0.0,0.0,0.0,0.0,0.0,0.0,0.0,0.0,0.0,0.0,0.0,0.0,0.0,0.0,0.0,0.0,0.0,0.0,0.0,0.0,0.0,0.0,0.0,0.0,0.0,0.0,6.0
SDN,Sudan,4253.0,4335.0,1317.0,1083.0,942.0,337.0,1000.0,2289.0,3709.0,4891.0,1408.0,2841.0,3408.0,2021.0,1999.0,3278.0,161.0,1002.0,217.0,598.0,353.0,1010.0,1404.0,1540.0,594.0,856.0,1264.0,1309.0,160.0,243.0,0.0,45.0,31.0,47.0,5353.0,4684.0,16314.0
SEN,Senegal,0.0,58.0,0.0,78.0,233.0,0.0,299.0,0.0,319.0,242.0,0.0,47.0,33.0,0.0,39.0,0.0,0.0,0.0,0.0,0.0,0.0,0.0,25.0,0.0,0.0,0.0,0.0,0.0,0.0,0.0,0.0,0.0,0.0,0.0,0.0,0.0,0.0
SLE,Sierra Leone,0.0,0.0,552.0,218.0,415.0,628.0,1472.0,570.0,748.0,3287.0,3153.0,382.0,48.0,0.0,0.0,0.0,0.0,0.0,0.0,0.0,0.0,0.0,0.0,0.0,0.0,0.0,0.0,0.0,0.0,0.0,0.0,0.0,0.0,0.0,0.0,0.0,0.0
SLV,El Salvador,4924.0,849.0,88.0,0.0,0.0,0.0,0.0,0.0,0.0,0.0,0.0,0.0,0.0,0.0,0.0,0.0,0.0,0.0,0.0,0.0,0.0,0.0,0.0,0.0,0.0,0.0,0.0,0.0,0.0,0.0,0.0,0.0,0.0,0.0,0.0,0.0,0.0
SOM,Somalia,379.0,2710.0,8005.0,1154.0,25.0,237.0,104.0,256.0,0.0,0.0,0.0,0.0,228.0,114.0,0.0,0.0,0.0,547.0,1546.0,1491.0,1467.0,2150.0,1938.0,2646.0,940.0,1153.0,1206.0,1933.0,1918.0,2204.0,1943.0,1942.0,2172.0,3034.0,3859.0,2298.0,3723.0
SRB,Serbia (Yugoslavia),0.0,0.0,3022.0,153.0,0.0,0.0,0.0,0.0,0.0,1235.0,1404.0,0.0,0.0,0.0,0.0,0.0,0.0,0.0,0.0,0.0,0.0,0.0,0.0,0.0,0.0,0.0,0.0,0.0,0.0,0.0,0.0,0.0,0.0,0.0,0.0,0.0,0.0
SSD,South Sudan,0.0,0.0,0.0,0.0,0.0,0.0,0.0,0.0,0.0,0.0,0.0,0.0,0.0,0.0,0.0,0.0,0.0,0.0,0.0,0.0,0.0,0.0,216.0,504.0,926.0,1667.0,493.0,735.0,484.0,526.0,110.0,58.0,188.0,0.0,0.0,0.0,1287.0
SWE,Sweden,0.0,0.0,0.0,0.0,0.0,0.0,0.0,0.0,0.0,0.0,0.0,0.0,0.0,0.0,0.0,0.0,0.0,0.0,0.0,0.0,0.0,0.0,0.0,0.0,0.0,0.0,0.0,0.0,0.0,0.0,0.0,0.0,0.0,0.0,0.0,0.0,9.0
SWZ,Kingdom of eSwatini (Swaziland),0.0,0.0,0.0,0.0,0.0,0.0,0.0,0.0,0.0,0.0,0.0,0.0,0.0,0.0,0.0,0.0,0.0,0.0,0.0,0.0,0.0,0.0,0.0,0.0,0.0,0.0,0.0,0.0,0.0,0.0,0.0,0.0,0.0,0.0,0.0,0.0,6.0
SYR,Syria,0.0,0.0,0.0,0.0,0.0,0.0,0.0,0.0,0.0,0.0,0.0,0.0,0.0,0.0,0.0,0.0,0.0,0.0,0.0,0.0,0.0,0.0,1203.0,50490.0,72016.0,65345.0,50181.0,43650.0,24126.0,13072.0,7379.0,4589.0,1356.0,911.0,1500.0,2166.0,6219.0
TCD,Chad,315.0,1352.0,68.0,899.0,120.0,156.0,0.0,0.0,97.0,34.0,394.0,989.0,226.0,294.0,37.0,0.0,100.0,1250.0,69.0,991.0,131.0,42.0,0.0,0.0,0.0,0.0,272.0,0.0,57.0,150.0,144.0,196.0,486.0,35.0,61.0,0.0,217.0
TGO,Togo,0.0,0.0,0.0,0.0,0.0,0.0,0.0,0.0,0.0,0.0,0.0,0.0,0.0,0.0,0.0,0.0,0.0,0.0,0.0,0.0,0.0,0.0,0.0,0.0,0.0,0.0,0.0,0.0,0.0,0.0,0.0,0.0,0.0,34.0,29.0,46.0,13.0
THA,Thailand,0.0,0.0,0.0,0.0,0.0,0.0,0.0,0.0,0.0,0.0,0.0,0.0,0.0,0.0,26.0,164.0,205.0,212.0,197.0,130.0,138.0,76.0,172.0,131.0,189.0,68.0,57.0,50.0,43.0,36.0,55.0,46.0,38.0,29.0,30.0,35.0,172.0
TJK,Tajikistan,0.0,0.0,0.0,3355.0,1395.0,356.0,368.0,2790.0,87.0,600.0,0.0,46.0,0.0,0.0,0.0,0.0,0.0,0.0,0.0,0.0,0.0,98.0,28.0,0.0,0.0,0.0,0.0,0.0,0.0,52.0,49.0,0.0,56.0,150.0,0.0,0.0,12.0
TTO,Trinidad and Tobago,0.0,39.0,0.0,0.0,0.0,0.0,0.0,0.0,0.0,0.0,0.0,0.0,0.0,0.0,0.0,0.0,0.0,0.0,0.0,0.0,0.0,0.0,0.0,0.0,0.0,0.0,0.0,0.0,0.0,0.0,0.0,0.0,0.0,0.0,0.0,0.0,31.0
TUN,Tunisia,0.0,0.0,0.0,0.0,0.0,0.0,0.0,0.0,0.0,0.0,0.0,0.0,0.0,0.0,0.0,0.0,0.0,0.0,0.0,0.0,0.0,0.0,0.0,0.0,29.0,50.0,59.0,71.0,0.0,0.0,0.0,0.0,0.0,0.0,0.0,0.0,0.0
TUR,Turkey,442.0,526.0,407.0,1730.0,2336.0,4159.0,3725.0,3962.0,3866.0,2073.0,1360.0,206.0,132.0,54.0,82.0,195.0,293.0,225.0,499.0,588.0,147.0,355.0,558.0,853.0,31.0,0.0,933.0,2607.0,1481.0,921.0,590.0,412.0,475.0,748.0,372.0,209.0,11.0
TZA,Tanzania,0.0,0.0,0.0,0.0,0.0,0.0,0.0,0.0,0.0,0.0,0.0,0.0,0.0,0.0,0.0,0.0,0.0,0.0,0.0,0.0,0.0,0.0,0.0,0.0,0.0,0.0,0.0,0.0,0.0,0.0,0.0,25.0,0.0,0.0,0.0,0.0,231.0
UGA,Uganda,1019.0,621.0,853.0,72.0,0.0,149.0,295.0,1268.0,888.0,835.0,355.0,388.0,189.0,1086.0,642.0,1610.0,695.0,221.0,91.0,53.0,238.0,120.0,136.0,0.0,100.0,864.0,197.0,152.0,141.0,0.0,0.0,0.0,0.0,25.0,0.0,0.0,41.0
UKR,Ukraine,0.0,0.0,0.0,0.0,0.0,0.0,0.0,0.0,0.0,0.0,0.0,0.0,0.0,0.0,0.0,0.0,0.0,0.0,0.0,0.0,0.0,0.0,0.0,0.0,0.0,4895.0,1890.0,697.0,447.0,243.0,311.0,196.0,208.0,91545.0,75180.0,75686.0,84876.0
USA,United States of America,843.0,0.0,0.0,0.0,0.0,0.0,0.0,0.0,0.0,0.0,0.0,0.0,2980.0,880.0,7992.0,378.0,108.0,246.0,186.0,291.0,493.0,329.0,203.0,225.0,38.0,138.0,87.0,117.0,111.0,0.0,37.0,0.0,0.0,0.0,0.0,117.0,5.0
UZB,Uzbekistan,0.0,0.0,0.0,0.0,0.0,0.0,0.0,0.0,0.0,0.0,67.0,471.0,0.0,0.0,0.0,37.0,0.0,0.0,0.0,0.0,0.0,0.0,0.0,0.0,0.0,0.0,0.0,0.0,0.0,0.0,0.0,0.0,0.0,0.0,0.0,0.0,1.0
VEN,Venezuela,0.0,0.0,0.0,144.0,0.0,0.0,0.0,0.0,0.0,0.0,0.0,0.0,0.0,0.0,0.0,0.0,0.0,0.0,0.0,0.0,0.0,0.0,0.0,0.0,0.0,0.0,0.0,0.0,0.0,0.0,0.0,0.0,0.0,0.0,0.0,0.0,50.0
YEM,Yemen (North Yemen),0.0,0.0,0.0,0.0,0.0,1489.0,0.0,0.0,0.0,0.0,0.0,0.0,0.0,0.0,0.0,0.0,0.0,0.0,0.0,0.0,94.0,175.0,1143.0,2366.0,578.0,1826.0,7801.0,3133.0,3190.0,4650.0,2634.0,6293.0,23357.0,2920.0,804.0,896.0,1750.0
ZAF,South Africa,361.0,0.0,0.0,0.0,0.0,0.0,0.0,0.0,0.0,0.0,0.0,0.0,0.0,0.0,0.0,0.0,0.0,0.0,0.0,0.0,0.0,0.0,0.0,0.0,0.0,0.0,0.0,0.0,0.0,0.0,0.0,0.0,0.0,0.0,0.0,0.0,42.0
