iso3,year,visa_openness_index
AFG,1990,15.0
AFG,1995,15.0
AFG,2000,15.0
AFG,2005,15.0
AFG,2006,12.0
AFG,2007,0.0
AFG,2008,22.0
AFG,2009,0.0
AFG,2010,26.0
AFG,2011,24.0
AFG,2012,26.0
AFG,2013,28.0
AFG,2014,28.0
AFG,2015,25.0
AFG,2016,25.0
AFG,2017,24.0
AFG,2018,30.0
AFG,2019,25.0
AFG,2020,26.0
AFG,2021,26.0
AFG,2022,26.0
AFG,2023,27.0
AFG,2024,28.0
AFG,2025,25.0
AGO,1990,15.0
AGO,1995,15.2
AGO,2000,16.7
AGO,2005,18.2
AGO,2006,19.0
AGO,2007,0.0
AGO,2008,31.0
AGO,2009,0.0
AGO,2010,34.0
AGO,2011,34.0
AGO,2012,37.0
AGO,2013,40.0
AGO,2014,42.0
AGO,2015,40.0
AGO,2016,45.0
AGO,2017,45.0
AGO,2018,49.0
AGO,2019,49.0
AGO,2020,50.0
AGO,2021,50.0
AGO,2022,50.0
AGO,2023,51.0
AGO,2024,53.0
AGO,2025,48.0
ALB,1990,15.0
ALB,1995,15.0
ALB,2000,15.0
ALB,2005,16.3
ALB,2006,17.0
ALB,2007,0.0
ALB,2008,36.0
ALB,2009,0.0
ALB,2010,49.0
ALB,2011,84.0
ALB,2012,84.0
ALB,2013,88.0
ALB,2014,91.0
ALB,2015,94.0
ALB,2016,98.0
ALB,2017,98.0
ALB,2018,114.0
ALB,2019,113.0
ALB,2020,114.0
ALB,2021,113.0
ALB,2022,114.0
ALB,2023,115.0
ALB,2024,123.0
ALB,2025,123.0
AND,1990,71.3
AND,1995,79.2
AND,2000,87.1
AND,2005,95.0
AND,2006,99.0
AND,2007,0.0
AND,2008,127.0
AND,2009,0.0
AND,2010,131.0
AND,2011,143.0
AND,2012,140.0
AND,2013,147.0
AND,2014,148.0
AND,2015,149.0
AND,2016,152.0
AND,2017,155.0
AND,2018,168.0
AND,2019,166.0
AND,2020,167.0
AND,2021,168.0
AND,2022,168.0
AND,2023,168.0
AND,2024,172.0
AND,2025,171.0
ARE,1990,25.2
ARE,1995,28.0
ARE,2000,30.8
ARE,2005,33.6
ARE,2006,35.0
ARE,2007,0.0
ARE,2008,52.0
ARE,2009,0.0
ARE,2010,64.0
ARE,2011,67.0
ARE,2012,70.0
ARE,2013,72.0
ARE,2014,77.0
ARE,2015,113.0
ARE,2016,122.0
ARE,2017,121.0
ARE,2018,161.0
ARE,2019,172.0
ARE,2020,170.0
ARE,2021,174.0
ARE,2022,175.0
ARE,2023,178.0
ARE,2024,183.0
ARE,2025,184.0
ARG,1990,72.7
ARG,1995,80.8
ARG,2000,88.9
ARG,2005,97.0
ARG,2006,101.0
ARG,2007,0.0
ARG,2008,127.0
ARG,2009,0.0
ARG,2010,132.0
ARG,2011,141.0
ARG,2012,140.0
ARG,2013,147.0
ARG,2014,150.0
ARG,2015,150.0
ARG,2016,152.0
ARG,2017,154.0
ARG,2018,170.0
ARG,2019,170.0
ARG,2020,170.0
ARG,2021,170.0
ARG,2022,170.0
ARG,2023,170.0
ARG,2024,174.0
ARG,2025,170.0
ARM,1990,16.6
ARM,1995,18.4
ARM,2000,20.2
ARM,2005,22.1
ARM,2006,23.0
ARM,2007,0.0
ARM,2008,46.0
ARM,2009,0.0
ARM,2010,51.0
ARM,2011,51.0
ARM,2012,52.0
ARM,2013,55.0
ARM,2014,55.0
ARM,2015,52.0
ARM,2016,57.0
ARM,2017,58.0
ARM,2018,61.0
ARM,2019,60.0
ARM,2020,63.0
ARM,2021,64.0
ARM,2022,65.0
ARM,2023,66.0
ARM,2024,68.0
ARM,2025,67.0
ATG,1990,45.4
ATG,1995,50.4
ATG,2000,55.4
ATG,2005,60.5
ATG,2006,63.0
ATG,2007,0.0
ATG,2008,82.0
ATG,2009,0.0
ATG,2010,119.0
ATG,2011,128.0
ATG,2012,126.0
ATG,2013,130.0
ATG,2014,132.0
ATG,2015,133.0
ATG,2016,134.0
ATG,2017,136.0
ATG,2018,150.0
ATG,2019,149.0
ATG,2020,151.0
ATG,2021,150.0
ATG,2022,150.0
ATG,2023,151.0
ATG,2024,153.0
ATG,2025,152.0
AUS,1990,86.4
AUS,1995,96.0
AUS,2000,105.6
AUS,2005,115.2
AUS,2006,120.0
AUS,2007,0.0
AUS,2008,151.0
AUS,2009,0.0
AUS,2010,157.0
AUS,2011,166.0
AUS,2012,163.0
AUS,2013,167.0
AUS,2014,168.0
AUS,2015,168.0
AUS,2016,169.0
AUS,2017,170.0
AUS,2018,183.0
AUS,2019,181.0
AUS,2020,184.0
AUS,2021,184.0
AUS,2022,185.0
AUS,2023,185.0
AUS,2024,189.0
AUS,2025,185.0
AUT,1990,90.0
AUT,1995,100.0
AUT,2000,110.0
AUT,2005,120.0
AUT,2006,125.0
AUT,2007,0.0
AUT,2008,153.0
AUT,2009,0.0
AUT,2010,158.0
AUT,2011,168.0
AUT,2012,163.0
AUT,2013,168.0
AUT,2014,171.0
AUT,2015,169.0
AUT,2016,173.0
AUT,2017,173.0
AUT,2018,186.0
AUT,2019,185.0
AUT,2020,187.0
AUT,2021,188.0
AUT,2022,188.0
AUT,2023,188.0
AUT,2024,192.0
AUT,2025,188.0
AZE,1990,20.2
AZE,1995,22.4
AZE,2000,24.6
AZE,2005,26.9
AZE,2006,28.0
AZE,2007,0.0
AZE,2008,44.0
AZE,2009,0.0
AZE,2010,51.0
AZE,2011,56.0
AZE,2012,57.0
AZE,2013,56.0
AZE,2014,58.0
AZE,2015,58.0
AZE,2016,62.0
AZE,2017,64.0
AZE,2018,66.0
AZE,2019,66.0
AZE,2020,67.0
AZE,2021,68.0
AZE,2022,69.0
AZE,2023,70.0
AZE,2024,72.0
AZE,2025,71.0
BDI,1990,15.0
BDI,1995,15.0
BDI,2000,15.8
BDI,2005,17.3
BDI,2006,18.0
BDI,2007,0.0
BDI,2008,30.0
BDI,2009,0.0
BDI,2010,37.0
BDI,2011,35.0
BDI,2012,40.0
BDI,2013,41.0
BDI,2014,42.0
BDI,2015,41.0
BDI,2016,42.0
BDI,2017,44.0
BDI,2018,46.0
BDI,2019,48.0
BDI,2020,50.0
BDI,2021,51.0
BDI,2022,51.0
BDI,2023,50.0
BDI,2024,51.0
BDI,2025,48.0
BEL,1990,91.4
BEL,1995,101.6
BEL,2000,111.8
BEL,2005,121.9
BEL,2006,127.0
BEL,2007,0.0
BEL,2008,155.0
BEL,2009,0.0
BEL,2010,160.0
BEL,2011,171.0
BEL,2012,167.0
BEL,2013,171.0
BEL,2014,172.0
BEL,2015,170.0
BEL,2016,174.0
BEL,2017,173.0
BEL,2018,185.0
BEL,2019,184.0
BEL,2020,185.0
BEL,2021,186.0
BEL,2022,186.0
BEL,2023,186.0
BEL,2024,191.0
BEL,2025,188.0
BEN,1990,25.9
BEN,1995,28.8
BEN,2000,31.7
BEN,2005,34.6
BEN,2006,36.0
BEN,2007,0.0
BEN,2008,47.0
BEN,2009,0.0
BEN,2010,54.0
BEN,2011,53.0
BEN,2012,55.0
BEN,2013,55.0
BEN,2014,58.0
BEN,2015,56.0
BEN,2016,59.0
BEN,2017,58.0
BEN,2018,61.0
BEN,2019,62.0
BEN,2020,62.0
BEN,2021,61.0
BEN,2022,61.0
BEN,2023,61.0
BEN,2024,63.0
BEN,2025,67.0
BFA,1990,25.2
BFA,1995,28.0
BFA,2000,30.8
BFA,2005,33.6
BFA,2006,35.0
BFA,2007,0.0
BFA,2008,44.0
BFA,2009,0.0
BFA,2010,51.0
BFA,2011,51.0
BFA,2012,54.0
BFA,2013,53.0
BFA,2014,55.0
BFA,2015,52.0
BFA,2016,56.0
BFA,2017,56.0
BFA,2018,57.0
BFA,2019,58.0
BFA,2020,59.0
BFA,2021,58.0
BFA,2022,58.0
BFA,2023,58.0
BFA,2024,60.0
BFA,2025,59.0
BGD,1990,20.2
BGD,1995,22.4
BGD,2000,24.6
BGD,2005,26.9
BGD,2006,28.0
BGD,2007,0.0
BGD,2008,39.0
BGD,2009,0.0
BGD,2010,42.0
BGD,2011,39.0
BGD,2012,40.0
BGD,2013,41.0
BGD,2014,42.0
BGD,2015,40.0
BGD,2016,39.0
BGD,2017,38.0
BGD,2018,41.0
BGD,2019,40.0
BGD,2020,41.0
BGD,2021,40.0
BGD,2022,40.0
BGD,2023,41.0
BGD,2024,42.0
BGD,2025,39.0
BGR,1990,59.8
BGR,1995,66.4
BGR,2000,73.0
BGR,2005,79.7
BGR,2006,83.0
BGR,2007,0.0
BGR,2008,116.0
BGR,2009,0.0
BGR,2010,133.0
BGR,2011,143.0
BGR,2012,137.0
BGR,2013,141.0
BGR,2014,149.0
BGR,2015,149.0
BGR,2016,153.0
BGR,2017,154.0
BGR,2018,169.0
BGR,2019,170.0
BGR,2020,171.0
BGR,2021,173.0
BGR,2022,173.0
BGR,2023,174.0
BGR,2024,179.0
BGR,2025,177.0
BHR,1990,27.4
BHR,1995,30.4
BHR,2000,33.4
BHR,2005,36.5
BHR,2006,38.0
BHR,2007,0.0
BHR,2008,53.0
BHR,2009,0.0
BHR,2010,67.0
BHR,2011,65.0
BHR,2012,66.0
BHR,2013,69.0
BHR,2014,69.0
BHR,2015,70.0
BHR,2016,73.0
BHR,2017,73.0
BHR,2018,81.0
BHR,2019,81.0
BHR,2020,83.0
BHR,2021,84.0
BHR,2022,84.0
BHR,2023,87.0
BHR,2024,91.0
BHR,2025,90.0
BHS,1990,51.1
BHS,1995,56.8
BHS,2000,62.5
BHS,2005,68.2
BHS,2006,71.0
BHS,2007,0.0
BHS,2008,96.0
BHS,2009,0.0
BHS,2010,124.0
BHS,2011,136.0
BHS,2012,133.0
BHS,2013,137.0
BHS,2014,138.0
BHS,2015,139.0
BHS,2016,140.0
BHS,2017,141.0
BHS,2018,155.0
BHS,2019,154.0
BHS,2020,155.0
BHS,2021,155.0
BHS,2022,155.0
BHS,2023,155.0
BHS,2024,158.0
BHS,2025,159.0
BIH,1990,18.0
BIH,1995,20.0
BIH,2000,22.0
BIH,2005,24.0
BIH,2006,25.0
BIH,2007,0.0
BIH,2008,40.0
BIH,2009,0.0
BIH,2010,53.0
BIH,2011,87.0
BIH,2012,87.0
BIH,2013,91.0
BIH,2014,95.0
BIH,2015,98.0
BIH,2016,101.0
BIH,2017,103.0
BIH,2018,118.0
BIH,2019,116.0
BIH,2020,117.0
BIH,2021,116.0
BIH,2022,117.0
BIH,2023,118.0
BIH,2024,121.0
BIH,2025,123.0
BLR,1990,23.0
BLR,1995,25.6
BLR,2000,28.2
BLR,2005,30.7
BLR,2006,32.0
BLR,2007,0.0
BLR,2008,49.0
BLR,2009,0.0
BLR,2010,56.0
BLR,2011,57.0
BLR,2012,59.0
BLR,2013,61.0
BLR,2014,63.0
BLR,2015,62.0
BLR,2016,67.0
BLR,2017,67.0
BLR,2018,77.0
BLR,2019,75.0
BLR,2020,75.0
BLR,2021,78.0
BLR,2022,79.0
BLR,2023,78.0
BLR,2024,81.0
BLR,2025,81.0
BLZ,1990,41.8
BLZ,1995,46.4
BLZ,2000,51.0
BLZ,2005,55.7
BLZ,2006,58.0
BLZ,2007,0.0
BLZ,2008,75.0
BLZ,2009,0.0
BLZ,2010,82.0
BLZ,2011,83.0
BLZ,2012,86.0
BLZ,2013,87.0
BLZ,2014,93.0
BLZ,2015,91.0
BLZ,2016,94.0
BLZ,2017,95.0
BLZ,2018,101.0
BLZ,2019,99.0
BLZ,2020,101.0
BLZ,2021,101.0
BLZ,2022,101.0
BLZ,2023,103.0
BLZ,2024,104.0
BLZ,2025,102.0
BOL,1990,59.8
BOL,1995,66.4
BOL,2000,73.0
BOL,2005,79.7
BOL,2006,83.0
BOL,2007,0.0
BOL,2008,65.0
BOL,2009,0.0
BOL,2010,62.0
BOL,2011,67.0
BOL,2012,69.0
BOL,2013,73.0
BOL,2014,74.0
BOL,2015,71.0
BOL,2016,72.0
BOL,2017,75.0
BOL,2018,79.0
BOL,2019,78.0
BOL,2020,78.0
BOL,2021,79.0
BOL,2022,79.0
BOL,2023,80.0
BOL,2024,82.0
BOL,2025,78.0
BRA,1990,71.3
BRA,1995,79.2
BRA,2000,87.1
BRA,2005,95.0
BRA,2006,99.0
BRA,2007,0.0
BRA,2008,122.0
BRA,2009,0.0
BRA,2010,130.0
BRA,2011,140.0
BRA,2012,141.0
BRA,2013,146.0
BRA,2014,146.0
BRA,2015,148.0
BRA,2016,153.0
BRA,2017,156.0
BRA,2018,171.0
BRA,2019,170.0
BRA,2020,170.0
BRA,2021,170.0
BRA,2022,169.0
BRA,2023,170.0
BRA,2024,173.0
BRA,2025,170.0
BRB,1990,51.1
BRB,1995,56.8
BRB,2000,62.5
BRB,2005,68.2
BRB,2006,71.0
BRB,2007,0.0
BRB,2008,89.0
BRB,2009,0.0
BRB,2010,127.0
BRB,2011,137.0
BRB,2012,135.0
BRB,2013,137.0
BRB,2014,138.0
BRB,2015,138.0
BRB,2016,141.0
BRB,2017,143.0
BRB,2018,161.0
BRB,2019,159.0
BRB,2020,161.0
BRB,2021,161.0
BRB,2022,161.0
BRB,2023,163.0
BRB,2024,165.0
BRB,2025,163.0
BRN,1990,72.7
BRN,1995,80.8
BRN,2000,88.9
BRN,2005,97.0
BRN,2006,101.0
BRN,2007,0.0
BRN,2008,129.0
BRN,2009,0.0
BRN,2010,134.0
BRN,2011,144.0
BRN,2012,139.0
BRN,2013,146.0
BRN,2014,150.0
BRN,2015,150.0
BRN,2016,151.0
BRN,2017,152.0
BRN,2018,165.0
BRN,2019,165.0
BRN,2020,166.0
BRN,2021,166.0
BRN,2022,166.0
BRN,2023,166.0
BRN,2024,168.0
BRN,2025,164.0
BTN,1990,15.0
BTN,1995,15.2
BTN,2000,16.7
BTN,2005,18.2
BTN,2006,19.0
BTN,2007,0.0
BTN,2008,36.0
BTN,2009,0.0
BTN,2010,44.0
BTN,2011,44.0
BTN,2012,46.0
BTN,2013,49.0
BTN,2014,51.0
BTN,2015,48.0
BTN,2016,51.0
BTN,2017,51.0
BTN,2018,55.0
BTN,2019,52.0
BTN,2020,53.0
BTN,2021,52.0
BTN,2022,53.0
BTN,2023,53.0
BTN,2024,55.0
BTN,2025,51.0
BWA,1990,34.6
BWA,1995,38.4
BWA,2000,42.2
BWA,2005,46.1
BWA,2006,48.0
BWA,2007,0.0
BWA,2008,59.0
BWA,2009,0.0
BWA,2010,69.0
BWA,2011,68.0
BWA,2012,70.0
BWA,2013,70.0
BWA,2014,73.0
BWA,2015,72.0
BWA,2016,72.0
BWA,2017,74.0
BWA,2018,82.0
BWA,2019,83.0
BWA,2020,85.0
BWA,2021,86.0
BWA,2022,86.0
BWA,2023,87.0
BWA,2024,91.0
BWA,2025,85.0
CAF,1990,20.2
CAF,1995,22.4
CAF,2000,24.6
CAF,2005,26.9
CAF,2006,28.0
CAF,2007,0.0
CAF,2008,37.0
CAF,2009,0.0
CAF,2010,46.0
CAF,2011,44.0
CAF,2012,47.0
CAF,2013,49.0
CAF,2014,48.0
CAF,2015,44.0
CAF,2016,48.0
CAF,2017,46.0
CAF,2018,49.0
CAF,2019,51.0
CAF,2020,52.0
CAF,2021,52.0
CAF,2022,52.0
CAF,2023,52.0
CAF,2024,55.0
CAF,2025,51.0
CAN,1990,90.0
CAN,1995,100.0
CAN,2000,110.0
CAN,2005,120.0
CAN,2006,125.0
CAN,2007,0.0
CAN,2008,154.0
CAN,2009,0.0
CAN,2010,157.0
CAN,2011,164.0
CAN,2012,163.0
CAN,2013,170.0
CAN,2014,173.0
CAN,2015,170.0
CAN,2016,172.0
CAN,2017,171.0
CAN,2018,185.0
CAN,2019,184.0
CAN,2020,183.0
CAN,2021,184.0
CAN,2022,185.0
CAN,2023,185.0
CAN,2024,188.0
CAN,2025,184.0
CHE,1990,91.4
CHE,1995,101.6
CHE,2000,111.8
CHE,2005,121.9
CHE,2006,127.0
CHE,2007,0.0
CHE,2008,149.0
CHE,2009,0.0
CHE,2010,156.0
CHE,2011,167.0
CHE,2012,162.0
CHE,2013,168.0
CHE,2014,170.0
CHE,2015,169.0
CHE,2016,172.0
CHE,2017,171.0
CHE,2018,185.0
CHE,2019,184.0
CHE,2020,185.0
CHE,2021,186.0
CHE,2022,186.0
CHE,2023,186.0
CHE,2024,190.0
CHE,2025,187.0
CHL,1990,78.5
CHL,1995,87.2
CHL,2000,95.9
CHL,2005,104.6
CHL,2006,109.0
CHL,2007,0.0
CHL,2008,127.0
CHL,2009,0.0
CHL,2010,131.0
CHL,2011,141.0
CHL,2012,137.0
CHL,2013,141.0
CHL,2014,149.0
CHL,2015,150.0
CHL,2016,155.0
CHL,2017,157.0
CHL,2018,174.0
CHL,2019,174.0
CHL,2020,174.0
CHL,2021,174.0
CHL,2022,174.0
CHL,2023,174.0
CHL,2024,177.0
CHL,2025,176.0
CHN,1990,15.0
CHN,1995,15.0
CHN,2000,15.8
CHN,2005,17.3
CHN,2006,18.0
CHN,2007,0.0
CHN,2008,33.0
CHN,2009,0.0
CHN,2010,38.0
CHN,2011,40.0
CHN,2012,41.0
CHN,2013,44.0
CHN,2014,45.0
CHN,2015,45.0
CHN,2016,50.0
CHN,2017,51.0
CHN,2018,74.0
CHN,2019,71.0
CHN,2020,75.0
CHN,2021,79.0
CHN,2022,80.0
CHN,2023,80.0
CHN,2024,85.0
CHN,2025,83.0
CIV,1990,15.0
CIV,1995,15.0
CIV,2000,15.0
CIV,2005,15.0
CIV,2006,0.0
CIV,2007,0.0
CIV,2008,0.0
CIV,2009,0.0
CIV,2010,0.0
CIV,2011,52.0
CIV,2012,54.0
CIV,2013,55.0
CIV,2014,56.0
CIV,2015,54.0
CIV,2016,56.0
CIV,2017,53.0
CIV,2018,56.0
CIV,2019,57.0
CIV,2020,57.0
CIV,2021,56.0
CIV,2022,56.0
CIV,2023,57.0
CIV,2024,59.0
CIV,2025,59.0
CMR,1990,18.7
CMR,1995,20.8
CMR,2000,22.9
CMR,2005,25.0
CMR,2006,26.0
CMR,2007,0.0
CMR,2008,37.0
CMR,2009,0.0
CMR,2010,42.0
CMR,2011,38.0
CMR,2012,39.0
CMR,2013,44.0
CMR,2014,46.0
CMR,2015,44.0
CMR,2016,45.0
CMR,2017,45.0
CMR,2018,48.0
CMR,2019,49.0
CMR,2020,49.0
CMR,2021,50.0
CMR,2022,50.0
CMR,2023,51.0
CMR,2024,53.0
CMR,2025,49.0
COD,1990,15.0
COD,1995,15.0
COD,2000,15.0
COD,2005,15.0
COD,2008,0.0
COD,2009,0.0
COD,2010,36.0
COD,2011,34.0
COD,2012,38.0
COD,2013,39.0
COD,2014,40.0
COD,2015,37.0
COD,2016,39.0
COD,2017,40.0
COD,2018,43.0
COD,2019,42.0
COD,2020,42.0
COD,2021,42.0
COD,2022,42.0
COD,2023,42.0
COD,2024,46.0
COD,2025,43.0
COG,1990,19.4
COG,1995,21.6
COG,2000,23.8
COG,2005,25.9
COG,2006,27.0
COG,2007,0.0
COG,2008,36.0
COG,2009,0.0
COG,2010,42.0
COG,2011,39.0
COG,2012,42.0
COG,2013,44.0
COG,2014,44.0
COG,2015,41.0
COG,2016,44.0
COG,2017,43.0
COG,2018,47.0
COG,2019,47.0
COG,2020,48.0
COG,2021,48.0
COG,2022,48.0
COG,2023,49.0
COG,2024,52.0
COG,2025,48.0
COL,1990,23.0
COL,1995,25.6
COL,2000,28.2
COL,2005,30.7
COL,2006,32.0
COL,2007,0.0
COL,2008,48.0
COL,2009,0.0
COL,2010,54.0
COL,2011,54.0
COL,2012,59.0
COL,2013,63.0
COL,2014,66.0
COL,2015,66.0
COL,2016,103.0
COL,2017,107.0
COL,2018,127.0
COL,2019,126.0
COL,2020,127.0
COL,2021,129.0
COL,2022,131.0
COL,2023,133.0
COL,2024,135.0
COL,2025,132.0
COM,1990,15.0
COM,1995,15.0
COM,2000,15.0
COM,2005,15.0
COM,2008,0.0
COM,2009,0.0
COM,2010,0.0
COM,2011,0.0
COM,2012,0.0
COM,2013,0.0
COM,2014,0.0
COM,2015,0.0
COM,2016,0.0
COM,2017,0.0
COM,2018,52.0
COM,2019,53.0
COM,2020,53.0
COM,2021,53.0
COM,2022,53.0
COM,2023,53.0
COM,2024,55.0
COM,2025,52.0
CPV,1990,15.0
CPV,1995,15.0
CPV,2000,15.0
CPV,2005,15.0
CPV,2008,0.0
CPV,2009,0.0
CPV,2010,0.0
CPV,2011,0.0
CPV,2012,0.0
CPV,2013,0.0
CPV,2014,0.0
CPV,2015,0.0
CPV,2016,0.0
CPV,2017,0.0
CPV,2018,65.0
CPV,2019,66.0
CPV,2020,66.0
CPV,2021,66.0
CPV,2022,66.0
CPV,2023,66.0
CPV,2024,69.0
CPV,2025,67.0
CRI,1990,68.4
CRI,1995,76.0
CRI,2000,83.6
CRI,2005,91.2
CRI,2006,95.0
CRI,2007,0.0
CRI,2008,108.0
CRI,2009,0.0
CRI,2010,114.0
CRI,2011,120.0
CRI,2012,117.0
CRI,2013,122.0
CRI,2014,125.0
CRI,2015,127.0
CRI,2016,131.0
CRI,2017,134.0
CRI,2018,149.0
CRI,2019,150.0
CRI,2020,150.0
CRI,2021,149.0
CRI,2022,150.0
CRI,2023,150.0
CRI,2024,152.0
CRI,2025,149.0
CUB,1990,19.4
CUB,1995,21.6
CUB,2000,23.8
CUB,2005,25.9
CUB,2006,27.0
CUB,2007,0.0
CUB,2008,42.0
CUB,2009,0.0
CUB,2010,49.0
CUB,2011,52.0
CUB,2012,56.0
CUB,2013,61.0
CUB,2014,61.0
CUB,2015,59.0
CUB,2016,59.0
CUB,2017,60.0
CUB,2018,65.0
CUB,2019,65.0
CUB,2020,64.0
CUB,2021,63.0
CUB,2022,64.0
CUB,2023,65.0
CUB,2024,64.0
CUB,2025,60.0
CYP,1990,81.4
CYP,1995,90.4
CYP,2000,99.4
CYP,2005,108.5
CYP,2006,113.0
CYP,2007,0.0
CYP,2008,139.0
CYP,2009,0.0
CYP,2010,142.0
CYP,2011,150.0
CYP,2012,146.0
CYP,2013,151.0
CYP,2014,157.0
CYP,2015,157.0
CYP,2016,159.0
CYP,2017,158.0
CYP,2018,173.0
CYP,2019,173.0
CYP,2020,174.0
CYP,2021,176.0
CYP,2022,176.0
CYP,2023,177.0
CYP,2024,182.0
CYP,2025,178.0
CZE,1990,70.6
CZE,1995,78.4
CZE,2000,86.2
CZE,2005,94.1
CZE,2006,98.0
CZE,2007,0.0
CZE,2008,131.0
CZE,2009,0.0
CZE,2010,142.0
CZE,2011,155.0
CZE,2012,152.0
CZE,2013,155.0
CZE,2014,162.0
CZE,2015,163.0
CZE,2016,167.0
CZE,2017,168.0
CZE,2018,182.0
CZE,2019,183.0
CZE,2020,184.0
CZE,2021,185.0
CZE,2022,185.0
CZE,2023,186.0
CZE,2024,189.0
CZE,2025,185.0
DEU,1990,92.9
DEU,1995,103.2
DEU,2000,113.5
DEU,2005,123.8
DEU,2006,129.0
DEU,2007,0.0
DEU,2008,155.0
DEU,2009,0.0
DEU,2010,161.0
DEU,2011,172.0
DEU,2012,168.0
DEU,2013,172.0
DEU,2014,174.0
DEU,2015,173.0
DEU,2016,177.0
DEU,2017,176.0
DEU,2018,188.0
DEU,2019,188.0
DEU,2020,189.0
DEU,2021,190.0
DEU,2022,190.0
DEU,2023,190.0
DEU,2024,194.0
DEU,2025,189.0
DJI,1990,15.0
DJI,1995,15.2
DJI,2000,16.7
DJI,2005,18.2
DJI,2006,19.0
DJI,2007,0.0
DJI,2008,28.0
DJI,2009,0.0
DJI,2010,35.0
DJI,2011,35.0
DJI,2012,37.0
DJI,2013,40.0
DJI,2014,42.0
DJI,2015,41.0
DJI,2016,44.0
DJI,2017,40.0
DJI,2018,45.0
DJI,2019,46.0
DJI,2020,47.0
DJI,2021,47.0
DJI,2022,47.0
DJI,2023,48.0
DJI,2024,50.0
DJI,2025,47.0
DMA,1990,37.4
DMA,1995,41.6
DMA,2000,45.8
DMA,2005,49.9
DMA,2006,52.0
DMA,2007,0.0
DMA,2008,71.0
DMA,2009,0.0
DMA,2010,80.0
DMA,2011,82.0
DMA,2012,85.0
DMA,2013,87.0
DMA,2014,91.0
DMA,2015,113.0
DMA,2016,119.0
DMA,2017,119.0
DMA,2018,137.0
DMA,2019,137.0
DMA,2020,141.0
DMA,2021,143.0
DMA,2022,144.0
DMA,2023,145.0
DMA,2024,144.0
DMA,2025,144.0
DNK,1990,93.6
DNK,1995,104.0
DNK,2000,114.4
DNK,2005,124.8
DNK,2006,130.0
DNK,2007,0.0
DNK,2008,157.0
DNK,2009,0.0
DNK,2010,164.0
DNK,2011,173.0
DNK,2012,169.0
DNK,2013,172.0
DNK,2014,173.0
DNK,2015,171.0
DNK,2016,174.0
DNK,2017,174.0
DNK,2018,187.0
DNK,2019,187.0
DNK,2020,187.0
DNK,2021,188.0
DNK,2022,188.0
DNK,2023,188.0
DNK,2024,192.0
DNK,2025,189.0
DOM,1990,18.0
DOM,1995,20.0
DOM,2000,22.0
DOM,2005,24.0
DOM,2006,25.0
DOM,2007,0.0
DOM,2008,43.0
DOM,2009,0.0
DOM,2010,50.0
DOM,2011,48.0
DOM,2012,50.0
DOM,2013,53.0
DOM,2014,53.0
DOM,2015,51.0
DOM,2016,54.0
DOM,2017,56.0
DOM,2018,66.0
DOM,2019,64.0
DOM,2020,66.0
DOM,2021,69.0
DOM,2022,70.0
DOM,2023,70.0
DOM,2024,74.0
DOM,2025,73.0
DZA,1990,16.6
DZA,1995,18.4
DZA,2000,20.2
DZA,2005,22.1
DZA,2006,23.0
DZA,2007,0.0
DZA,2008,36.0
DZA,2009,0.0
DZA,2010,48.0
DZA,2011,46.0
DZA,2012,45.0
DZA,2013,47.0
DZA,2014,46.0
DZA,2015,45.0
DZA,2016,48.0
DZA,2017,48.0
DZA,2018,50.0
DZA,2019,50.0
DZA,2020,51.0
DZA,2021,52.0
DZA,2022,52.0
DZA,2023,53.0
DZA,2024,56.0
DZA,2025,55.0
ECU,1990,29.5
ECU,1995,32.8
ECU,2000,36.1
ECU,2005,39.4
ECU,2006,41.0
ECU,2007,0.0
ECU,2008,58.0
ECU,2009,0.0
ECU,2010,65.0
ECU,2011,69.0
ECU,2012,70.0
ECU,2013,74.0
ECU,2014,78.0
ECU,2015,78.0
ECU,2016,81.0
ECU,2017,83.0
ECU,2018,93.0
ECU,2019,91.0
ECU,2020,91.0
ECU,2021,91.0
ECU,2022,91.0
ECU,2023,92.0
ECU,2024,95.0
ECU,2025,94.0
EGY,1990,15.0
EGY,1995,15.0
EGY,2000,15.0
EGY,2005,15.0
EGY,2008,0.0
EGY,2009,0.0
EGY,2010,0.0
EGY,2011,41.0
EGY,2012,44.0
EGY,2013,47.0
EGY,2014,48.0
EGY,2015,47.0
EGY,2016,49.0
EGY,2017,48.0
EGY,2018,49.0
EGY,2019,49.0
EGY,2020,50.0
EGY,2021,51.0
EGY,2022,52.0
EGY,2023,53.0
EGY,2024,55.0
EGY,2025,49.0
ERI,1990,15.0
ERI,1995,16.0
ERI,2000,17.6
ERI,2005,19.2
ERI,2006,20.0
ERI,2007,0.0
ERI,2008,29.0
ERI,2009,0.0
ERI,2010,33.0
ERI,2011,32.0
ERI,2012,34.0
ERI,2013,36.0
ERI,2014,38.0
ERI,2015,34.0
ERI,2016,37.0
ERI,2017,35.0
ERI,2018,39.0
ERI,2019,40.0
ERI,2020,42.0
ERI,2021,43.0
ERI,2022,43.0
ERI,2023,44.0
ERI,2024,43.0
ERI,2025,39.0
ESP,1990,91.4
ESP,1995,101.6
ESP,2000,111.8
ESP,2005,121.9
ESP,2006,127.0
ESP,2007,0.0
ESP,2008,154.0
ESP,2009,0.0
ESP,2010,160.0
ESP,2011,170.0
ESP,2012,165.0
ESP,2013,170.0
ESP,2014,172.0
ESP,2015,170.0
ESP,2016,175.0
ESP,2017,174.0
ESP,2018,187.0
ESP,2019,186.0
ESP,2020,188.0
ESP,2021,189.0
ESP,2022,189.0
ESP,2023,190.0
ESP,2024,194.0
ESP,2025,189.0
EST,1990,65.5
EST,1995,72.8
EST,2000,80.1
EST,2005,87.4
EST,2006,91.0
EST,2007,0.0
EST,2008,127.0
EST,2009,0.0
EST,2010,140.0
EST,2011,153.0
EST,2012,149.0
EST,2013,152.0
EST,2014,157.0
EST,2015,158.0
EST,2016,162.0
EST,2017,164.0
EST,2018,178.0
EST,2019,179.0
EST,2020,179.0
EST,2021,181.0
EST,2022,181.0
EST,2023,181.0
EST,2024,187.0
EST,2025,184.0
ETH,1990,15.0
ETH,1995,15.0
ETH,2000,15.8
ETH,2005,17.3
ETH,2006,18.0
ETH,2007,0.0
ETH,2008,29.0
ETH,2009,0.0
ETH,2010,34.0
ETH,2011,34.0
ETH,2012,37.0
ETH,2013,41.0
ETH,2014,39.0
ETH,2015,35.0
ETH,2016,37.0
ETH,2017,37.0
ETH,2018,42.0
ETH,2019,42.0
ETH,2020,44.0
ETH,2021,45.0
ETH,2022,45.0
ETH,2023,46.0
ETH,2024,47.0
ETH,2025,45.0
FIN,1990,93.6
FIN,1995,104.0
FIN,2000,114.4
FIN,2005,124.8
FIN,2006,130.0
FIN,2007,0.0
FIN,2008,156.0
FIN,2009,0.0
FIN,2010,162.0
FIN,2011,173.0
FIN,2012,168.0
FIN,2013,173.0
FIN,2014,174.0
FIN,2015,172.0
FIN,2016,175.0
FIN,2017,174.0
FIN,2018,187.0
FIN,2019,188.0
FIN,2020,188.0
FIN,2021,189.0
FIN,2022,189.0
FIN,2023,189.0
FIN,2024,193.0
FIN,2025,189.0
FJI,1990,33.8
FJI,1995,37.6
FJI,2000,41.4
FJI,2005,45.1
FJI,2006,47.0
FJI,2007,0.0
FJI,2008,66.0
FJI,2009,0.0
FJI,2010,72.0
FJI,2011,76.0
FJI,2012,77.0
FJI,2013,78.0
FJI,2014,81.0
FJI,2015,80.0
FJI,2016,81.0
FJI,2017,79.0
FJI,2018,90.0
FJI,2019,88.0
FJI,2020,88.0
FJI,2021,88.0
FJI,2022,88.0
FJI,2023,88.0
FJI,2024,91.0
FJI,2025,90.0
FRA,1990,92.2
FRA,1995,102.4
FRA,2000,112.6
FRA,2005,122.9
FRA,2006,128.0
FRA,2007,0.0
FRA,2008,152.0
FRA,2009,0.0
FRA,2010,161.0
FRA,2011,171.0
FRA,2012,167.0
FRA,2013,170.0
FRA,2014,172.0
FRA,2015,171.0
FRA,2016,175.0
FRA,2017,173.0
FRA,2018,188.0
FRA,2019,186.0
FRA,2020,186.0
FRA,2021,187.0
FRA,2022,188.0
FRA,2023,187.0
FRA,2024,194.0
FRA,2025,189.0
FSM,1990,15.0
FSM,1995,15.0
FSM,2000,15.0
FSM,2005,15.0
FSM,2008,0.0
FSM,2009,0.0
FSM,2010,60.0
FSM,2011,66.0
FSM,2012,67.0
FSM,2013,73.0
FSM,2014,75.0
FSM,2015,73.0
FSM,2016,75.0
FSM,2017,106.0
FSM,2018,122.0
FSM,2019,119.0
FSM,2020,118.0
FSM,2021,117.0
FSM,2022,117.0
FSM,2023,118.0
FSM,2024,123.0
FSM,2025,123.0
GAB,1990,17.3
GAB,1995,19.2
GAB,2000,21.1
GAB,2005,23.0
GAB,2006,24.0
GAB,2007,0.0
GAB,2008,35.0
GAB,2009,0.0
GAB,2010,42.0
GAB,2011,42.0
GAB,2012,45.0
GAB,2013,47.0
GAB,2014,47.0
GAB,2015,47.0
GAB,2016,49.0
GAB,2017,50.0
GAB,2018,55.0
GAB,2019,56.0
GAB,2020,57.0
GAB,2021,57.0
GAB,2022,57.0
GAB,2023,57.0
GAB,2024,61.0
GAB,2025,58.0
GBR,1990,92.2
GBR,1995,102.4
GBR,2000,112.6
GBR,2005,122.9
GBR,2006,128.0
GBR,2007,0.0
GBR,2008,152.0
GBR,2009,0.0
GBR,2010,166.0
GBR,2011,171.0
GBR,2012,167.0
GBR,2013,173.0
GBR,2014,174.0
GBR,2015,173.0
GBR,2016,175.0
GBR,2017,173.0
GBR,2018,186.0
GBR,2019,184.0
GBR,2020,185.0
GBR,2021,185.0
GBR,2022,186.0
GBR,2023,187.0
GBR,2024,191.0
GBR,2025,186.0
GEO,1990,20.2
GEO,1995,22.4
GEO,2000,24.6
GEO,2005,26.9
GEO,2006,28.0
GEO,2007,0.0
GEO,2008,46.0
GEO,2009,0.0
GEO,2010,56.0
GEO,2011,58.0
GEO,2012,60.0
GEO,2013,60.0
GEO,2014,62.0
GEO,2015,61.0
GEO,2016,67.0
GEO,2017,69.0
GEO,2018,112.0
GEO,2019,114.0
GEO,2020,115.0
GEO,2021,115.0
GEO,2022,115.0
GEO,2023,116.0
GEO,2024,121.0
GEO,2025,123.0
GHA,1990,32.4
GHA,1995,36.0
GHA,2000,39.6
GHA,2005,43.2
GHA,2006,45.0
GHA,2007,0.0
GHA,2008,55.0
GHA,2009,0.0
GHA,2010,62.0
GHA,2011,62.0
GHA,2012,62.0
GHA,2013,61.0
GHA,2014,63.0
GHA,2015,61.0
GHA,2016,64.0
GHA,2017,59.0
GHA,2018,63.0
GHA,2019,65.0
GHA,2020,65.0
GHA,2021,64.0
GHA,2022,64.0
GHA,2023,65.0
GHA,2024,66.0
GHA,2025,69.0
GIN,1990,26.6
GIN,1995,29.6
GIN,2000,32.6
GIN,2005,35.5
GIN,2006,37.0
GIN,2007,0.0
GIN,2008,46.0
GIN,2009,0.0
GIN,2010,52.0
GIN,2011,52.0
GIN,2012,50.0
GIN,2013,53.0
GIN,2014,54.0
GIN,2015,43.0
GIN,2016,46.0
GIN,2017,48.0
GIN,2018,56.0
GIN,2019,56.0
GIN,2020,55.0
GIN,2021,54.0
GIN,2022,54.0
GIN,2023,55.0
GIN,2024,59.0
GIN,2025,57.0
GMB,1990,38.2
GMB,1995,42.4
GMB,2000,46.6
GMB,2005,50.9
GMB,2006,53.0
GMB,2007,0.0
GMB,2008,62.0
GMB,2009,0.0
GMB,2010,68.0
GMB,2011,69.0
GMB,2012,71.0
GMB,2013,68.0
GMB,2014,70.0
GMB,2015,66.0
GMB,2016,67.0
GMB,2017,66.0
GMB,2018,68.0
GMB,2019,69.0
GMB,2020,68.0
GMB,2021,68.0
GMB,2022,68.0
GMB,2023,69.0
GMB,2024,70.0
GMB,2025,71.0
GNB,1990,23.8
GNB,1995,26.4
GNB,2000,29.0
GNB,2005,31.7
GNB,2006,33.0
GNB,2007,0.0
GNB,2008,42.0
GNB,2009,0.0
GNB,2010,48.0
GNB,2011,48.0
GNB,2012,50.0
GNB,2013,48.0
GNB,2014,49.0
GNB,2015,46.0
GNB,2016,51.0
GNB,2017,49.0
GNB,2018,53.0
GNB,2019,54.0
GNB,2020,53.0
GNB,2021,52.0
GNB,2022,52.0
GNB,2023,53.0
GNB,2024,56.0
GNB,2025,54.0
GNQ,1990,15.0
GNQ,1995,16.0
GNQ,2000,17.6
GNQ,2005,19.2
GNQ,2006,20.0
GNQ,2007,0.0
GNQ,2008,30.0
GNQ,2009,0.0
GNQ,2010,37.0
GNQ,2011,37.0
GNQ,2012,40.0
GNQ,2013,42.0
GNQ,2014,43.0
GNQ,2015,42.0
GNQ,2016,45.0
GNQ,2017,46.0
GNQ,2018,52.0
GNQ,2019,52.0
GNQ,2020,55.0
GNQ,2021,55.0
GNQ,2022,55.0
GNQ,2023,55.0
GNQ,2024,58.0
GNQ,2025,56.0
GRC,1990,86.4
GRC,1995,96.0
GRC,2000,105.6
GRC,2005,115.2
GRC,2006,120.0
GRC,2007,0.0
GRC,2008,149.0
GRC,2009,0.0
GRC,2010,153.0
GRC,2011,166.0
GRC,2012,162.0
GRC,2013,167.0
GRC,2014,169.0
GRC,2015,167.0
GRC,2016,171.0
GRC,2017,171.0
GRC,2018,183.0
GRC,2019,184.0
GRC,2020,184.0
GRC,2021,185.0
GRC,2022,185.0
GRC,2023,185.0
GRC,2024,190.0
GRC,2025,187.0
GRD,1990,43.2
GRD,1995,48.0
GRD,2000,52.8
GRD,2005,57.6
GRD,2006,60.0
GRD,2007,0.0
GRD,2008,79.0
GRD,2009,0.0
GRD,2010,83.0
GRD,2011,86.0
GRD,2012,87.0
GRD,2013,88.0
GRD,2014,91.0
GRD,2015,117.0
GRD,2016,121.0
GRD,2017,124.0
GRD,2018,144.0
GRD,2019,142.0
GRD,2020,144.0
GRD,2021,144.0
GRD,2022,144.0
GRD,2023,146.0
GRD,2024,148.0
GRD,2025,147.0
GTM,1990,59.0
GTM,1995,65.6
GTM,2000,72.2
GTM,2005,78.7
GTM,2006,82.0
GTM,2007,0.0
GTM,2008,100.0
GTM,2009,0.0
GTM,2010,105.0
GTM,2011,112.0
GTM,2012,109.0
GTM,2013,114.0
GTM,2014,114.0
GTM,2015,113.0
GTM,2016,116.0
GTM,2017,119.0
GTM,2018,137.0
GTM,2019,132.0
GTM,2020,133.0
GTM,2021,132.0
GTM,2022,133.0
GTM,2023,133.0
GTM,2024,137.0
GTM,2025,134.0
GUY,1990,38.2
GUY,1995,42.4
GUY,2000,46.6
GUY,2005,50.9
GUY,2006,53.0
GUY,2007,0.0
GUY,2008,69.0
GUY,2009,0.0
GUY,2010,72.0
GUY,2011,74.0
GUY,2012,76.0
GUY,2013,78.0
GUY,2014,81.0
GUY,2015,80.0
GUY,2016,82.0
GUY,2017,81.0
GUY,2018,88.0
GUY,2019,87.0
GUY,2020,88.0
GUY,2021,87.0
GUY,2022,87.0
GUY,2023,88.0
GUY,2024,91.0
GUY,2025,91.0
HKG,1990,79.2
HKG,1995,88.0
HKG,2000,96.8
HKG,2005,105.6
HKG,2006,110.0
HKG,2007,0.0
HKG,2008,123.0
HKG,2009,0.0
HKG,2010,140.0
HKG,2011,149.0
HKG,2012,147.0
HKG,2013,152.0
HKG,2014,156.0
HKG,2015,152.0
HKG,2016,154.0
HKG,2017,152.0
HKG,2018,170.0
HKG,2019,168.0
HKG,2020,170.0
HKG,2021,171.0
HKG,2022,171.0
HKG,2023,171.0
HKG,2024,171.0
HKG,2025,170.0
HND,1990,57.6
HND,1995,64.0
HND,2000,70.4
HND,2005,76.8
HND,2006,80.0
HND,2007,0.0
HND,2008,100.0
HND,2009,0.0
HND,2010,105.0
HND,2011,112.0
HND,2012,110.0
HND,2013,114.0
HND,2014,116.0
HND,2015,116.0
HND,2016,119.0
HND,2017,121.0
HND,2018,138.0
HND,2019,134.0
HND,2020,134.0
HND,2021,132.0
HND,2022,133.0
HND,2023,133.0
HND,2024,135.0
HND,2025,131.0
HRV,1990,60.5
HRV,1995,67.2
HRV,2000,73.9
HRV,2005,80.6
HRV,2006,84.0
HRV,2007,0.0
HRV,2008,108.0
HRV,2009,0.0
HRV,2010,116.0
HRV,2011,122.0
HRV,2012,119.0
HRV,2013,129.0
HRV,2014,138.0
HRV,2015,141.0
HRV,2016,149.0
HRV,2017,153.0
HRV,2018,169.0
HRV,2019,168.0
HRV,2020,171.0
HRV,2021,172.0
HRV,2022,173.0
HRV,2023,174.0
HRV,2024,179.0
HRV,2025,183.0
HTI,1990,15.8
HTI,1995,17.6
HTI,2000,19.4
HTI,2005,21.1
HTI,2006,22.0
HTI,2007,0.0
HTI,2008,36.0
HTI,2009,0.0
HTI,2010,42.0
HTI,2011,42.0
HTI,2012,43.0
HTI,2013,46.0
HTI,2014,49.0
HTI,2015,45.0
HTI,2016,48.0
HTI,2017,50.0
HTI,2018,52.0
HTI,2019,49.0
HTI,2020,49.0
HTI,2021,48.0
HTI,2022,48.0
HTI,2023,49.0
HTI,2024,55.0
HTI,2025,52.0
HUN,1990,72.7
HUN,1995,80.8
HUN,2000,88.9
HUN,2005,97.0
HUN,2006,101.0
HUN,2007,0.0
HUN,2008,131.0
HUN,2009,0.0
HUN,2010,142.0
HUN,2011,157.0
HUN,2012,153.0
HUN,2013,157.0
HUN,2014,162.0
HUN,2015,162.0
HUN,2016,167.0
HUN,2017,167.0
HUN,2018,180.0
HUN,2019,180.0
HUN,2020,182.0
HUN,2021,183.0
HUN,2022,183.0
HUN,2023,184.0
HUN,2024,188.0
HUN,2025,185.0
IDN,1990,20.9
IDN,1995,23.2
IDN,2000,25.5
IDN,2005,27.8
IDN,2006,29.0
IDN,2007,0.0
IDN,2008,43.0
IDN,2009,0.0
IDN,2010,43.0
IDN,2011,51.0
IDN,2012,52.0
IDN,2013,53.0
IDN,2014,56.0
IDN,2015,55.0
IDN,2016,58.0
IDN,2017,57.0
IDN,2018,73.0
IDN,2019,70.0
IDN,2020,71.0
IDN,2021,71.0
IDN,2022,71.0
IDN,2023,71.0
IDN,2024,78.0
IDN,2025,74.0
IND,1990,18.0
IND,1995,20.0
IND,2000,22.0
IND,2005,24.0
IND,2006,25.0
IND,2007,0.0
IND,2008,37.0
IND,2009,0.0
IND,2010,50.0
IND,2011,53.0
IND,2012,51.0
IND,2013,52.0
IND,2014,52.0
IND,2015,51.0
IND,2016,52.0
IND,2017,49.0
IND,2018,60.0
IND,2019,59.0
IND,2020,58.0
IND,2021,58.0
IND,2022,60.0
IND,2023,60.0
IND,2024,62.0
IND,2025,58.0
IRL,1990,92.9
IRL,1995,103.2
IRL,2000,113.5
IRL,2005,123.8
IRL,2006,129.0
IRL,2007,0.0
IRL,2008,156.0
IRL,2009,0.0
IRL,2010,159.0
IRL,2011,169.0
IRL,2012,165.0
IRL,2013,170.0
IRL,2014,171.0
IRL,2015,169.0
IRL,2016,172.0
IRL,2017,172.0
IRL,2018,185.0
IRL,2019,184.0
IRL,2020,186.0
IRL,2021,187.0
IRL,2022,187.0
IRL,2023,187.0
IRL,2024,192.0
IRL,2025,189.0
IRN,1990,15.0
IRN,1995,15.0
IRN,2000,15.0
IRN,2005,15.0
IRN,2006,14.0
IRN,2007,0.0
IRN,2008,25.0
IRN,2009,0.0
IRN,2010,34.0
IRN,2011,36.0
IRN,2012,37.0
IRN,2013,40.0
IRN,2014,40.0
IRN,2015,37.0
IRN,2016,37.0
IRN,2017,38.0
IRN,2018,43.0
IRN,2019,40.0
IRN,2020,41.0
IRN,2021,41.0
IRN,2022,42.0
IRN,2023,43.0
IRN,2024,45.0
IRN,2025,42.0
IRQ,1990,15.0
IRQ,1995,15.0
IRQ,2000,15.0
IRQ,2005,15.0
IRQ,2006,15.0
IRQ,2007,0.0
IRQ,2008,23.0
IRQ,2009,0.0
IRQ,2010,27.0
IRQ,2011,28.0
IRQ,2012,30.0
IRQ,2013,31.0
IRQ,2014,31.0
IRQ,2015,29.0
IRQ,2016,30.0
IRQ,2017,27.0
IRQ,2018,30.0
IRQ,2019,27.0
IRQ,2020,28.0
IRQ,2021,28.0
IRQ,2022,28.0
IRQ,2023,29.0
IRQ,2024,31.0
IRQ,2025,30.0
ISL,1990,86.4
ISL,1995,96.0
ISL,2000,105.6
ISL,2005,115.2
ISL,2006,120.0
ISL,2007,0.0
ISL,2008,146.0
ISL,2009,0.0
ISL,2010,151.0
ISL,2011,164.0
ISL,2012,159.0
ISL,2013,165.0
ISL,2014,165.0
ISL,2015,164.0
ISL,2016,167.0
ISL,2017,169.0
ISL,2018,181.0
ISL,2019,180.0
ISL,2020,180.0
ISL,2021,180.0
ISL,2022,180.0
ISL,2023,180.0
ISL,2024,185.0
ISL,2025,182.0
ISR,1990,74.9
ISR,1995,83.2
ISR,2000,91.5
ISR,2005,99.8
ISR,2006,104.0
ISR,2007,0.0
ISR,2008,118.0
ISR,2009,0.0
ISR,2010,133.0
ISR,2011,142.0
ISR,2012,141.0
ISR,2013,144.0
ISR,2014,147.0
ISR,2015,145.0
ISR,2016,147.0
ISR,2017,148.0
ISR,2018,161.0
ISR,2019,159.0
ISR,2020,160.0
ISR,2021,158.0
ISR,2022,159.0
ISR,2023,159.0
ISR,2024,166.0
ISR,2025,168.0
ITA,1990,92.2
ITA,1995,102.4
ITA,2000,112.6
ITA,2005,122.9
ITA,2006,128.0
ITA,2007,0.0
ITA,2008,154.0
ITA,2009,0.0
ITA,2010,161.0
ITA,2011,171.0
ITA,2012,166.0
ITA,2013,171.0
ITA,2014,172.0
ITA,2015,171.0
ITA,2016,175.0
ITA,2017,174.0
ITA,2018,187.0
ITA,2019,187.0
ITA,2020,188.0
ITA,2021,189.0
ITA,2022,189.0
ITA,2023,189.0
ITA,2024,194.0
ITA,2025,189.0
JAM,1990,41.0
JAM,1995,45.6
JAM,2000,50.2
JAM,2005,54.7
JAM,2006,57.0
JAM,2007,0.0
JAM,2008,67.0
JAM,2009,0.0
JAM,2010,73.0
JAM,2011,75.0
JAM,2012,77.0
JAM,2013,77.0
JAM,2014,79.0
JAM,2015,76.0
JAM,2016,78.0
JAM,2017,78.0
JAM,2018,84.0
JAM,2019,84.0
JAM,2020,86.0
JAM,2021,85.0
JAM,2022,85.0
JAM,2023,87.0
JAM,2024,90.0
JAM,2025,88.0
JOR,1990,15.1
JOR,1995,16.8
JOR,2000,18.5
JOR,2005,20.2
JOR,2006,21.0
JOR,2007,0.0
JOR,2008,30.0
JOR,2009,0.0
JOR,2010,39.0
JOR,2011,40.0
JOR,2012,43.0
JOR,2013,44.0
JOR,2014,45.0
JOR,2015,44.0
JOR,2016,47.0
JOR,2017,43.0
JOR,2018,50.0
JOR,2019,49.0
JOR,2020,51.0
JOR,2021,50.0
JOR,2022,52.0
JOR,2023,53.0
JOR,2024,55.0
JOR,2025,51.0
JPN,1990,92.2
JPN,1995,102.4
JPN,2000,112.6
JPN,2005,122.9
JPN,2006,128.0
JPN,2007,0.0
JPN,2008,154.0
JPN,2009,0.0
JPN,2010,160.0
JPN,2011,170.0
JPN,2012,165.0
JPN,2013,170.0
JPN,2014,172.0
JPN,2015,171.0
JPN,2016,173.0
JPN,2017,172.0
JPN,2018,190.0
JPN,2019,190.0
JPN,2020,191.0
JPN,2021,192.0
JPN,2022,192.0
JPN,2023,193.0
JPN,2024,194.0
JPN,2025,190.0
KAZ,1990,20.2
KAZ,1995,22.4
KAZ,2000,24.6
KAZ,2005,26.9
KAZ,2006,28.0
KAZ,2007,0.0
KAZ,2008,47.0
KAZ,2009,0.0
KAZ,2010,54.0
KAZ,2011,58.0
KAZ,2012,61.0
KAZ,2013,61.0
KAZ,2014,66.0
KAZ,2015,65.0
KAZ,2016,67.0
KAZ,2017,71.0
KAZ,2018,76.0
KAZ,2019,75.0
KAZ,2020,75.0
KAZ,2021,74.0
KAZ,2022,75.0
KAZ,2023,76.0
KAZ,2024,78.0
KAZ,2025,79.0
KEN,1990,33.1
KEN,1995,36.8
KEN,2000,40.5
KEN,2005,44.2
KEN,2006,46.0
KEN,2007,0.0
KEN,2008,58.0
KEN,2009,0.0
KEN,2010,65.0
KEN,2011,65.0
KEN,2012,68.0
KEN,2013,68.0
KEN,2014,71.0
KEN,2015,70.0
KEN,2016,68.0
KEN,2017,69.0
KEN,2018,71.0
KEN,2019,71.0
KEN,2020,72.0
KEN,2021,72.0
KEN,2022,72.0
KEN,2023,73.0
KEN,2024,76.0
KEN,2025,71.0
KGZ,1990,20.2
KGZ,1995,22.4
KGZ,2000,24.6
KGZ,2005,26.9
KGZ,2006,28.0
KGZ,2007,0.0
KGZ,2008,44.0
KGZ,2009,0.0
KGZ,2010,53.0
KGZ,2011,55.0
KGZ,2012,56.0
KGZ,2013,56.0
KGZ,2014,58.0
KGZ,2015,56.0
KGZ,2016,58.0
KGZ,2017,58.0
KGZ,2018,63.0
KGZ,2019,62.0
KGZ,2020,63.0
KGZ,2021,62.0
KGZ,2022,63.0
KGZ,2023,64.0
KGZ,2024,65.0
KGZ,2025,63.0
KHM,1990,15.0
KHM,1995,15.0
KHM,2000,15.0
KHM,2005,16.3
KHM,2006,17.0
KHM,2007,0.0
KHM,2008,29.0
KHM,2009,0.0
KHM,2010,39.0
KHM,2011,40.0
KHM,2012,42.0
KHM,2013,47.0
KHM,2014,50.0
KHM,2015,47.0
KHM,2016,50.0
KHM,2017,48.0
KHM,2018,54.0
KHM,2019,53.0
KHM,2020,54.0
KHM,2021,53.0
KHM,2022,53.0
KHM,2023,54.0
KHM,2024,56.0
KHM,2025,51.0
KIR,1990,35.3
KIR,1995,39.2
KIR,2000,43.1
KIR,2005,47.0
KIR,2006,49.0
KIR,2007,0.0
KIR,2008,67.0
KIR,2009,0.0
KIR,2010,73.0
KIR,2011,74.0
KIR,2012,75.0
KIR,2013,78.0
KIR,2014,82.0
KIR,2015,80.0
KIR,2016,79.0
KIR,2017,109.0
KIR,2018,123.0
KIR,2019,122.0
KIR,2020,123.0
KIR,2021,123.0
KIR,2022,123.0
KIR,2023,124.0
KIR,2024,124.0
KIR,2025,123.0
KNA,1990,44.6
KNA,1995,49.6
KNA,2000,54.6
KNA,2005,59.5
KNA,2006,62.0
KNA,2007,0.0
KNA,2008,84.0
KNA,2009,0.0
KNA,2010,121.0
KNA,2011,131.0
KNA,2012,128.0
KNA,2013,131.0
KNA,2014,132.0
KNA,2015,131.0
KNA,2016,132.0
KNA,2017,136.0
KNA,2018,151.0
KNA,2019,154.0
KNA,2020,156.0
KNA,2021,157.0
KNA,2022,157.0
KNA,2023,157.0
KNA,2024,157.0
KNA,2025,154.0
KOR,1990,82.8
KOR,1995,92.0
KOR,2000,101.2
KOR,2005,110.4
KOR,2006,115.0
KOR,2007,0.0
KOR,2008,144.0
KOR,2009,0.0
KOR,2010,151.0
KOR,2011,163.0
KOR,2012,160.0
KOR,2013,166.0
KOR,2014,172.0
KOR,2015,171.0
KOR,2016,172.0
KOR,2017,170.0
KOR,2018,188.0
KOR,2019,188.0
KOR,2020,189.0
KOR,2021,190.0
KOR,2022,190.0
KOR,2023,192.0
KOR,2024,193.0
KOR,2025,190.0
KWT,1990,28.1
KWT,1995,31.2
KWT,2000,34.3
KWT,2005,37.4
KWT,2006,39.0
KWT,2007,0.0
KWT,2008,56.0
KWT,2009,0.0
KWT,2010,71.0
KWT,2011,71.0
KWT,2012,72.0
KWT,2013,77.0
KWT,2014,78.0
KWT,2015,78.0
KWT,2016,82.0
KWT,2017,80.0
KWT,2018,93.0
KWT,2019,93.0
KWT,2020,96.0
KWT,2021,95.0
KWT,2022,95.0
KWT,2023,97.0
KWT,2024,102.0
KWT,2025,100.0
LAO,1990,15.0
LAO,1995,16.0
LAO,2000,17.6
LAO,2005,19.2
LAO,2006,20.0
LAO,2007,0.0
LAO,2008,33.0
LAO,2009,0.0
LAO,2010,42.0
LAO,2011,42.0
LAO,2012,44.0
LAO,2013,46.0
LAO,2014,48.0
LAO,2015,45.0
LAO,2016,47.0
LAO,2017,48.0
LAO,2018,52.0
LAO,2019,49.0
LAO,2020,50.0
LAO,2021,49.0
LAO,2022,50.0
LAO,2023,50.0
LAO,2024,51.0
LAO,2025,47.0
LBN,1990,15.0
LBN,1995,15.0
LBN,2000,15.0
LBN,2005,16.3
LBN,2006,17.0
LBN,2007,0.0
LBN,2008,27.0
LBN,2009,0.0
LBN,2010,32.0
LBN,2011,33.0
LBN,2012,35.0
LBN,2013,38.0
LBN,2014,39.0
LBN,2015,37.0
LBN,2016,39.0
LBN,2017,37.0
LBN,2018,41.0
LBN,2019,39.0
LBN,2020,40.0
LBN,2021,41.0
LBN,2022,41.0
LBN,2023,42.0
LBN,2024,45.0
LBN,2025,44.0
LBR,1990,22.3
LBR,1995,24.8
LBR,2000,27.3
LBR,2005,29.8
LBR,2006,31.0
LBR,2007,0.0
LBR,2008,40.0
LBR,2009,0.0
LBR,2010,45.0
LBR,2011,44.0
LBR,2012,46.0
LBR,2013,46.0
LBR,2014,48.0
LBR,2015,37.0
LBR,2016,43.0
LBR,2017,43.0
LBR,2018,47.0
LBR,2019,48.0
LBR,2020,49.0
LBR,2021,49.0
LBR,2022,49.0
LBR,2023,49.0
LBR,2024,51.0
LBR,2025,51.0
LBY,1990,15.0
LBY,1995,15.2
LBY,2000,16.7
LBY,2005,18.2
LBY,2006,19.0
LBY,2007,0.0
LBY,2008,32.0
LBY,2009,0.0
LBY,2010,39.0
LBY,2011,38.0
LBY,2012,39.0
LBY,2013,39.0
LBY,2014,38.0
LBY,2015,37.0
LBY,2016,36.0
LBY,2017,33.0
LBY,2018,41.0
LBY,2019,37.0
LBY,2020,38.0
LBY,2021,40.0
LBY,2022,40.0
LBY,2023,41.0
LBY,2024,40.0
LBY,2025,38.0
LCA,1990,45.4
LCA,1995,50.4
LCA,2000,55.4
LCA,2005,60.5
LCA,2006,63.0
LCA,2007,0.0
LCA,2008,84.0
LCA,2009,0.0
LCA,2010,89.0
LCA,2011,91.0
LCA,2012,93.0
LCA,2013,94.0
LCA,2014,98.0
LCA,2015,121.0
LCA,2016,125.0
LCA,2017,127.0
LCA,2018,146.0
LCA,2019,145.0
LCA,2020,146.0
LCA,2021,146.0
LCA,2022,146.0
LCA,2023,147.0
LCA,2024,148.0
LCA,2025,146.0
LIE,1990,83.5
LIE,1995,92.8
LIE,2000,102.1
LIE,2005,111.4
LIE,2006,116.0
LIE,2007,0.0
LIE,2008,140.0
LIE,2009,0.0
LIE,2010,147.0
LIE,2011,158.0
LIE,2012,155.0
LIE,2013,159.0
LIE,2014,161.0
LIE,2015,161.0
LIE,2016,164.0
LIE,2017,165.0
LIE,2018,178.0
LIE,2019,177.0
LIE,2020,178.0
LIE,2021,178.0
LIE,2022,178.0
LIE,2023,178.0
LIE,2024,182.0
LIE,2025,181.0
LKA,1990,15.8
LKA,1995,17.6
LKA,2000,19.4
LKA,2005,21.1
LKA,2006,22.0
LKA,2007,0.0
LKA,2008,33.0
LKA,2009,0.0
LKA,2010,43.0
LKA,2011,38.0
LKA,2012,37.0
LKA,2013,38.0
LKA,2014,39.0
LKA,2015,38.0
LKA,2016,39.0
LKA,2017,38.0
LKA,2018,42.0
LKA,2019,43.0
LKA,2020,42.0
LKA,2021,41.0
LKA,2022,41.0
LKA,2023,42.0
LKA,2024,43.0
LKA,2025,42.0
LSO,1990,36.7
LSO,1995,40.8
LSO,2000,44.9
LSO,2005,49.0
LSO,2006,51.0
LSO,2007,0.0
LSO,2008,62.0
LSO,2009,0.0
LSO,2010,65.0
LSO,2011,65.0
LSO,2012,67.0
LSO,2013,68.0
LSO,2014,72.0
LSO,2015,69.0
LSO,2016,69.0
LSO,2017,67.0
LSO,2018,74.0
LSO,2019,74.0
LSO,2020,76.0
LSO,2021,77.0
LSO,2022,77.0
LSO,2023,77.0
LSO,2024,80.0
LSO,2025,76.0
LTU,1990,67.7
LTU,1995,75.2
LTU,2000,82.7
LTU,2005,90.2
LTU,2006,94.0
LTU,2007,0.0
LTU,2008,125.0
LTU,2009,0.0
LTU,2010,140.0
LTU,2011,153.0
LTU,2012,149.0
LTU,2013,151.0
LTU,2014,157.0
LTU,2015,158.0
LTU,2016,162.0
LTU,2017,166.0
LTU,2018,179.0
LTU,2019,181.0
LTU,2020,181.0
LTU,2021,182.0
LTU,2022,182.0
LTU,2023,183.0
LTU,2024,187.0
LTU,2025,182.0
LUX,1990,90.0
LUX,1995,100.0
LUX,2000,110.0
LUX,2005,120.0
LUX,2006,125.0
LUX,2007,0.0
LUX,2008,154.0
LUX,2009,0.0
LUX,2010,162.0
LUX,2011,171.0
LUX,2012,166.0
LUX,2013,172.0
LUX,2014,172.0
LUX,2015,171.0
LUX,2016,172.0
LUX,2017,173.0
LUX,2018,186.0
LUX,2019,187.0
LUX,2020,188.0
LUX,2021,189.0
LUX,2022,189.0
LUX,2023,189.0
LUX,2024,191.0
LUX,2025,188.0
LVA,1990,65.5
LVA,1995,72.8
LVA,2000,80.1
LVA,2005,87.4
LVA,2006,91.0
LVA,2007,0.0
LVA,2008,127.0
LVA,2009,0.0
LVA,2010,139.0
LVA,2011,153.0
LVA,2012,148.0
LVA,2013,152.0
LVA,2014,158.0
LVA,2015,159.0
LVA,2016,163.0
LVA,2017,165.0
LVA,2018,179.0
LVA,2019,180.0
LVA,2020,180.0
LVA,2021,181.0
LVA,2022,181.0
LVA,2023,182.0
LVA,2024,186.0
LVA,2025,183.0
MAC,1990,51.1
MAC,1995,56.8
MAC,2000,62.5
MAC,2005,68.2
MAC,2006,71.0
MAC,2007,0.0
MAC,2008,87.0
MAC,2009,0.0
MAC,2010,99.0
MAC,2011,109.0
MAC,2012,107.0
MAC,2013,118.0
MAC,2014,122.0
MAC,2015,120.0
MAC,2016,120.0
MAC,2017,127.0
MAC,2018,144.0
MAC,2019,141.0
MAC,2020,144.0
MAC,2021,144.0
MAC,2022,144.0
MAC,2023,144.0
MAC,2024,144.0
MAC,2025,144.0
MAR,1990,21.6
MAR,1995,24.0
MAR,2000,26.4
MAR,2005,28.8
MAR,2006,30.0
MAR,2007,0.0
MAR,2008,42.0
MAR,2009,0.0
MAR,2010,51.0
MAR,2011,50.0
MAR,2012,51.0
MAR,2013,51.0
MAR,2014,55.0
MAR,2015,56.0
MAR,2016,59.0
MAR,2017,58.0
MAR,2018,61.0
MAR,2019,62.0
MAR,2020,64.0
MAR,2021,63.0
MAR,2022,64.0
MAR,2023,65.0
MAR,2024,71.0
MAR,2025,73.0
MCO,1990,77.8
MCO,1995,86.4
MCO,2000,95.0
MCO,2005,103.7
MCO,2006,108.0
MCO,2007,0.0
MCO,2008,131.0
MCO,2009,0.0
MCO,2010,138.0
MCO,2011,150.0
MCO,2012,147.0
MCO,2013,148.0
MCO,2014,150.0
MCO,2015,151.0
MCO,2016,160.0
MCO,2017,160.0
MCO,2018,174.0
MCO,2019,173.0
MCO,2020,174.0
MCO,2021,174.0
MCO,2022,174.0
MCO,2023,174.0
MCO,2024,178.0
MCO,2025,177.0
MDA,1990,15.0
MDA,1995,15.0
MDA,2000,15.0
MDA,2005,15.0
MDA,2008,0.0
MDA,2009,0.0
MDA,2010,0.0
MDA,2011,0.0
MDA,2012,0.0
MDA,2013,59.0
MDA,2014,89.0
MDA,2015,95.0
MDA,2016,101.0
MDA,2017,102.0
MDA,2018,122.0
MDA,2019,119.0
MDA,2020,120.0
MDA,2021,120.0
MDA,2022,120.0
MDA,2023,121.0
MDA,2024,122.0
MDA,2025,121.0
MDG,1990,18.0
MDG,1995,20.0
MDG,2000,22.0
MDG,2005,24.0
MDG,2006,25.0
MDG,2007,0.0
MDG,2008,39.0
MDG,2009,0.0
MDG,2010,44.0
MDG,2011,44.0
MDG,2012,47.0
MDG,2013,49.0
MDG,2014,49.0
MDG,2015,46.0
MDG,2016,48.0
MDG,2017,50.0
MDG,2018,53.0
MDG,2019,54.0
MDG,2020,55.0
MDG,2021,55.0
MDG,2022,55.0
MDG,2023,55.0
MDG,2024,60.0
MDG,2025,58.0
MDV,1990,33.1
MDV,1995,36.8
MDV,2000,40.5
MDV,2005,44.2
MDV,2006,46.0
MDV,2007,0.0
MDV,2008,64.0
MDV,2009,0.0
MDV,2010,73.0
MDV,2011,76.0
MDV,2012,78.0
MDV,2013,80.0
MDV,2014,84.0
MDV,2015,81.0
MDV,2016,80.0
MDV,2017,80.0
MDV,2018,87.0
MDV,2019,84.0
MDV,2020,85.0
MDV,2021,87.0
MDV,2022,88.0
MDV,2023,89.0
MDV,2024,95.0
MDV,2025,93.0
MEX,1990,70.6
MEX,1995,78.4
MEX,2000,86.2
MEX,2005,94.1
MEX,2006,98.0
MEX,2007,0.0
MEX,2008,114.0
MEX,2009,0.0
MEX,2010,120.0
MEX,2011,129.0
MEX,2012,127.0
MEX,2013,132.0
MEX,2014,133.0
MEX,2015,133.0
MEX,2016,139.0
MEX,2017,142.0
MEX,2018,158.0
MEX,2019,158.0
MEX,2020,159.0
MEX,2021,158.0
MEX,2022,159.0
MEX,2023,159.0
MEX,2024,161.0
MEX,2025,158.0
MHL,1990,25.9
MHL,1995,28.8
MHL,2000,31.7
MHL,2005,34.6
MHL,2006,36.0
MHL,2007,0.0
MHL,2008,57.0
MHL,2009,0.0
MHL,2010,63.0
MHL,2011,69.0
MHL,2012,72.0
MHL,2013,77.0
MHL,2014,79.0
MHL,2015,77.0
MHL,2016,79.0
MHL,2017,112.0
MHL,2018,124.0
MHL,2019,122.0
MHL,2020,123.0
MHL,2021,122.0
MHL,2022,122.0
MHL,2023,123.0
MHL,2024,126.0
MHL,2025,128.0
MKD,1990,15.0
MKD,1995,15.0
MKD,2000,15.0
MKD,2005,15.0
MKD,2008,0.0
MKD,2009,0.0
MKD,2010,0.0
MKD,2011,0.0
MKD,2012,0.0
MKD,2013,0.0
MKD,2014,0.0
MKD,2015,0.0
MKD,2016,0.0
MKD,2017,0.0
MKD,2018,125.0
MKD,2019,123.0
MKD,2020,124.0
MKD,2021,125.0
MKD,2022,125.0
MKD,2023,125.0
MKD,2024,127.0
MKD,2025,129.0
MLI,1990,27.4
MLI,1995,30.4
MLI,2000,33.4
MLI,2005,36.5
MLI,2006,38.0
MLI,2007,0.0
MLI,2008,47.0
MLI,2009,0.0
MLI,2010,52.0
MLI,2011,51.0
MLI,2012,54.0
MLI,2013,53.0
MLI,2014,54.0
MLI,2015,50.0
MLI,2016,52.0
MLI,2017,51.0
MLI,2018,55.0
MLI,2019,54.0
MLI,2020,54.0
MLI,2021,54.0
MLI,2022,54.0
MLI,2023,54.0
MLI,2024,56.0
MLI,2025,55.0
MLT,1990,82.8
MLT,1995,92.0
MLT,2000,101.2
MLT,2005,110.4
MLT,2006,115.0
MLT,2007,0.0
MLT,2008,139.0
MLT,2009,0.0
MLT,2010,146.0
MLT,2011,160.0
MLT,2012,156.0
MLT,2013,163.0
MLT,2014,166.0
MLT,2015,166.0
MLT,2016,168.0
MLT,2017,167.0
MLT,2018,183.0
MLT,2019,183.0
MLT,2020,184.0
MLT,2021,185.0
MLT,2022,185.0
MLT,2023,185.0
MLT,2024,190.0
MLT,2025,185.0
MMR,1990,15.0
MMR,1995,15.0
MMR,2000,15.0
MMR,2005,15.0
MMR,2006,15.0
MMR,2007,0.0
MMR,2008,27.0
MMR,2009,0.0
MMR,2010,34.0
MMR,2011,34.0
MMR,2012,37.0
MMR,2013,40.0
MMR,2014,42.0
MMR,2015,40.0
MMR,2016,42.0
MMR,2017,41.0
MMR,2018,48.0
MMR,2019,46.0
MMR,2020,47.0
MMR,2021,46.0
MMR,2022,46.0
MMR,2023,47.0
MMR,2024,48.0
MMR,2025,44.0
MNE,1990,15.0
MNE,1995,15.0
MNE,2000,15.0
MNE,2005,15.0
MNE,2006,0.0
MNE,2007,0.0
MNE,2008,0.0
MNE,2009,0.0
MNE,2010,86.0
MNE,2011,97.0
MNE,2012,94.0
MNE,2013,98.0
MNE,2014,99.0
MNE,2015,104.0
MNE,2016,107.0
MNE,2017,107.0
MNE,2018,123.0
MNE,2019,122.0
MNE,2020,124.0
MNE,2021,123.0
MNE,2022,123.0
MNE,2023,124.0
MNE,2024,126.0
MNE,2025,128.0
MNG,1990,17.3
MNG,1995,19.2
MNG,2000,21.1
MNG,2005,23.0
MNG,2006,24.0
MNG,2007,0.0
MNG,2008,39.0
MNG,2009,0.0
MNG,2010,45.0
MNG,2011,43.0
MNG,2012,49.0
MNG,2013,51.0
MNG,2014,51.0
MNG,2015,52.0
MNG,2016,56.0
MNG,2017,54.0
MNG,2018,61.0
MNG,2019,62.0
MNG,2020,62.0
MNG,2021,61.0
MNG,2022,61.0
MNG,2023,62.0
MNG,2024,63.0
MNG,2025,65.0
MOZ,1990,15.8
MOZ,1995,17.6
MOZ,2000,19.4
MOZ,2005,21.1
MOZ,2006,22.0
MOZ,2007,0.0
MOZ,2008,37.0
MOZ,2009,0.0
MOZ,2010,45.0
MOZ,2011,44.0
MOZ,2012,49.0
MOZ,2013,49.0
MOZ,2014,51.0
MOZ,2015,49.0
MOZ,2016,51.0
MOZ,2017,55.0
MOZ,2018,58.0
MOZ,2019,60.0
MOZ,2020,62.0
MOZ,2021,62.0
MOZ,2022,62.0
MOZ,2023,62.0
MOZ,2024,63.0
MOZ,2025,62.0
MRT,1990,28.1
MRT,1995,31.2
MRT,2000,34.3
MRT,2005,37.4
MRT,2006,39.0
MRT,2007,0.0
MRT,2008,49.0
MRT,2009,0.0
MRT,2010,52.0
MRT,2011,52.0
MRT,2012,54.0
MRT,2013,55.0
MRT,2014,55.0
MRT,2015,53.0
MRT,2016,55.0
MRT,2017,54.0
MRT,2018,58.0
MRT,2019,58.0
MRT,2020,59.0
MRT,2021,59.0
MRT,2022,59.0
MRT,2023,59.0
MRT,2024,59.0
MRT,2025,57.0
MUS,1990,37.4
MUS,1995,41.6
MUS,2000,45.8
MUS,2005,49.9
MUS,2006,52.0
MUS,2007,0.0
MUS,2008,67.0
MUS,2009,0.0
MUS,2010,111.0
MUS,2011,122.0
MUS,2012,120.0
MUS,2013,123.0
MUS,2014,125.0
MUS,2015,124.0
MUS,2016,128.0
MUS,2017,131.0
MUS,2018,146.0
MUS,2019,146.0
MUS,2020,148.0
MUS,2021,146.0
MUS,2022,146.0
MUS,2023,146.0
MUS,2024,150.0
MUS,2025,149.0
MWI,1990,34.6
MWI,1995,38.4
MWI,2000,42.2
MWI,2005,46.1
MWI,2006,48.0
MWI,2007,0.0
MWI,2008,60.0
MWI,2009,0.0
MWI,2010,65.0
MWI,2011,65.0
MWI,2012,66.0
MWI,2013,67.0
MWI,2014,69.0
MWI,2015,66.0
MWI,2016,67.0
MWI,2017,67.0
MWI,2018,71.0
MWI,2019,72.0
MWI,2020,73.0
MWI,2021,73.0
MWI,2022,73.0
MWI,2023,74.0
MWI,2024,76.0
MWI,2025,73.0
MYS,1990,86.4
MYS,1995,96.0
MYS,2000,105.6
MYS,2005,115.2
MYS,2006,120.0
MYS,2007,0.0
MYS,2008,145.0
MYS,2009,0.0
MYS,2010,151.0
MYS,2011,158.0
MYS,2012,153.0
MYS,2013,163.0
MYS,2014,166.0
MYS,2015,163.0
MYS,2016,164.0
MYS,2017,164.0
MYS,2018,180.0
MYS,2019,177.0
MYS,2020,178.0
MYS,2021,179.0
MYS,2022,179.0
MYS,2023,179.0
MYS,2024,182.0
MYS,2025,181.0
NAM,1990,29.5
NAM,1995,32.8
NAM,2000,36.1
NAM,2005,39.4
NAM,2006,41.0
NAM,2007,0.0
NAM,2008,58.0
NAM,2009,0.0
NAM,2010,67.0
NAM,2011,65.0
NAM,2012,67.0
NAM,2013,68.0
NAM,2014,71.0
NAM,2015,70.0
NAM,2016,70.0
NAM,2017,71.0
NAM,2018,76.0
NAM,2019,76.0
NAM,2020,77.0
NAM,2021,78.0
NAM,2022,78.0
NAM,2023,79.0
NAM,2024,80.0
NAM,2025,78.0
NER,1990,26.6
NER,1995,29.6
NER,2000,32.6
NER,2005,35.5
NER,2006,37.0
NER,2007,0.0
NER,2008,47.0
NER,2009,0.0
NER,2010,51.0
NER,2011,48.0
NER,2012,52.0
NER,2013,53.0
NER,2014,54.0
NER,2015,51.0
NER,2016,55.0
NER,2017,52.0
NER,2018,54.0
NER,2019,54.0
NER,2020,54.0
NER,2021,53.0
NER,2022,53.0
NER,2023,53.0
NER,2024,57.0
NER,2025,57.0
NGA,1990,25.2
NGA,1995,28.0
NGA,2000,30.8
NGA,2005,33.6
NGA,2006,35.0
NGA,2007,0.0
NGA,2008,45.0
NGA,2009,0.0
NGA,2010,51.0
NGA,2011,46.0
NGA,2012,46.0
NGA,2013,48.0
NGA,2014,49.0
NGA,2015,44.0
NGA,2016,45.0
NGA,2017,44.0
NGA,2018,47.0
NGA,2019,46.0
NGA,2020,46.0
NGA,2021,45.0
NGA,2022,45.0
NGA,2023,46.0
NGA,2024,45.0
NGA,2025,45.0
NIC,1990,54.0
NIC,1995,60.0
NIC,2000,66.0
NIC,2005,72.0
NIC,2006,75.0
NIC,2007,0.0
NIC,2008,93.0
NIC,2009,0.0
NIC,2010,101.0
NIC,2011,108.0
NIC,2012,105.0
NIC,2013,109.0
NIC,2014,110.0
NIC,2015,108.0
NIC,2016,110.0
NIC,2017,112.0
NIC,2018,128.0
NIC,2019,128.0
NIC,2020,129.0
NIC,2021,126.0
NIC,2022,127.0
NIC,2023,128.0
NIC,2024,130.0
NIC,2025,127.0
NLD,1990,90.7
NLD,1995,100.8
NLD,2000,110.9
NLD,2005,121.0
NLD,2006,126.0
NLD,2007,0.0
NLD,2008,154.0
NLD,2009,0.0
NLD,2010,161.0
NLD,2011,171.0
NLD,2012,167.0
NLD,2013,171.0
NLD,2014,172.0
NLD,2015,171.0
NLD,2016,174.0
NLD,2017,173.0
NLD,2018,186.0
NLD,2019,185.0
NLD,2020,186.0
NLD,2021,187.0
NLD,2022,188.0
NLD,2023,188.0
NLD,2024,192.0
NLD,2025,188.0
NOR,1990,91.4
NOR,1995,101.6
NOR,2000,111.8
NOR,2005,121.9
NOR,2006,127.0
NOR,2007,0.0
NOR,2008,153.0
NOR,2009,0.0
NOR,2010,159.0
NOR,2011,170.0
NOR,2012,165.0
NOR,2013,170.0
NOR,2014,171.0
NOR,2015,171.0
NOR,2016,172.0
NOR,2017,173.0
NOR,2018,186.0
NOR,2019,184.0
NOR,2020,185.0
NOR,2021,185.0
NOR,2022,186.0
NOR,2023,186.0
NOR,2024,191.0
NOR,2025,188.0
NPL,1990,15.0
NPL,1995,16.0
NPL,2000,17.6
NPL,2005,19.2
NPL,2006,20.0
NPL,2007,0.0
NPL,2008,32.0
NPL,2009,0.0
NPL,2010,38.0
NPL,2011,34.0
NPL,2012,35.0
NPL,2013,37.0
NPL,2014,37.0
NPL,2015,34.0
NPL,2016,37.0
NPL,2017,36.0
NPL,2018,40.0
NPL,2019,38.0
NPL,2020,38.0
NPL,2021,37.0
NPL,2022,37.0
NPL,2023,38.0
NPL,2024,40.0
NPL,2025,38.0
NRU,1990,31.7
NRU,1995,35.2
NRU,2000,38.7
NRU,2005,42.2
NRU,2006,44.0
NRU,2007,0.0
NRU,2008,64.0
NRU,2009,0.0
NRU,2010,73.0
NRU,2011,73.0
NRU,2012,75.0
NRU,2013,78.0
NRU,2014,81.0
NRU,2015,79.0
NRU,2016,80.0
NRU,2017,80.0
NRU,2018,86.0
NRU,2019,87.0
NRU,2020,89.0
NRU,2021,89.0
NRU,2022,89.0
NRU,2023,90.0
NRU,2024,90.0
NRU,2025,87.0
NZL,1990,90.0
NZL,1995,100.0
NZL,2000,110.0
NZL,2005,120.0
NZL,2006,125.0
NZL,2007,0.0
NZL,2008,150.0
NZL,2009,0.0
NZL,2010,157.0
NZL,2011,166.0
NZL,2012,165.0
NZL,2013,168.0
NZL,2014,170.0
NZL,2015,170.0
NZL,2016,171.0
NZL,2017,172.0
NZL,2018,182.0
NZL,2019,182.0
NZL,2020,185.0
NZL,2021,186.0
NZL,2022,186.0
NZL,2023,186.0
NZL,2024,189.0
NZL,2025,187.0
OMN,1990,25.9
OMN,1995,28.8
OMN,2000,31.7
OMN,2005,34.6
OMN,2006,36.0
OMN,2007,0.0
OMN,2008,49.0
OMN,2009,0.0
OMN,2010,61.0
OMN,2011,60.0
OMN,2012,61.0
OMN,2013,63.0
OMN,2014,66.0
OMN,2015,68.0
OMN,2016,71.0
OMN,2017,69.0
OMN,2018,78.0
OMN,2019,79.0
OMN,2020,80.0
OMN,2021,80.0
OMN,2022,80.0
OMN,2023,82.0
OMN,2024,90.0
OMN,2025,89.0
PAK,1990,15.0
PAK,1995,15.0
PAK,2000,15.0
PAK,2005,16.3
PAK,2006,17.0
PAK,2007,0.0
PAK,2008,25.0
PAK,2009,0.0
PAK,2010,36.0
PAK,2011,31.0
PAK,2012,32.0
PAK,2013,32.0
PAK,2014,32.0
PAK,2015,31.0
PAK,2016,29.0
PAK,2017,28.0
PAK,2018,33.0
PAK,2019,31.0
PAK,2020,32.0
PAK,2021,31.0
PAK,2022,31.0
PAK,2023,32.0
PAK,2024,34.0
PAK,2025,32.0
PAN,1990,59.0
PAN,1995,65.6
PAN,2000,72.2
PAN,2005,78.7
PAN,2006,82.0
PAN,2007,0.0
PAN,2008,100.0
PAN,2009,0.0
PAN,2010,106.0
PAN,2011,114.0
PAN,2012,113.0
PAN,2013,121.0
PAN,2014,124.0
PAN,2015,125.0
PAN,2016,127.0
PAN,2017,127.0
PAN,2018,141.0
PAN,2019,140.0
PAN,2020,142.0
PAN,2021,141.0
PAN,2022,142.0
PAN,2023,144.0
PAN,2024,149.0
PAN,2025,148.0
PER,1990,29.5
PER,1995,32.8
PER,2000,36.1
PER,2005,39.4
PER,2006,41.0
PER,2007,0.0
PER,2008,62.0
PER,2009,0.0
PER,2010,71.0
PER,2011,75.0
PER,2012,76.0
PER,2013,80.0
PER,2014,83.0
PER,2015,82.0
PER,2016,86.0
PER,2017,118.0
PER,2018,135.0
PER,2019,135.0
PER,2020,135.0
PER,2021,134.0
PER,2022,135.0
PER,2023,136.0
PER,2024,142.0
PER,2025,143.0
PHL,1990,23.8
PHL,1995,26.4
PHL,2000,29.0
PHL,2005,31.7
PHL,2006,33.0
PHL,2007,0.0
PHL,2008,50.0
PHL,2009,0.0
PHL,2010,54.0
PHL,2011,58.0
PHL,2012,59.0
PHL,2013,58.0
PHL,2014,62.0
PHL,2015,60.0
PHL,2016,61.0
PHL,2017,61.0
PHL,2018,66.0
PHL,2019,65.0
PHL,2020,66.0
PHL,2021,65.0
PHL,2022,66.0
PHL,2023,67.0
PHL,2024,69.0
PHL,2025,65.0
PLW,1990,15.0
PLW,1995,15.0
PLW,2000,15.0
PLW,2005,15.0
PLW,2008,0.0
PLW,2009,0.0
PLW,2010,0.0
PLW,2011,0.0
PLW,2012,0.0
PLW,2013,0.0
PLW,2014,0.0
PLW,2015,0.0
PLW,2016,0.0
PLW,2017,0.0
PLW,2018,119.0
PLW,2019,119.0
PLW,2020,120.0
PLW,2021,119.0
PLW,2022,119.0
PLW,2023,120.0
PLW,2024,123.0
PLW,2025,123.0
PNG,1990,29.5
PNG,1995,32.8
PNG,2000,36.1
PNG,2005,39.4
PNG,2006,41.0
PNG,2007,0.0
PNG,2008,59.0
PNG,2009,0.0
PNG,2010,70.0
PNG,2011,70.0
PNG,2012,72.0
PNG,2013,75.0
PNG,2014,78.0
PNG,2015,76.0
PNG,2016,77.0
PNG,2017,76.0
PNG,2018,83.0
PNG,2019,83.0
PNG,2020,84.0
PNG,2021,82.0
PNG,2022,82.0
PNG,2023,83.0
PNG,2024,85.0
PNG,2025,86.0
POL,1990,76.3
POL,1995,84.8
POL,2000,93.3
POL,2005,101.8
POL,2006,106.0
POL,2007,0.0
POL,2008,132.0
POL,2009,0.0
POL,2010,145.0
POL,2011,154.0
POL,2012,150.0
POL,2013,153.0
POL,2014,157.0
POL,2015,157.0
POL,2016,161.0
POL,2017,162.0
POL,2018,175.0
POL,2019,174.0
POL,2020,181.0
POL,2021,182.0
POL,2022,183.0
POL,2023,184.0
POL,2024,189.0
POL,2025,185.0
PRK,1990,15.0
PRK,1995,15.0
PRK,2000,15.8
PRK,2005,17.3
PRK,2006,18.0
PRK,2007,0.0
PRK,2008,29.0
PRK,2009,0.0
PRK,2010,36.0
PRK,2011,37.0
PRK,2012,39.0
PRK,2013,41.0
PRK,2014,42.0
PRK,2015,39.0
PRK,2016,42.0
PRK,2017,40.0
PRK,2018,42.0
PRK,2019,39.0
PRK,2020,39.0
PRK,2021,39.0
PRK,2022,39.0
PRK,2023,40.0
PRK,2024,42.0
PRK,2025,40.0
PRT,1990,88.6
PRT,1995,98.4
PRT,2000,108.2
PRT,2005,118.1
PRT,2006,123.0
PRT,2007,0.0
PRT,2008,156.0
PRT,2009,0.0
PRT,2010,158.0
PRT,2011,170.0
PRT,2012,165.0
PRT,2013,170.0
PRT,2014,172.0
PRT,2015,170.0
PRT,2016,172.0
PRT,2017,171.0
PRT,2018,186.0
PRT,2019,185.0
PRT,2020,186.0
PRT,2021,187.0
PRT,2022,187.0
PRT,2023,187.0
PRT,2024,191.0
PRT,2025,188.0
PRY,1990,59.0
PRY,1995,65.6
PRY,2000,72.2
PRY,2005,78.7
PRY,2006,82.0
PRY,2007,0.0
PRY,2008,104.0
PRY,2009,0.0
PRY,2010,112.0
PRY,2011,121.0
PRY,2012,119.0
PRY,2013,124.0
PRY,2014,123.0
PRY,2015,123.0
PRY,2016,125.0
PRY,2017,128.0
PRY,2018,143.0
PRY,2019,142.0
PRY,2020,141.0
PRY,2021,141.0
PRY,2022,141.0
PRY,2023,142.0
PRY,2024,146.0
PRY,2025,146.0
PSE,1990,15.0
PSE,1995,15.0
PSE,2000,15.0
PSE,2005,15.0
PSE,2008,0.0
PSE,2009,0.0
PSE,2010,0.0
PSE,2011,33.0
PSE,2012,32.0
PSE,2013,36.0
PSE,2014,35.0
PSE,2015,34.0
PSE,2016,37.0
PSE,2017,36.0
PSE,2018,39.0
PSE,2019,37.0
PSE,2020,38.0
PSE,2021,37.0
PSE,2022,37.0
PSE,2023,38.0
PSE,2024,40.0
PSE,2025,39.0
QAT,1990,26.6
QAT,1995,29.6
QAT,2000,32.6
QAT,2005,35.5
QAT,2006,37.0
QAT,2007,0.0
QAT,2008,53.0
QAT,2009,0.0
QAT,2010,66.0
QAT,2011,66.0
QAT,2012,67.0
QAT,2013,71.0
QAT,2014,75.0
QAT,2015,74.0
QAT,2016,79.0
QAT,2017,76.0
QAT,2018,85.0
QAT,2019,92.0
QAT,2020,95.0
QAT,2021,97.0
QAT,2022,97.0
QAT,2023,100.0
QAT,2024,108.0
QAT,2025,112.0
ROU,1990,52.6
ROU,1995,58.4
ROU,2000,64.2
ROU,2005,70.1
ROU,2006,73.0
ROU,2007,0.0
ROU,2008,115.0
ROU,2009,0.0
ROU,2010,136.0
ROU,2011,144.0
ROU,2012,138.0
ROU,2013,141.0
ROU,2014,148.0
ROU,2015,148.0
ROU,2016,153.0
ROU,2017,153.0
ROU,2018,169.0
ROU,2019,171.0
ROU,2020,172.0
ROU,2021,174.0
ROU,2022,174.0
ROU,2023,175.0
ROU,2024,179.0
ROU,2025,177.0
RUS,1990,25.2
RUS,1995,28.0
RUS,2000,30.8
RUS,2005,33.6
RUS,2006,35.0
RUS,2007,0.0
RUS,2008,60.0
RUS,2009,0.0
RUS,2010,83.0
RUS,2011,89.0
RUS,2012,94.0
RUS,2013,95.0
RUS,2014,100.0
RUS,2015,102.0
RUS,2016,105.0
RUS,2017,106.0
RUS,2018,119.0
RUS,2019,117.0
RUS,2020,117.0
RUS,2021,118.0
RUS,2022,119.0
RUS,2023,118.0
RUS,2024,119.0
RUS,2025,114.0
RWA,1990,16.6
RWA,1995,18.4
RWA,2000,20.2
RWA,2005,22.1
RWA,2006,23.0
RWA,2007,0.0
RWA,2008,34.0
RWA,2009,0.0
RWA,2010,39.0
RWA,2011,39.0
RWA,2012,43.0
RWA,2013,44.0
RWA,2014,46.0
RWA,2015,47.0
RWA,2016,48.0
RWA,2017,51.0
RWA,2018,54.0
RWA,2019,57.0
RWA,2020,60.0
RWA,2021,61.0
RWA,2022,61.0
RWA,2023,61.0
RWA,2024,66.0
RWA,2025,63.0
SAU,1990,22.3
SAU,1995,24.8
SAU,2000,27.3
SAU,2005,29.8
SAU,2006,31.0
SAU,2007,0.0
SAU,2008,42.0
SAU,2009,0.0
SAU,2010,57.0
SAU,2011,58.0
SAU,2012,59.0
SAU,2013,64.0
SAU,2014,65.0
SAU,2015,66.0
SAU,2016,69.0
SAU,2017,68.0
SAU,2018,75.0
SAU,2019,74.0
SAU,2020,78.0
SAU,2021,79.0
SAU,2022,79.0
SAU,2023,82.0
SAU,2024,89.0
SAU,2025,91.0
SDN,1990,15.0
SDN,1995,15.0
SDN,2000,15.0
SDN,2005,16.3
SDN,2006,17.0
SDN,2007,0.0
SDN,2008,26.0
SDN,2009,0.0
SDN,2010,30.0
SDN,2011,32.0
SDN,2012,36.0
SDN,2013,38.0
SDN,2014,38.0
SDN,2015,35.0
SDN,2016,37.0
SDN,2017,36.0
SDN,2018,39.0
SDN,2019,37.0
SDN,2020,40.0
SDN,2021,41.0
SDN,2022,41.0
SDN,2023,42.0
SDN,2024,45.0
SDN,2025,41.0
SEN,1990,26.6
SEN,1995,29.6
SEN,2000,32.6
SEN,2005,35.5
SEN,2006,37.0
SEN,2007,0.0
SEN,2008,48.0
SEN,2009,0.0
SEN,2010,51.0
SEN,2011,52.0
SEN,2012,54.0
SEN,2013,55.0
SEN,2014,57.0
SEN,2015,53.0
SEN,2016,55.0
SEN,2017,53.0
SEN,2018,56.0
SEN,2019,55.0
SEN,2020,56.0
SEN,2021,56.0
SEN,2022,56.0
SEN,2023,57.0
SEN,2024,58.0
SEN,2025,59.0
SGP,1990,87.8
SGP,1995,97.6
SGP,2000,107.4
SGP,2005,117.1
SGP,2006,122.0
SGP,2007,0.0
SGP,2008,150.0
SGP,2009,0.0
SGP,2010,155.0
SGP,2011,164.0
SGP,2012,161.0
SGP,2013,167.0
SGP,2014,170.0
SGP,2015,169.0
SGP,2016,173.0
SGP,2017,173.0
SGP,2018,189.0
SGP,2019,190.0
SGP,2020,190.0
SGP,2021,192.0
SGP,2022,192.0
SGP,2023,192.0
SGP,2024,194.0
SGP,2025,193.0
SLB,1990,38.9
SLB,1995,43.2
SLB,2000,47.5
SLB,2005,51.8
SLB,2006,54.0
SLB,2007,0.0
SLB,2008,73.0
SLB,2009,0.0
SLB,2010,78.0
SLB,2011,79.0
SLB,2012,81.0
SLB,2013,84.0
SLB,2014,87.0
SLB,2015,85.0
SLB,2016,86.0
SLB,2017,116.0
SLB,2018,130.0
SLB,2019,130.0
SLB,2020,131.0
SLB,2021,131.0
SLB,2022,131.0
SLB,2023,132.0
SLB,2024,134.0
SLB,2025,134.0
SLE,1990,33.8
SLE,1995,37.6
SLE,2000,41.4
SLE,2005,45.1
SLE,2006,47.0
SLE,2007,0.0
SLE,2008,60.0
SLE,2009,0.0
SLE,2010,65.0
SLE,2011,64.0
SLE,2012,63.0
SLE,2013,63.0
SLE,2014,65.0
SLE,2015,49.0
SLE,2016,51.0
SLE,2017,55.0
SLE,2018,62.0
SLE,2019,63.0
SLE,2020,63.0
SLE,2021,63.0
SLE,2022,63.0
SLE,2023,64.0
SLE,2024,67.0
SLE,2025,65.0
SLV,1990,58.3
SLV,1995,64.8
SLV,2000,71.3
SLV,2005,77.8
SLV,2006,81.0
SLV,2007,0.0
SLV,2008,98.0
SLV,2009,0.0
SLV,2010,105.0
SLV,2011,113.0
SLV,2012,111.0
SLV,2013,113.0
SLV,2014,112.0
SLV,2015,112.0
SLV,2016,115.0
SLV,2017,120.0
SLV,2018,137.0
SLV,2019,134.0
SLV,2020,134.0
SLV,2021,133.0
SLV,2022,134.0
SLV,2023,132.0
SLV,2024,136.0
SLV,2025,135.0
SMR,1990,78.5
SMR,1995,87.2
SMR,2000,95.9
SMR,2005,104.6
SMR,2006,109.0
SMR,2007,0.0
SMR,2008,134.0
SMR,2009,0.0
SMR,2010,135.0
SMR,2011,148.0
SMR,2012,143.0
SMR,2013,149.0
SMR,2014,151.0
SMR,2015,153.0
SMR,2016,156.0
SMR,2017,155.0
SMR,2018,168.0
SMR,2019,167.0
SMR,2020,168.0
SMR,2021,169.0
SMR,2022,169.0
SMR,2023,169.0
SMR,2024,172.0
SMR,2025,170.0
SOM,1990,15.0
SOM,1995,15.0
SOM,2000,15.0
SOM,2005,15.0
SOM,2006,15.0
SOM,2007,0.0
SOM,2008,25.0
SOM,2009,0.0
SOM,2010,31.0
SOM,2011,28.0
SOM,2012,28.0
SOM,2013,32.0
SOM,2014,32.0
SOM,2015,30.0
SOM,2016,31.0
SOM,2017,30.0
SOM,2018,32.0
SOM,2019,31.0
SOM,2020,33.0
SOM,2021,34.0
SOM,2022,34.0
SOM,2023,35.0
SOM,2024,36.0
SOM,2025,32.0
SRB,1990,23.0
SRB,1995,25.6
SRB,2000,28.2
SRB,2005,30.7
SRB,2006,32.0
SRB,2007,0.0
SRB,2008,50.0
SRB,2009,0.0
SRB,2010,88.0
SRB,2011,100.0
SRB,2012,99.0
SRB,2013,104.0
SRB,2014,107.0
SRB,2015,110.0
SRB,2016,115.0
SRB,2017,115.0
SRB,2018,130.0
SRB,2019,131.0
SRB,2020,134.0
SRB,2021,135.0
SRB,2022,135.0
SRB,2023,136.0
SRB,2024,138.0
SRB,2025,138.0
SSD,1990,15.0
SSD,1995,15.0
SSD,2000,15.0
SSD,2005,15.0
SSD,2008,0.0
SSD,2009,0.0
SSD,2010,30.0
SSD,2011,32.0
SSD,2012,38.0
SSD,2013,39.0
SSD,2014,39.0
SSD,2015,35.0
SSD,2016,38.0
SSD,2017,37.0
SSD,2018,41.0
SSD,2019,42.0
SSD,2020,43.0
SSD,2021,44.0
SSD,2022,44.0
SSD,2023,44.0
SSD,2024,46.0
SSD,2025,43.0
STP,1990,15.8
STP,1995,17.6
STP,2000,19.4
STP,2005,21.1
STP,2006,22.0
STP,2007,0.0
STP,2008,37.0
STP,2009,0.0
STP,2010,44.0
STP,2011,45.0
STP,2012,48.0
STP,2013,50.0
STP,2014,54.0
STP,2015,50.0
STP,2016,54.0
STP,2017,55.0
STP,2018,58.0
STP,2019,60.0
STP,2020,61.0
STP,2021,60.0
STP,2022,60.0
STP,2023,60.0
STP,2024,61.0
STP,2025,61.0
SUR,1990,28.8
SUR,1995,32.0
SUR,2000,35.2
SUR,2005,38.4
SUR,2006,40.0
SUR,2007,0.0
SUR,2008,57.0
SUR,2009,0.0
SUR,2010,63.0
SUR,2011,66.0
SUR,2012,70.0
SUR,2013,72.0
SUR,2014,72.0
SUR,2015,70.0
SUR,2016,74.0
SUR,2017,74.0
SUR,2018,80.0
SUR,2019,78.0
SUR,2020,78.0
SUR,2021,77.0
SUR,2022,77.0
SUR,2023,76.0
SUR,2024,81.0
SUR,2025,78.0
SVK,1990,69.8
SVK,1995,77.6
SVK,2000,85.4
SVK,2005,93.1
SVK,2006,97.0
SVK,2007,0.0
SVK,2008,130.0
SVK,2009,0.0
SVK,2010,144.0
SVK,2011,157.0
SVK,2012,154.0
SVK,2013,155.0
SVK,2014,161.0
SVK,2015,161.0
SVK,2016,165.0
SVK,2017,165.0
SVK,2018,179.0
SVK,2019,181.0
SVK,2020,181.0
SVK,2021,182.0
SVK,2022,182.0
SVK,2023,183.0
SVK,2024,186.0
SVK,2025,183.0
SVN,1990,75.6
SVN,1995,84.0
SVN,2000,92.4
SVN,2005,100.8
SVN,2006,105.0
SVN,2007,0.0
SVN,2008,139.0
SVN,2009,0.0
SVN,2010,144.0
SVN,2011,156.0
SVN,2012,151.0
SVN,2013,155.0
SVN,2014,160.0
SVN,2015,160.0
SVN,2016,164.0
SVN,2017,165.0
SVN,2018,180.0
SVN,2019,180.0
SVN,2020,180.0
SVN,2021,181.0
SVN,2022,181.0
SVN,2023,182.0
SVN,2024,186.0
SVN,2025,183.0
SWE,1990,92.9
SWE,1995,103.2
SWE,2000,113.5
SWE,2005,123.8
SWE,2006,129.0
SWE,2007,0.0
SWE,2008,155.0
SWE,2009,0.0
SWE,2010,163.0
SWE,2011,173.0
SWE,2012,168.0
SWE,2013,173.0
SWE,2014,174.0
SWE,2015,172.0
SWE,2016,176.0
SWE,2017,175.0
SWE,2018,187.0
SWE,2019,186.0
SWE,2020,186.0
SWE,2021,187.0
SWE,2022,188.0
SWE,2023,188.0
SWE,2024,193.0
SWE,2025,188.0
SWZ,1990,33.1
SWZ,1995,36.8
SWZ,2000,40.5
SWZ,2005,44.2
SWZ,2006,46.0
SWZ,2007,0.0
SWZ,2008,59.0
SWZ,2009,0.0
SWZ,2010,64.0
SWZ,2011,63.0
SWZ,2012,66.0
SWZ,2013,66.0
SWZ,2014,70.0
SWZ,2015,67.0
SWZ,2016,67.0
SWZ,2017,66.0
SWZ,2018,71.0
SWZ,2019,73.0
SWZ,2020,74.0
SWZ,2021,74.0
SWZ,2022,74.0
SWZ,2023,75.0
SWZ,2024,78.0
SWZ,2025,74.0
SYC,1990,37.4
SYC,1995,41.6
SYC,2000,45.8
SYC,2005,49.9
SYC,2006,52.0
SYC,2007,0.0
SYC,2008,71.0
SYC,2009,0.0
SYC,2010,113.0
SYC,2011,124.0
SYC,2012,122.0
SYC,2013,126.0
SYC,2014,129.0
SYC,2015,129.0
SYC,2016,133.0
SYC,2017,137.0
SYC,2018,152.0
SYC,2019,151.0
SYC,2020,151.0
SYC,2021,152.0
SYC,2022,152.0
SYC,2023,153.0
SYC,2024,156.0
SYC,2025,156.0
SYR,1990,15.0
SYR,1995,15.0
SYR,2000,15.0
SYR,2005,15.4
SYR,2006,16.0
SYR,2007,0.0
SYR,2008,30.0
SYR,2009,0.0
SYR,2010,39.0
SYR,2011,37.0
SYR,2012,37.0
SYR,2013,39.0
SYR,2014,38.0
SYR,2015,33.0
SYR,2016,32.0
SYR,2017,29.0
SYR,2018,32.0
SYR,2019,29.0
SYR,2020,29.0
SYR,2021,29.0
SYR,2022,29.0
SYR,2023,30.0
SYR,2024,29.0
SYR,2025,27.0
TCD,1990,15.0
TCD,1995,15.0
TCD,2000,15.0
TCD,2005,15.0
TCD,2008,0.0
TCD,2009,0.0
TCD,2010,0.0
TCD,2011,41.0
TCD,2012,43.0
TCD,2013,46.0
TCD,2014,47.0
TCD,2015,47.0
TCD,2016,49.0
TCD,2017,51.0
TCD,2018,53.0
TCD,2019,53.0
TCD,2020,53.0
TCD,2021,53.0
TCD,2022,53.0
TCD,2023,53.0
TCD,2024,55.0
TCD,2025,52.0
TGO,1990,25.2
TGO,1995,28.0
TGO,2000,30.8
TGO,2005,33.6
TGO,2006,35.0
TGO,2007,0.0
TGO,2008,43.0
TGO,2009,0.0
TGO,2010,51.0
TGO,2011,51.0
TGO,2012,53.0
TGO,2013,53.0
TGO,2014,54.0
TGO,2015,51.0
TGO,2016,55.0
TGO,2017,53.0
TGO,2018,54.0
TGO,2019,55.0
TGO,2020,55.0
TGO,2021,54.0
TGO,2022,54.0
TGO,2023,55.0
TGO,2024,59.0
TGO,2025,60.0
THA,1990,20.9
THA,1995,23.2
THA,2000,25.5
THA,2005,27.8
THA,2006,29.0
THA,2007,0.0
THA,2008,52.0
THA,2009,0.0
THA,2010,60.0
THA,2011,63.0
THA,2012,64.0
THA,2013,68.0
THA,2014,69.0
THA,2015,68.0
THA,2016,71.0
THA,2017,71.0
THA,2018,77.0
THA,2019,77.0
THA,2020,79.0
THA,2021,79.0
THA,2022,79.0
THA,2023,78.0
THA,2024,82.0
THA,2025,81.0
TJK,1990,19.4
TJK,1995,21.6
TJK,2000,23.8
TJK,2005,25.9
TJK,2006,27.0
TJK,2007,0.0
TJK,2008,44.0
TJK,2009,0.0
TJK,2010,50.0
TJK,2011,50.0
TJK,2012,50.0
TJK,2013,50.0
TJK,2014,53.0
TJK,2015,51.0
TJK,2016,53.0
TJK,2017,53.0
TJK,2018,58.0
TJK,2019,57.0
TJK,2020,58.0
TJK,2021,58.0
TJK,2022,59.0
TJK,2023,60.0
TJK,2024,61.0
TJK,2025,56.0
TKM,1990,15.0
TKM,1995,15.2
TKM,2000,16.7
TKM,2005,18.2
TKM,2006,19.0
TKM,2007,0.0
TKM,2008,38.0
TKM,2009,0.0
TKM,2010,41.0
TKM,2011,46.0
TKM,2012,46.0
TKM,2013,46.0
TKM,2014,49.0
TKM,2015,47.0
TKM,2016,49.0
TKM,2017,49.0
TKM,2018,53.0
TKM,2019,51.0
TKM,2020,53.0
TKM,2021,52.0
TKM,2022,52.0
TKM,2023,53.0
TKM,2024,52.0
TKM,2025,49.0
TLS,1990,15.0
TLS,1995,15.0
TLS,2000,15.0
TLS,2005,15.0
TLS,2008,0.0
TLS,2009,0.0
TLS,2010,0.0
TLS,2011,0.0
TLS,2012,0.0
TLS,2013,0.0
TLS,2014,0.0
TLS,2015,0.0
TLS,2016,0.0
TLS,2017,0.0
TLS,2018,98.0
TLS,2019,95.0
TLS,2020,95.0
TLS,2021,93.0
TLS,2022,93.0
TLS,2023,94.0
TLS,2024,96.0
TLS,2025,95.0
TON,1990,33.1
TON,1995,36.8
TON,2000,40.5
TON,2005,44.2
TON,2006,46.0
TON,2007,0.0
TON,2008,64.0
TON,2009,0.0
TON,2010,72.0
TON,2011,73.0
TON,2012,75.0
TON,2013,80.0
TON,2014,83.0
TON,2015,80.0
TON,2016,110.0
TON,2017,111.0
TON,2018,124.0
TON,2019,125.0
TON,2020,125.0
TON,2021,129.0
TON,2022,129.0
TON,2023,130.0
TON,2024,130.0
TON,2025,129.0
TTO,1990,47.5
TTO,1995,52.8
TTO,2000,58.1
TTO,2005,63.4
TTO,2006,66.0
TTO,2007,0.0
TTO,2008,83.0
TTO,2009,0.0
TTO,2010,92.0
TTO,2011,95.0
TTO,2012,98.0
TTO,2013,100.0
TTO,2014,103.0
TTO,2015,126.0
TTO,2016,130.0
TTO,2017,132.0
TTO,2018,147.0
TTO,2019,148.0
TTO,2020,150.0
TTO,2021,150.0
TTO,2022,150.0
TTO,2023,151.0
TTO,2024,151.0
TTO,2025,147.0
TUN,1990,27.4
TUN,1995,30.4
TUN,2000,33.4
TUN,2005,36.5
TUN,2006,38.0
TUN,2007,0.0
TUN,2008,55.0
TUN,2009,0.0
TUN,2010,62.0
TUN,2011,63.0
TUN,2012,62.0
TUN,2013,63.0
TUN,2014,64.0
TUN,2015,63.0
TUN,2016,65.0
TUN,2017,63.0
TUN,2018,66.0
TUN,2019,68.0
TUN,2020,71.0
TUN,2021,71.0
TUN,2022,71.0
TUN,2023,70.0
TUN,2024,71.0
TUN,2025,67.0
TUR,1990,37.4
TUR,1995,41.6
TUR,2000,45.8
TUR,2005,49.9
TUR,2006,52.0
TUR,2007,0.0
TUR,2008,75.0
TUR,2009,0.0
TUR,2010,89.0
TUR,2011,91.0
TUR,2012,95.0
TUR,2013,94.0
TUR,2014,100.0
TUR,2015,102.0
TUR,2016,102.0
TUR,2017,105.0
TUR,2018,111.0
TUR,2019,112.0
TUR,2020,111.0
TUR,2021,110.0
TUR,2022,110.0
TUR,2023,110.0
TUR,2024,118.0
TUR,2025,114.0
TUV,1990,36.0
TUV,1995,40.0
TUV,2000,44.0
TUV,2005,48.0
TUV,2006,50.0
TUV,2007,0.0
TUV,2008,70.0
TUV,2009,0.0
TUV,2010,75.0
TUV,2011,76.0
TUV,2012,77.0
TUV,2013,81.0
TUV,2014,85.0
TUV,2015,83.0
TUV,2016,82.0
TUV,2017,110.0
TUV,2018,127.0
TUV,2019,127.0
TUV,2020,127.0
TUV,2021,127.0
TUV,2022,127.0
TUV,2023,128.0
TUV,2024,128.0
TUV,2025,127.0
TWN,1990,30.2
TWN,1995,33.6
TWN,2000,37.0
TWN,2005,40.3
TWN,2006,42.0
TWN,2007,0.0
TWN,2008,59.0
TWN,2009,0.0
TWN,2010,60.0
TWN,2011,111.0
TWN,2012,120.0
TWN,2013,130.0
TWN,2014,132.0
TWN,2015,129.0
TWN,2016,137.0
TWN,2017,134.0
TWN,2018,148.0
TWN,2019,145.0
TWN,2020,146.0
TWN,2021,145.0
TWN,2022,145.0
TWN,2023,145.0
TWN,2024,143.0
TWN,2025,138.0
TZA,1990,29.5
TZA,1995,32.8
TZA,2000,36.1
TZA,2005,39.4
TZA,2006,41.0
TZA,2007,0.0
TZA,2008,54.0
TZA,2009,0.0
TZA,2010,61.0
TZA,2011,62.0
TZA,2012,66.0
TZA,2013,65.0
TZA,2014,66.0
TZA,2015,65.0
TZA,2016,65.0
TZA,2017,65.0
TZA,2018,68.0
TZA,2019,68.0
TZA,2020,71.0
TZA,2021,72.0
TZA,2022,72.0
TZA,2023,72.0
TZA,2024,73.0
TZA,2025,70.0
UGA,1990,28.1
UGA,1995,31.2
UGA,2000,34.3
UGA,2005,37.4
UGA,2006,39.0
UGA,2007,0.0
UGA,2008,53.0
UGA,2009,0.0
UGA,2010,59.0
UGA,2011,59.0
UGA,2012,62.0
UGA,2013,63.0
UGA,2014,64.0
UGA,2015,61.0
UGA,2016,60.0
UGA,2017,61.0
UGA,2018,64.0
UGA,2019,66.0
UGA,2020,67.0
UGA,2021,67.0
UGA,2022,67.0
UGA,2023,67.0
UGA,2024,69.0
UGA,2025,67.0
UKR,1990,23.0
UKR,1995,25.6
UKR,2000,28.2
UKR,2005,30.7
UKR,2006,32.0
UKR,2007,0.0
UKR,2008,50.0
UKR,2009,0.0
UKR,2010,64.0
UKR,2011,69.0
UKR,2012,76.0
UKR,2013,77.0
UKR,2014,79.0
UKR,2015,79.0
UKR,2016,81.0
UKR,2017,82.0
UKR,2018,128.0
UKR,2019,126.0
UKR,2020,129.0
UKR,2021,136.0
UKR,2022,141.0
UKR,2023,144.0
UKR,2024,148.0
UKR,2025,147.0
URY,1990,71.3
URY,1995,79.2
URY,2000,87.1
URY,2005,95.0
URY,2006,99.0
URY,2007,0.0
URY,2008,118.0
URY,2009,0.0
URY,2010,118.0
URY,2011,127.0
URY,2012,125.0
URY,2013,132.0
URY,2014,133.0
URY,2015,134.0
URY,2016,137.0
URY,2017,138.0
URY,2018,154.0
URY,2019,153.0
URY,2020,153.0
URY,2021,153.0
URY,2022,153.0
URY,2023,153.0
URY,2024,156.0
URY,2025,157.0
USA,1990,93.6
USA,1995,104.0
USA,2000,114.4
USA,2005,124.8
USA,2006,130.0
USA,2007,0.0
USA,2008,155.0
USA,2009,0.0
USA,2010,159.0
USA,2011,169.0
USA,2012,166.0
USA,2013,172.0
USA,2014,174.0
USA,2015,172.0
USA,2016,174.0
USA,2017,172.0
USA,2018,186.0
USA,2019,184.0
USA,2020,185.0
USA,2021,185.0
USA,2022,186.0
USA,2023,186.0
USA,2024,188.0
USA,2025,182.0
UZB,1990,17.3
UZB,1995,19.2
UZB,2000,21.1
UZB,2005,23.0
UZB,2006,24.0
UZB,2007,0.0
UZB,2008,41.0
UZB,2009,0.0
UZB,2010,47.0
UZB,2011,49.0
UZB,2012,51.0
UZB,2013,52.0
UZB,2014,54.0
UZB,2015,52.0
UZB,2016,52.0
UZB,2017,53.0
UZB,2018,59.0
UZB,2019,56.0
UZB,2020,57.0
UZB,2021,56.0
UZB,2022,57.0
UZB,2023,59.0
UZB,2024,62.0
UZB,2025,62.0
VAT,1990,15.0
VAT,1995,15.0
VAT,2000,15.0
VAT,2005,15.0
VAT,2008,0.0
VAT,2009,0.0
VAT,2010,112.0
VAT,2011,125.0
VAT,2012,124.0
VAT,2013,130.0
VAT,2014,131.0
VAT,2015,128.0
VAT,2016,134.0
VAT,2017,134.0
VAT,2018,148.0
VAT,2019,148.0
VAT,2020,154.0
VAT,2021,153.0
VAT,2022,153.0
VAT,2023,154.0
VAT,2024,157.0
VAT,2025,154.0
VCT,1990,46.1
VCT,1995,51.2
VCT,2000,56.3
VCT,2005,61.4
VCT,2006,64.0
VCT,2007,0.0
VCT,2008,86.0
VCT,2009,0.0
VCT,2010,88.0
VCT,2011,91.0
VCT,2012,92.0
VCT,2013,92.0
VCT,2014,94.0
VCT,2015,119.0
VCT,2016,125.0
VCT,2017,127.0
VCT,2018,145.0
VCT,2019,145.0
VCT,2020,148.0
VCT,2021,151.0
VCT,2022,151.0
VCT,2023,152.0
VCT,2024,157.0
VCT,2025,156.0
VEN,1990,66.2
VEN,1995,73.6
VEN,2000,81.0
VEN,2005,88.3
VEN,2006,92.0
VEN,2007,0.0
VEN,2008,111.0
VEN,2009,0.0
VEN,2010,115.0
VEN,2011,124.0
VEN,2012,123.0
VEN,2013,128.0
VEN,2014,131.0
VEN,2015,129.0
VEN,2016,132.0
VEN,2017,129.0
VEN,2018,138.0
VEN,2019,132.0
VEN,2020,129.0
VEN,2021,129.0
VEN,2022,129.0
VEN,2023,129.0
VEN,2024,126.0
VEN,2025,119.0
VNM,1990,15.0
VNM,1995,15.0
VNM,2000,15.8
VNM,2005,17.3
VNM,2006,18.0
VNM,2007,0.0
VNM,2008,33.0
VNM,2009,0.0
VNM,2010,43.0
VNM,2011,42.0
VNM,2012,44.0
VNM,2013,45.0
VNM,2014,47.0
VNM,2015,45.0
VNM,2016,47.0
VNM,2017,45.0
VNM,2018,51.0
VNM,2019,51.0
VNM,2020,54.0
VNM,2021,53.0
VNM,2022,54.0
VNM,2023,55.0
VNM,2024,55.0
VNM,2025,50.0
VUT,1990,33.8
VUT,1995,37.6
VUT,2000,41.4
VUT,2005,45.1
VUT,2006,47.0
VUT,2007,0.0
VUT,2008,68.0
VUT,2009,0.0
VUT,2010,74.0
VUT,2011,75.0
VUT,2012,77.0
VUT,2013,79.0
VUT,2014,82.0
VUT,2015,106.0
VUT,2016,110.0
VUT,2017,113.0
VUT,2018,129.0
VUT,2019,130.0
VUT,2020,130.0
VUT,2021,135.0
VUT,2022,135.0
VUT,2023,98.0
VUT,2024,94.0
VUT,2025,90.0
WSM,1990,35.3
WSM,1995,39.2
WSM,2000,43.1
WSM,2005,47.0
WSM,2006,49.0
WSM,2007,0.0
WSM,2008,69.0
WSM,2009,0.0
WSM,2010,77.0
WSM,2011,78.0
WSM,2012,79.0
WSM,2013,81.0
WSM,2014,85.0
WSM,2015,109.0
WSM,2016,112.0
WSM,2017,114.0
WSM,2018,129.0
WSM,2019,131.0
WSM,2020,131.0
WSM,2021,131.0
WSM,2022,131.0
WSM,2023,132.0
WSM,2024,132.0
WSM,2025,129.0
XKX,1990,26.6
XKX,1995,29.6
XKX,2000,32.6
XKX,2005,35.5
XKX,2010,37.0
XKX,2011,37.0
XKX,2012,37.0
XKX,2013,38.0
XKX,2014,40.0
XKX,2015,36.0
XKX,2016,38.0
XKX,2017,37.0
XKX,2018,44.0
XKX,2019,41.0
XKX,2020,40.0
XKX,2021,40.0
XKX,2022,40.0
XKX,2023,41.0
XKX,2024,74.0
XKX,2025,82.0
YEM,1990,15.0
YEM,1995,15.0
YEM,2000,15.8
YEM,2005,17.3
YEM,2006,18.0
YEM,2007,0.0
YEM,2008,30.0
YEM,2009,0.0
YEM,2010,38.0
YEM,2011,39.0
YEM,2012,41.0
YEM,2013,43.0
YEM,2014,43.0
YEM,2015,39.0
YEM,2016,38.0
YEM,2017,35.0
YEM,2018,37.0
YEM,2019,33.0
YEM,2020,33.0
YEM,2021,33.0
YEM,2022,33.0
YEM,2023,34.0
YEM,2024,35.0
YEM,2025,32.0
ZAF,1990,46.8
ZAF,1995,52.0
ZAF,2000,57.2
ZAF,2005,62.4
ZAF,2006,65.0
ZAF,2007,0.0
ZAF,2008,88.0
ZAF,2009,0.0
ZAF,2010,88.0
ZAF,2011,92.0
ZAF,2012,93.0
ZAF,2013,94.0
ZAF,2014,97.0
ZAF,2015,95.0
ZAF,2016,97.0
ZAF,2017,98.0
ZAF,2018,102.0
ZAF,2019,100.0
ZAF,2020,101.0
ZAF,2021,103.0
ZAF,2022,104.0
ZAF,2023,106.0
ZAF,2024,108.0
ZAF,2025,103.0
ZMB,1990,32.4
ZMB,1995,36.0
ZMB,2000,39.6
ZMB,2005,43.2
ZMB,2006,45.0
ZMB,2007,0.0
ZMB,2008,57.0
ZMB,2009,0.0
ZMB,2010,64.0
ZMB,2011,63.0
ZMB,2012,66.0
ZMB,2013,66.0
ZMB,2014,67.0
ZMB,2015,65.0
ZMB,2016,63.0
ZMB,2017,63.0
ZMB,2018,68.0
ZMB,2019,70.0
ZMB,2020,71.0
ZMB,2021,71.0
ZMB,2022,71.0
ZMB,2023,71.0
ZMB,2024,71.0
ZMB,2025,67.0
ZWE,1990,29.5
ZWE,1995,32.8
ZWE,2000,36.1
ZWE,2005,39.4
ZWE,2006,41.0
ZWE,2007,0.0
ZWE,2008,52.0
ZWE,2009,0.0
ZWE,2010,59.0
ZWE,2011,56.0
ZWE,2012,58.0
ZWE,2013,60.0
ZWE,2014,61.0
ZWE,2015,58.0
ZWE,2016,59.0
ZWE,2017,59.0
ZWE,2018,64.0
ZWE,2019,64.0
ZWE,2020,65.0
ZWE,2021,65.0
ZWE,2022,65.0
ZWE,2023,66.0
ZWE,2024,66.0
ZWE,2025,63.0
